order_id,customer_id,store_id,order_date,channel,order_status
1,380,2,2026-09-11,marketplace,completed
2,256,3,2026-02-17,mobile_app,completed
3,177,2,2026-08-27,marketplace,cancelled
4,179,2,2026-09-13,web,completed
5,378,3,2026-03-11,marketplace,cancelled
6,491,7,2026-08-26,marketplace,completed
7,76,6,2026-08-02,web,completed
8,532,2,2026-08-23,mobile_app,completed
9,547,3,2026-02-21,marketplace,completed
10,32,5,2026-08-16,marketplace,refunded
11,451,4,2026-06-07,mobile_app,completed
12,274,2,2026-05-01,web,completed
13,195,8,2026-08-09,mobile_app,completed
14,362,8,2026-07-25,marketplace,completed
15,47,4,2026-01-22,mobile_app,completed
16,348,3,2026-06-18,web,refunded
17,144,6,2026-04-16,web,refunded
18,340,5,2026-01-11,marketplace,refunded
19,593,1,2026-05-15,marketplace,completed
20,452,7,2026-08-28,marketplace,completed
21,64,4,2026-08-29,marketplace,completed
22,363,4,2026-07-22,web,completed
23,492,5,2026-05-21,mobile_app,completed
24,354,5,2026-07-25,marketplace,completed
25,263,5,2026-07-23,marketplace,completed
26,239,6,2026-03-16,marketplace,completed
27,295,1,2026-05-19,web,completed
28,10,2,2026-02-04,mobile_app,completed
29,116,8,2026-08-21,marketplace,completed
30,416,2,2026-06-11,mobile_app,completed
31,332,5,2026-09-12,mobile_app,completed
32,587,6,2025-09-10,marketplace,completed
33,515,5,2026-08-16,mobile_app,cancelled
34,224,2,2026-07-27,marketplace,cancelled
35,169,8,2026-07-05,web,refunded
36,136,1,2026-08-25,marketplace,completed
37,66,2,2025-05-30,mobile_app,refunded
38,139,7,2026-08-14,mobile_app,completed
39,131,1,2026-07-17,web,refunded
40,159,2,2025-09-29,web,completed
41,50,7,2026-07-06,mobile_app,cancelled
42,240,6,2026-09-10,marketplace,refunded
43,438,6,2026-04-18,marketplace,completed
44,231,3,2026-05-01,mobile_app,refunded
45,543,5,2026-08-22,web,completed
46,275,1,2026-01-27,web,cancelled
47,16,2,2026-05-10,marketplace,refunded
48,316,8,2026-08-09,mobile_app,completed
49,380,4,2026-09-08,marketplace,completed
50,428,6,2026-02-02,web,completed
51,173,8,2026-05-11,web,completed
52,224,1,2026-08-29,marketplace,completed
53,515,3,2026-09-01,web,cancelled
54,197,6,2026-09-03,mobile_app,completed
55,33,7,2026-05-15,marketplace,completed
56,44,8,2026-07-10,mobile_app,completed
57,557,3,2026-09-08,mobile_app,completed
58,408,4,2026-06-06,marketplace,completed
59,448,6,2026-03-29,marketplace,refunded
60,390,5,2025-07-03,web,cancelled
61,390,3,2026-05-20,marketplace,cancelled
62,192,7,2026-03-12,web,completed
63,96,6,2026-05-09,mobile_app,completed
64,87,4,2026-06-16,marketplace,refunded
65,79,4,2026-07-17,marketplace,completed
66,343,3,2026-08-06,mobile_app,cancelled
67,503,6,2026-08-14,mobile_app,cancelled
68,564,8,2026-05-27,marketplace,refunded
69,512,4,2026-05-06,mobile_app,completed
70,597,7,2026-08-18,marketplace,completed
71,550,2,2026-08-28,web,completed
72,410,7,2026-03-06,web,refunded
73,523,4,2026-09-14,mobile_app,completed
74,426,3,2026-07-20,mobile_app,completed
75,464,1,2025-10-29,marketplace,completed
76,112,4,2026-07-19,marketplace,cancelled
77,238,3,2026-07-16,web,completed
78,65,3,2026-07-03,mobile_app,completed
79,398,2,2026-06-05,mobile_app,completed
80,121,3,2026-03-27,mobile_app,completed
81,393,3,2026-09-04,marketplace,completed
82,462,6,2026-07-03,web,completed
83,455,1,2026-06-04,web,completed
84,508,2,2026-08-31,mobile_app,completed
85,270,2,2026-05-05,mobile_app,refunded
86,360,7,2026-09-15,web,cancelled
87,527,3,2026-07-02,mobile_app,cancelled
88,136,6,2026-07-22,web,completed
89,285,6,2026-09-07,mobile_app,refunded
90,224,8,2026-08-19,mobile_app,cancelled
91,352,8,2025-12-16,web,completed
92,1,3,2026-02-26,marketplace,completed
93,170,5,2026-01-04,marketplace,completed
94,489,4,2025-09-11,marketplace,completed
95,105,5,2026-01-18,web,completed
96,219,8,2026-09-13,web,refunded
97,127,6,2026-07-14,mobile_app,cancelled
98,292,5,2026-01-13,web,refunded
99,13,3,2026-05-08,mobile_app,refunded
100,408,7,2026-07-31,mobile_app,completed
101,335,2,2025-12-30,mobile_app,completed
102,180,3,2026-04-03,marketplace,completed
103,536,5,2026-04-09,web,cancelled
104,270,8,2026-08-30,mobile_app,completed
105,3,1,2025-09-10,web,refunded
106,154,1,2026-07-02,marketplace,refunded
107,515,1,2026-07-14,mobile_app,completed
108,319,8,2026-03-21,web,completed
109,506,4,2026-08-27,web,cancelled
110,555,1,2025-12-29,mobile_app,completed
111,315,4,2026-03-29,mobile_app,completed
112,87,3,2026-04-03,marketplace,completed
113,335,4,2025-11-22,web,completed
114,478,6,2026-06-12,web,completed
115,221,4,2026-01-15,mobile_app,completed
116,256,3,2026-02-07,web,completed
117,203,2,2026-08-15,marketplace,completed
118,588,7,2025-12-26,mobile_app,cancelled
119,177,3,2026-04-09,mobile_app,completed
120,511,8,2026-07-24,web,refunded
121,430,4,2026-07-01,marketplace,completed
122,225,5,2026-08-28,web,refunded
123,225,7,2026-09-15,mobile_app,refunded
124,368,6,2025-05-23,marketplace,cancelled
125,490,4,2025-12-23,web,completed
126,114,6,2026-08-07,web,completed
127,499,6,2026-09-05,web,completed
128,326,4,2026-09-07,marketplace,cancelled
129,344,4,2026-01-13,web,completed
130,111,8,2026-08-10,marketplace,completed
131,231,1,2026-02-20,mobile_app,completed
132,76,7,2026-07-19,web,completed
133,495,3,2026-07-21,marketplace,completed
134,272,4,2026-08-21,web,completed
135,503,1,2026-06-21,mobile_app,completed
136,492,4,2026-03-06,web,completed
137,272,7,2025-11-02,web,completed
138,232,1,2026-08-19,web,completed
139,555,4,2026-02-01,marketplace,refunded
140,549,8,2026-07-19,marketplace,refunded
141,515,3,2026-09-19,web,refunded
142,152,2,2026-05-04,web,completed
143,430,3,2026-06-08,marketplace,completed
144,283,7,2026-08-01,web,completed
145,504,4,2026-08-26,web,cancelled
146,453,7,2025-12-24,marketplace,refunded
147,537,4,2026-08-29,web,completed
148,52,4,2026-09-18,mobile_app,completed
149,501,8,2026-06-15,marketplace,completed
150,227,4,2026-09-08,mobile_app,completed
151,313,7,2026-06-20,mobile_app,completed
152,384,5,2026-05-09,mobile_app,completed
153,284,5,2026-05-01,mobile_app,completed
154,144,5,2025-11-13,mobile_app,completed
155,488,3,2026-08-07,marketplace,completed
156,92,5,2026-01-31,mobile_app,completed
157,598,2,2026-03-18,mobile_app,refunded
158,424,3,2026-03-17,web,refunded
159,185,6,2026-09-01,marketplace,completed
160,173,8,2026-09-03,web,cancelled
161,5,6,2025-05-20,web,completed
162,353,7,2026-04-02,marketplace,completed
163,351,4,2026-09-19,web,completed
164,39,5,2026-05-22,marketplace,refunded
165,10,2,2026-02-07,marketplace,completed
166,205,4,2026-01-31,mobile_app,cancelled
167,92,8,2025-12-05,web,refunded
168,104,8,2026-01-01,mobile_app,completed
169,321,2,2026-09-19,web,cancelled
170,175,8,2026-05-05,marketplace,completed
171,395,7,2026-08-06,marketplace,refunded
172,164,8,2025-10-27,marketplace,completed
173,452,6,2026-07-24,web,completed
174,153,1,2026-09-04,web,refunded
175,504,5,2026-02-15,web,completed
176,324,1,2025-11-28,web,refunded
177,212,6,2026-05-13,mobile_app,cancelled
178,574,6,2026-08-22,marketplace,cancelled
179,109,8,2026-05-14,web,refunded
180,347,1,2026-02-18,marketplace,cancelled
181,521,3,2026-01-26,marketplace,cancelled
182,517,4,2026-05-18,mobile_app,completed
183,561,4,2026-07-04,web,cancelled
184,183,6,2026-09-09,marketplace,completed
185,597,5,2026-08-22,mobile_app,cancelled
186,391,1,2025-10-24,web,completed
187,555,8,2025-07-21,web,completed
188,14,8,2026-09-15,web,completed
189,178,7,2026-07-16,web,completed
190,41,1,2026-07-31,marketplace,refunded
191,426,2,2026-09-17,mobile_app,completed
192,544,1,2026-08-26,web,refunded
193,263,1,2026-08-08,marketplace,cancelled
194,527,3,2025-08-31,marketplace,refunded
195,158,6,2025-09-09,web,completed
196,258,4,2026-07-30,mobile_app,completed
197,65,2,2026-07-07,mobile_app,completed
198,140,5,2026-07-31,marketplace,completed
199,127,7,2026-02-24,marketplace,completed
200,118,1,2026-09-06,marketplace,cancelled
201,132,2,2026-03-03,web,completed
202,580,7,2026-08-15,web,cancelled
203,227,7,2026-09-12,mobile_app,cancelled
204,565,2,2026-06-19,mobile_app,completed
205,78,1,2026-05-16,marketplace,refunded
206,298,2,2026-08-04,mobile_app,completed
207,457,3,2026-07-30,marketplace,completed
208,531,8,2026-04-19,web,completed
209,534,5,2026-04-23,marketplace,cancelled
210,7,4,2025-09-15,web,completed
211,117,8,2026-05-11,web,cancelled
212,58,3,2025-09-19,marketplace,completed
213,421,3,2026-05-30,marketplace,cancelled
214,430,3,2026-06-18,mobile_app,completed
215,442,1,2026-02-17,marketplace,completed
216,489,2,2026-08-30,mobile_app,completed
217,211,2,2026-05-15,web,completed
218,566,3,2026-06-26,mobile_app,completed
219,103,6,2025-10-25,marketplace,completed
220,39,7,2026-08-19,marketplace,completed
221,529,1,2026-05-29,mobile_app,completed
222,405,1,2026-09-13,marketplace,completed
223,573,5,2026-08-25,web,completed
224,526,5,2026-04-21,marketplace,refunded
225,70,4,2026-06-14,marketplace,completed
226,270,7,2026-03-15,marketplace,completed
227,188,4,2026-09-14,mobile_app,refunded
228,256,2,2026-06-21,web,completed
229,555,6,2025-07-26,marketplace,refunded
230,591,7,2026-07-11,mobile_app,completed
231,216,6,2026-04-27,mobile_app,completed
232,382,5,2025-11-08,mobile_app,refunded
233,242,4,2026-07-05,web,refunded
234,530,8,2026-08-28,mobile_app,cancelled
235,99,5,2026-05-28,mobile_app,cancelled
236,204,5,2026-09-09,mobile_app,refunded
237,149,6,2026-06-27,mobile_app,completed
238,278,6,2026-06-03,marketplace,cancelled
239,216,2,2025-09-21,web,completed
240,400,5,2026-04-11,mobile_app,completed
241,366,8,2026-07-23,mobile_app,refunded
242,547,8,2026-06-12,marketplace,refunded
243,160,3,2025-10-11,mobile_app,completed
244,441,4,2026-06-28,web,completed
245,433,5,2026-09-20,mobile_app,completed
246,504,3,2025-12-09,web,completed
247,223,8,2026-05-15,mobile_app,completed
248,257,2,2026-05-15,marketplace,cancelled
249,472,4,2026-07-06,mobile_app,completed
250,204,4,2026-09-15,web,refunded
251,123,1,2025-11-27,web,cancelled
252,158,2,2026-08-22,web,completed
253,257,8,2025-11-21,marketplace,completed
254,480,3,2026-08-22,web,refunded
255,373,2,2026-08-14,marketplace,completed
256,69,3,2026-02-18,web,refunded
257,197,7,2026-05-17,marketplace,completed
258,82,1,2026-07-08,mobile_app,cancelled
259,237,4,2026-06-01,marketplace,completed
260,367,7,2026-08-14,web,completed
261,162,8,2026-04-12,mobile_app,refunded
262,247,7,2026-08-25,marketplace,completed
263,17,5,2026-02-02,web,completed
264,524,8,2025-09-06,mobile_app,completed
265,263,7,2026-06-07,marketplace,completed
266,591,5,2026-07-07,web,completed
267,392,1,2026-06-27,mobile_app,completed
268,228,7,2026-07-17,web,completed
269,562,7,2025-12-20,marketplace,completed
270,537,5,2026-03-17,mobile_app,completed
271,25,6,2026-08-09,marketplace,completed
272,56,3,2026-05-14,mobile_app,refunded
273,114,1,2025-11-03,mobile_app,completed
274,265,3,2026-02-14,marketplace,completed
275,540,1,2025-05-22,mobile_app,completed
276,398,6,2026-07-01,web,completed
277,237,2,2026-03-15,mobile_app,completed
278,313,3,2026-07-05,web,completed
279,31,4,2026-07-02,web,refunded
280,233,3,2026-06-26,mobile_app,completed
281,208,3,2026-02-03,mobile_app,completed
282,122,3,2026-03-11,marketplace,completed
283,311,5,2026-06-25,web,cancelled
284,274,4,2026-07-20,marketplace,completed
285,489,8,2025-10-10,marketplace,completed
286,419,5,2026-08-29,mobile_app,refunded
287,502,4,2026-07-05,mobile_app,refunded
288,40,8,2026-09-08,web,completed
289,397,1,2026-04-14,web,cancelled
290,56,3,2026-09-05,mobile_app,completed
291,26,4,2026-07-29,mobile_app,completed
292,168,2,2026-09-04,web,cancelled
293,45,3,2026-06-24,web,refunded
294,457,2,2026-08-15,web,completed
295,511,8,2026-08-27,web,cancelled
296,7,5,2026-01-01,marketplace,refunded
297,340,7,2025-12-30,web,completed
298,37,6,2026-06-06,mobile_app,cancelled
299,540,4,2025-11-27,marketplace,completed
300,542,5,2026-06-20,mobile_app,completed
301,239,4,2026-08-31,web,completed
302,121,7,2026-03-11,mobile_app,cancelled
303,218,5,2025-11-14,mobile_app,completed
304,564,2,2026-07-04,marketplace,cancelled
305,491,3,2026-08-13,mobile_app,cancelled
306,58,6,2026-09-17,marketplace,completed
307,399,5,2025-12-07,marketplace,completed
308,310,3,2025-11-23,web,completed
309,158,8,2025-12-03,marketplace,completed
310,5,2,2025-10-07,mobile_app,refunded
311,294,8,2026-05-19,marketplace,completed
312,281,2,2025-09-27,web,completed
313,554,1,2026-09-01,mobile_app,completed
314,89,8,2026-06-10,marketplace,completed
315,477,8,2026-08-31,web,completed
316,339,6,2026-09-07,mobile_app,refunded
317,589,7,2026-03-08,marketplace,completed
318,73,8,2026-09-14,mobile_app,completed
319,446,4,2026-04-04,web,cancelled
320,475,8,2026-05-21,web,completed
321,507,2,2026-06-24,web,completed
322,299,8,2026-07-30,web,completed
323,446,6,2026-06-20,web,refunded
324,289,7,2026-07-16,marketplace,completed
325,193,6,2026-06-22,mobile_app,completed
326,17,8,2025-07-25,marketplace,cancelled
327,522,8,2026-06-28,mobile_app,completed
328,514,6,2025-12-17,web,completed
329,116,2,2026-09-06,web,completed
330,553,1,2026-09-10,mobile_app,completed
331,578,8,2026-05-29,marketplace,completed
332,497,2,2025-09-07,mobile_app,completed
333,155,3,2026-06-24,mobile_app,completed
334,87,3,2025-08-23,mobile_app,completed
335,119,7,2025-11-01,mobile_app,completed
336,149,1,2026-08-12,mobile_app,refunded
337,280,2,2026-04-27,mobile_app,completed
338,70,2,2025-12-07,marketplace,completed
339,223,2,2026-07-20,web,completed
340,332,2,2025-09-29,mobile_app,completed
341,62,5,2026-04-05,web,refunded
342,109,2,2026-08-24,web,cancelled
343,257,8,2026-06-17,web,completed
344,273,7,2025-10-10,marketplace,cancelled
345,503,2,2026-08-02,marketplace,completed
346,581,6,2026-01-29,mobile_app,refunded
347,297,1,2026-07-29,mobile_app,completed
348,499,8,2026-08-21,marketplace,refunded
349,245,5,2026-09-05,mobile_app,completed
350,536,3,2026-03-10,marketplace,refunded
351,177,5,2026-06-19,web,completed
352,346,3,2026-05-21,mobile_app,completed
353,145,6,2026-05-24,marketplace,completed
354,386,8,2025-09-08,web,completed
355,291,8,2026-09-18,marketplace,cancelled
356,422,1,2026-01-01,marketplace,refunded
357,429,4,2025-12-28,web,completed
358,153,8,2026-09-20,mobile_app,refunded
359,215,8,2026-07-14,web,completed
360,162,2,2026-08-19,web,completed
361,334,6,2025-09-29,web,cancelled
362,205,2,2026-03-30,mobile_app,refunded
363,368,3,2026-01-26,web,completed
364,175,4,2026-09-09,web,refunded
365,336,3,2025-12-31,marketplace,completed
366,482,1,2026-09-14,mobile_app,cancelled
367,368,2,2026-02-21,web,completed
368,380,1,2026-09-17,marketplace,cancelled
369,544,5,2026-07-01,marketplace,completed
370,375,2,2026-09-07,marketplace,completed
371,490,4,2026-04-09,mobile_app,cancelled
372,498,2,2026-01-18,mobile_app,completed
373,283,8,2026-06-25,web,cancelled
374,136,8,2026-08-20,marketplace,completed
375,23,6,2026-03-16,mobile_app,refunded
376,496,1,2026-05-08,web,refunded
377,180,3,2026-09-01,web,cancelled
378,267,1,2026-05-02,marketplace,completed
379,26,3,2026-08-27,mobile_app,refunded
380,297,8,2026-09-15,mobile_app,cancelled
381,565,7,2026-06-20,marketplace,completed
382,200,5,2026-09-20,web,completed
383,457,7,2026-07-21,web,refunded
384,13,5,2026-03-30,mobile_app,completed
385,89,8,2026-01-16,marketplace,completed
386,570,3,2026-03-11,web,cancelled
387,310,8,2026-02-21,web,completed
388,308,5,2026-07-30,mobile_app,completed
389,69,8,2026-07-10,marketplace,cancelled
390,150,3,2025-10-24,mobile_app,completed
391,50,2,2026-07-12,marketplace,completed
392,331,5,2026-06-01,mobile_app,cancelled
393,497,3,2026-02-22,web,completed
394,573,2,2026-08-29,mobile_app,cancelled
395,536,3,2026-08-13,marketplace,refunded
396,315,2,2026-04-04,mobile_app,completed
397,496,4,2026-08-14,web,completed
398,481,1,2026-02-25,web,refunded
399,360,5,2026-02-14,marketplace,completed
400,102,1,2026-08-08,marketplace,completed
401,102,8,2025-10-02,mobile_app,refunded
402,478,8,2026-02-28,mobile_app,completed
403,320,8,2026-09-19,web,refunded
404,449,2,2026-05-17,web,completed
405,173,4,2025-12-15,mobile_app,completed
406,512,5,2026-06-11,marketplace,cancelled
407,502,3,2026-08-18,web,completed
408,28,6,2026-05-12,web,completed
409,510,6,2026-08-08,marketplace,completed
410,311,3,2026-02-03,mobile_app,completed
411,58,7,2026-05-07,marketplace,completed
412,598,6,2025-06-07,mobile_app,cancelled
413,422,4,2026-02-27,web,completed
414,346,6,2026-01-22,web,completed
415,400,8,2026-04-14,web,completed
416,171,7,2026-05-28,web,completed
417,95,2,2026-05-26,marketplace,refunded
418,310,7,2026-09-14,marketplace,cancelled
419,192,8,2026-05-26,mobile_app,completed
420,327,7,2025-09-07,mobile_app,completed
421,252,7,2026-03-09,mobile_app,completed
422,140,5,2025-07-28,marketplace,completed
423,407,2,2026-03-18,marketplace,completed
424,242,2,2026-06-26,web,completed
425,503,2,2026-08-09,mobile_app,completed
426,56,4,2026-09-05,mobile_app,refunded
427,242,3,2026-02-17,mobile_app,completed
428,341,2,2026-08-09,web,refunded
429,335,1,2026-01-31,marketplace,cancelled
430,313,2,2026-06-30,web,completed
431,328,3,2026-09-11,mobile_app,completed
432,187,4,2026-04-29,web,refunded
433,204,3,2026-09-12,web,cancelled
434,465,4,2026-09-20,web,completed
435,290,7,2026-09-19,web,cancelled
436,470,3,2025-09-29,mobile_app,completed
437,363,7,2026-05-27,mobile_app,completed
438,325,3,2026-08-04,mobile_app,completed
439,512,7,2026-06-11,mobile_app,cancelled
440,155,8,2026-05-02,web,refunded
441,267,7,2025-10-03,web,cancelled
442,358,5,2026-02-12,web,completed
443,598,3,2025-05-27,mobile_app,completed
444,97,2,2026-06-04,mobile_app,completed
445,492,5,2026-07-14,marketplace,completed
446,464,3,2025-11-01,web,refunded
447,57,7,2026-06-27,web,completed
448,158,7,2025-10-28,marketplace,completed
449,488,7,2026-07-15,web,completed
450,159,2,2026-08-30,mobile_app,completed
451,583,1,2026-07-13,marketplace,completed
452,97,5,2026-07-08,mobile_app,completed
453,187,7,2026-04-29,marketplace,completed
454,190,5,2025-07-19,marketplace,cancelled
455,6,3,2026-05-29,marketplace,completed
456,405,3,2026-09-10,web,completed
457,493,4,2026-08-13,mobile_app,completed
458,483,4,2026-07-23,web,refunded
459,426,5,2026-09-11,web,cancelled
460,66,7,2025-12-29,mobile_app,refunded
461,356,1,2026-06-04,web,cancelled
462,348,8,2026-07-11,web,refunded
463,89,4,2026-07-09,web,completed
464,179,2,2026-09-18,mobile_app,completed
465,571,2,2026-06-17,marketplace,refunded
466,114,2,2025-07-24,marketplace,cancelled
467,121,3,2026-03-10,marketplace,refunded
468,343,4,2026-06-29,mobile_app,completed
469,425,4,2026-08-08,web,completed
470,11,2,2026-09-11,web,cancelled
471,155,5,2026-05-12,mobile_app,completed
472,457,8,2026-08-05,marketplace,refunded
473,130,5,2026-03-05,web,refunded
474,534,3,2025-11-24,web,cancelled
475,248,2,2026-06-07,marketplace,cancelled
476,520,2,2026-04-25,mobile_app,completed
477,547,5,2026-05-04,marketplace,completed
478,422,7,2025-10-12,web,completed
479,271,8,2026-08-29,marketplace,completed
480,542,8,2026-06-24,mobile_app,cancelled
481,122,6,2026-07-04,marketplace,completed
482,498,3,2025-05-21,marketplace,cancelled
483,70,5,2025-12-23,marketplace,completed
484,334,7,2025-07-19,mobile_app,cancelled
485,285,3,2026-08-26,marketplace,completed
486,127,4,2026-07-28,marketplace,completed
487,594,6,2026-03-05,mobile_app,completed
488,102,3,2026-03-19,web,completed
489,186,5,2026-09-04,mobile_app,cancelled
490,332,2,2025-09-30,web,completed
491,118,8,2026-09-09,marketplace,completed
492,253,7,2025-09-01,mobile_app,completed
493,146,3,2026-07-04,web,completed
494,390,4,2025-11-16,marketplace,refunded
495,443,6,2026-06-09,marketplace,completed
496,337,3,2026-02-08,marketplace,refunded
497,178,8,2026-04-24,mobile_app,completed
498,9,4,2026-03-12,mobile_app,completed
499,288,5,2026-07-04,marketplace,completed
500,215,7,2025-12-07,web,completed
501,579,3,2025-11-20,marketplace,completed
502,234,5,2026-07-03,web,cancelled
503,574,7,2026-08-02,marketplace,completed
504,417,8,2026-04-18,mobile_app,completed
505,6,2,2026-05-27,marketplace,completed
506,77,6,2026-02-25,mobile_app,completed
507,443,6,2026-04-23,mobile_app,completed
508,342,2,2026-08-31,marketplace,cancelled
509,309,1,2026-09-10,marketplace,completed
510,99,4,2026-08-22,marketplace,cancelled
511,198,2,2025-11-18,marketplace,completed
512,456,1,2026-06-30,web,completed
513,598,3,2026-08-21,web,completed
514,520,7,2026-08-08,mobile_app,refunded
515,479,6,2026-06-05,marketplace,refunded
516,229,4,2026-05-04,web,completed
517,569,8,2026-08-12,web,completed
518,23,2,2026-02-16,web,refunded
519,246,3,2026-07-19,marketplace,cancelled
520,251,4,2026-09-17,marketplace,completed
521,521,4,2026-08-23,marketplace,refunded
522,67,6,2026-08-22,mobile_app,completed
523,598,4,2026-04-22,web,completed
524,138,6,2025-07-02,web,completed
525,26,5,2026-07-29,marketplace,completed
526,514,2,2026-04-21,mobile_app,completed
527,206,6,2026-04-09,mobile_app,completed
528,307,7,2026-06-25,mobile_app,cancelled
529,566,8,2026-06-12,mobile_app,completed
530,428,1,2025-12-20,mobile_app,completed
531,364,7,2026-09-03,marketplace,completed
532,588,7,2026-08-05,web,completed
533,176,3,2025-12-05,web,cancelled
534,378,6,2026-04-06,mobile_app,completed
535,211,8,2026-05-12,web,completed
536,337,8,2026-06-29,mobile_app,refunded
537,256,7,2026-03-22,mobile_app,refunded
538,69,4,2026-08-04,mobile_app,cancelled
539,519,2,2025-08-27,marketplace,completed
540,476,2,2026-05-31,marketplace,completed
541,166,2,2025-12-23,web,refunded
542,280,3,2026-03-12,web,completed
543,49,2,2026-07-31,mobile_app,cancelled
544,384,1,2025-11-25,mobile_app,completed
545,197,2,2026-05-08,marketplace,completed
546,335,4,2025-11-25,marketplace,completed
547,109,1,2026-08-02,mobile_app,completed
548,378,4,2025-08-06,mobile_app,completed
549,398,3,2026-07-10,mobile_app,refunded
550,600,4,2026-04-03,marketplace,completed
551,511,7,2026-06-24,web,completed
552,455,3,2026-08-07,mobile_app,refunded
553,340,1,2026-05-10,marketplace,completed
554,7,2,2025-07-01,web,refunded
555,94,4,2026-06-15,web,completed
556,460,8,2026-06-14,web,completed
557,444,8,2026-02-22,web,cancelled
558,465,8,2026-09-07,web,completed
559,384,7,2026-04-03,mobile_app,completed
560,395,7,2026-07-05,mobile_app,completed
561,253,6,2025-12-30,marketplace,completed
562,467,3,2026-02-03,web,completed
563,394,2,2026-06-21,marketplace,cancelled
564,513,7,2026-07-20,marketplace,completed
565,353,4,2026-08-09,marketplace,completed
566,296,3,2026-07-06,mobile_app,completed
567,462,3,2026-06-20,web,cancelled
568,419,2,2026-07-19,marketplace,completed
569,66,4,2026-03-15,mobile_app,completed
570,8,5,2026-07-20,mobile_app,completed
571,59,2,2026-06-24,web,refunded
572,487,4,2026-08-17,web,completed
573,497,2,2026-02-16,mobile_app,cancelled
574,33,2,2026-05-24,mobile_app,completed
575,446,6,2026-06-19,mobile_app,completed
576,504,6,2025-10-20,web,cancelled
577,193,6,2026-08-09,web,refunded
578,328,3,2026-09-06,marketplace,cancelled
579,151,1,2026-06-13,marketplace,completed
580,221,7,2026-04-11,web,completed
581,500,3,2026-06-13,web,completed
582,562,6,2025-12-17,marketplace,completed
583,168,8,2026-07-30,mobile_app,completed
584,10,2,2026-04-10,marketplace,cancelled
585,99,3,2026-04-10,web,refunded
586,445,7,2025-12-15,web,completed
587,501,3,2026-01-16,marketplace,cancelled
588,125,4,2026-09-19,web,completed
589,551,1,2025-10-27,mobile_app,completed
590,185,6,2026-02-15,web,completed
591,166,1,2025-11-10,web,completed
592,558,1,2026-08-07,web,completed
593,321,6,2026-09-20,marketplace,refunded
594,368,7,2026-02-03,web,completed
595,276,4,2026-07-24,marketplace,cancelled
596,254,2,2026-06-20,marketplace,completed
597,388,2,2025-11-30,web,cancelled
598,399,7,2025-12-04,mobile_app,completed
599,380,7,2026-09-03,marketplace,cancelled
600,90,6,2026-08-15,web,completed
601,96,2,2025-09-30,marketplace,completed
602,510,2,2026-08-14,mobile_app,cancelled
603,436,6,2026-07-16,web,completed
604,389,2,2026-08-27,mobile_app,completed
605,272,7,2026-01-04,web,completed
606,472,2,2026-08-05,web,completed
607,542,7,2026-08-13,web,refunded
608,276,8,2026-03-11,web,refunded
609,114,3,2025-09-05,mobile_app,completed
610,131,7,2025-12-23,marketplace,cancelled
611,54,7,2026-07-07,marketplace,cancelled
612,289,7,2026-09-13,web,completed
613,106,4,2026-09-10,marketplace,completed
614,197,4,2026-05-29,web,completed
615,314,4,2026-09-12,web,completed
616,276,6,2026-05-16,marketplace,completed
617,484,2,2026-01-11,mobile_app,refunded
618,100,3,2026-07-28,mobile_app,completed
619,90,2,2026-08-02,web,completed
620,45,5,2026-06-13,marketplace,completed
621,23,3,2026-02-11,mobile_app,completed
622,408,2,2026-07-30,web,cancelled
623,10,5,2026-09-12,mobile_app,completed
624,47,1,2026-03-31,marketplace,completed
625,255,1,2026-08-10,marketplace,completed
626,302,1,2026-06-19,mobile_app,refunded
627,598,7,2025-07-18,marketplace,cancelled
628,405,7,2026-09-05,mobile_app,completed
629,181,3,2025-10-30,marketplace,completed
630,72,4,2026-08-18,mobile_app,completed
631,45,2,2026-06-14,mobile_app,completed
632,347,8,2026-02-06,marketplace,completed
633,127,2,2026-02-19,marketplace,cancelled
634,395,5,2026-03-20,web,completed
635,87,3,2026-09-11,web,completed
636,107,6,2026-07-22,mobile_app,refunded
637,151,8,2026-01-20,marketplace,completed
638,327,7,2026-04-16,marketplace,completed
639,546,7,2026-05-29,web,cancelled
640,62,3,2026-09-19,mobile_app,completed
641,147,7,2026-06-23,mobile_app,cancelled
642,76,3,2026-08-06,web,refunded
643,583,3,2026-08-29,mobile_app,completed
644,455,1,2026-08-18,mobile_app,completed
645,33,1,2026-06-05,mobile_app,completed
646,387,7,2026-08-01,marketplace,cancelled
647,573,8,2026-08-28,mobile_app,refunded
648,277,6,2026-05-15,marketplace,completed
649,12,4,2026-05-31,marketplace,completed
650,584,8,2026-09-03,web,completed
651,9,7,2026-07-09,marketplace,cancelled
652,100,2,2026-02-05,marketplace,completed
653,166,2,2025-12-13,marketplace,cancelled
654,145,6,2026-01-14,mobile_app,refunded
655,397,2,2025-11-23,web,completed
656,70,6,2026-04-23,web,completed
657,472,5,2026-07-27,mobile_app,refunded
658,419,3,2026-09-10,mobile_app,completed
659,44,1,2026-08-29,marketplace,refunded
660,584,4,2026-07-23,mobile_app,refunded
661,444,2,2026-03-17,mobile_app,completed
662,482,6,2026-04-17,marketplace,completed
663,371,4,2026-05-03,web,refunded
664,86,7,2025-07-12,web,completed
665,439,5,2026-01-01,web,refunded
666,165,7,2026-07-08,web,completed
667,270,8,2026-08-01,web,cancelled
668,357,1,2026-03-02,mobile_app,refunded
669,467,6,2026-06-19,marketplace,completed
670,447,7,2026-07-31,marketplace,completed
671,509,2,2026-09-15,marketplace,refunded
672,481,8,2026-02-26,mobile_app,completed
673,248,7,2026-01-05,web,refunded
674,384,6,2026-09-17,mobile_app,completed
675,403,7,2025-12-30,web,cancelled
676,122,5,2026-06-25,marketplace,refunded
677,12,3,2026-08-20,web,cancelled
678,199,7,2026-06-18,mobile_app,refunded
679,24,2,2026-05-11,web,refunded
680,213,1,2026-05-03,mobile_app,completed
681,216,6,2026-06-07,marketplace,completed
682,352,1,2026-05-18,web,completed
683,336,3,2025-08-01,mobile_app,completed
684,508,7,2026-08-02,web,completed
685,170,8,2026-03-24,mobile_app,refunded
686,66,1,2026-07-03,marketplace,completed
687,331,6,2026-06-30,web,cancelled
688,381,2,2026-06-20,web,cancelled
689,395,4,2026-04-24,web,completed
690,128,6,2026-09-01,marketplace,completed
691,413,1,2026-07-04,mobile_app,refunded
692,426,6,2026-08-17,mobile_app,completed
693,49,8,2026-03-29,mobile_app,completed
694,30,1,2025-10-03,web,completed
695,447,4,2026-06-21,marketplace,completed
696,77,7,2026-03-05,mobile_app,completed
697,152,2,2026-07-22,marketplace,completed
698,572,4,2026-08-10,marketplace,refunded
699,218,8,2025-11-15,mobile_app,cancelled
700,541,5,2026-09-03,marketplace,refunded
701,410,7,2025-10-10,web,completed
702,192,8,2025-12-18,mobile_app,completed
703,442,8,2026-02-10,mobile_app,completed
704,181,8,2026-05-26,marketplace,completed
705,545,7,2025-08-10,mobile_app,completed
706,295,8,2025-12-07,marketplace,completed
707,146,7,2025-12-31,mobile_app,completed
708,175,8,2025-11-22,marketplace,completed
709,113,5,2025-06-20,web,cancelled
710,499,1,2026-09-01,mobile_app,completed
711,22,4,2025-08-23,marketplace,refunded
712,442,2,2025-11-26,web,completed
713,428,1,2026-01-23,marketplace,completed
714,297,5,2026-09-13,mobile_app,completed
715,55,7,2026-09-04,mobile_app,completed
716,359,3,2026-09-03,web,completed
717,364,7,2026-08-31,mobile_app,cancelled
718,205,4,2026-01-25,mobile_app,completed
719,142,6,2026-04-12,marketplace,completed
720,28,3,2026-07-13,marketplace,completed
721,403,1,2026-02-06,mobile_app,completed
722,340,1,2025-12-17,marketplace,completed
723,229,5,2026-03-27,marketplace,completed
724,206,3,2026-02-12,marketplace,completed
725,210,8,2025-10-19,mobile_app,completed
726,496,5,2026-03-21,marketplace,cancelled
727,560,5,2025-10-16,mobile_app,completed
728,282,2,2025-11-27,mobile_app,completed
729,456,6,2026-06-12,web,refunded
730,526,3,2026-01-12,mobile_app,completed
731,520,6,2026-07-22,marketplace,completed
732,238,4,2026-07-03,web,cancelled
733,118,2,2026-09-02,mobile_app,refunded
734,588,5,2026-02-27,mobile_app,completed
735,99,3,2026-01-22,web,completed
736,541,4,2026-09-02,marketplace,completed
737,81,5,2026-02-11,web,cancelled
738,554,5,2026-08-18,mobile_app,completed
739,409,2,2026-09-19,marketplace,completed
740,338,2,2026-01-09,marketplace,completed
741,231,5,2026-05-27,web,completed
742,201,7,2026-07-31,marketplace,completed
743,397,3,2026-08-20,mobile_app,completed
744,244,1,2026-05-23,web,completed
745,322,4,2026-01-05,mobile_app,completed
746,79,4,2026-06-19,mobile_app,refunded
747,540,2,2026-07-31,web,completed
748,313,6,2026-08-30,marketplace,completed
749,465,1,2026-08-27,mobile_app,completed
750,392,4,2026-08-09,web,completed
751,345,4,2026-09-06,web,refunded
752,548,5,2026-06-23,web,completed
753,346,5,2026-08-16,mobile_app,completed
754,184,8,2026-08-12,web,completed
755,66,5,2026-06-24,mobile_app,completed
756,519,1,2026-03-18,marketplace,completed
757,362,4,2026-08-25,mobile_app,cancelled
758,116,4,2026-09-01,mobile_app,completed
759,302,6,2026-09-03,web,completed
760,521,4,2026-08-21,mobile_app,cancelled
761,125,8,2026-09-20,marketplace,cancelled
762,119,7,2026-02-06,mobile_app,completed
763,79,4,2026-07-17,mobile_app,completed
764,294,2,2026-06-21,mobile_app,completed
765,568,3,2026-09-15,web,cancelled
766,571,2,2026-06-10,mobile_app,cancelled
767,447,3,2026-07-08,marketplace,cancelled
768,379,7,2026-08-21,mobile_app,completed
769,594,7,2026-04-07,mobile_app,refunded
770,532,6,2025-10-11,web,completed
771,296,2,2025-11-05,web,refunded
772,41,4,2026-09-19,web,completed
773,113,2,2026-05-29,mobile_app,cancelled
774,228,6,2026-01-15,mobile_app,completed
775,572,1,2026-06-27,marketplace,refunded
776,386,5,2025-11-11,mobile_app,cancelled
777,204,4,2026-09-06,web,refunded
778,241,3,2026-08-23,mobile_app,completed
779,366,2,2026-02-11,web,completed
780,334,2,2025-10-08,web,completed
781,241,4,2026-06-06,mobile_app,completed
782,326,8,2025-12-20,mobile_app,completed
783,227,4,2026-09-03,marketplace,refunded
784,553,1,2025-11-28,mobile_app,refunded
785,567,4,2026-02-28,mobile_app,completed
786,14,2,2026-03-18,marketplace,refunded
787,127,7,2026-09-10,web,cancelled
788,21,3,2026-04-07,web,cancelled
789,591,7,2026-08-24,web,completed
790,519,8,2025-12-08,marketplace,completed
791,577,6,2026-03-08,web,completed
792,213,2,2026-06-22,web,completed
793,330,7,2026-09-05,web,completed
794,495,7,2026-07-28,marketplace,refunded
795,14,2,2026-04-19,web,completed
796,538,7,2026-01-17,mobile_app,completed
797,302,6,2026-09-17,marketplace,completed
798,381,4,2026-07-17,mobile_app,completed
799,326,8,2025-12-23,web,completed
800,205,8,2026-09-09,mobile_app,completed
801,161,4,2025-12-04,mobile_app,completed
802,437,6,2026-04-25,marketplace,cancelled
803,578,7,2026-04-19,mobile_app,completed
804,1,1,2026-01-03,web,completed
805,486,6,2026-08-08,marketplace,completed
806,285,7,2026-09-12,marketplace,completed
807,355,4,2026-06-29,mobile_app,completed
808,318,6,2026-03-30,mobile_app,completed
809,32,8,2026-08-03,mobile_app,refunded
810,157,3,2026-05-27,web,refunded
811,18,6,2026-01-21,marketplace,refunded
812,63,3,2026-09-02,marketplace,completed
813,420,1,2026-08-07,mobile_app,completed
814,91,3,2026-08-03,marketplace,refunded
815,21,4,2026-05-17,marketplace,cancelled
816,136,5,2026-07-30,web,completed
817,303,5,2026-05-18,web,cancelled
818,160,7,2026-02-08,mobile_app,completed
819,526,8,2026-03-28,mobile_app,completed
820,191,6,2026-07-02,mobile_app,completed
821,314,3,2026-04-27,web,completed
822,411,4,2026-04-15,marketplace,completed
823,276,1,2026-07-09,web,completed
824,355,8,2026-07-16,web,completed
825,242,4,2025-11-13,web,completed
826,475,2,2026-08-26,mobile_app,completed
827,435,6,2026-06-14,mobile_app,completed
828,236,1,2026-01-30,web,completed
829,319,8,2026-04-21,web,cancelled
830,85,2,2025-11-22,marketplace,cancelled
831,412,5,2026-09-09,mobile_app,cancelled
832,548,3,2026-05-29,mobile_app,completed
833,50,2,2026-08-03,mobile_app,completed
834,301,8,2026-04-02,mobile_app,completed
835,180,3,2026-03-25,marketplace,completed
836,250,8,2026-09-12,web,cancelled
837,151,2,2026-06-17,mobile_app,refunded
838,197,5,2026-09-15,marketplace,completed
839,47,3,2026-05-06,marketplace,completed
840,274,6,2026-05-07,web,completed
841,295,6,2026-07-29,marketplace,completed
842,216,5,2025-09-25,mobile_app,cancelled
843,575,6,2026-06-22,mobile_app,completed
844,361,1,2026-06-12,mobile_app,completed
845,183,7,2026-03-17,marketplace,cancelled
846,326,7,2026-02-05,web,completed
847,343,3,2026-09-17,marketplace,completed
848,429,1,2026-07-28,marketplace,completed
849,419,4,2026-05-26,web,completed
850,484,6,2026-08-20,web,refunded
851,455,8,2026-04-01,marketplace,cancelled
852,474,1,2026-07-04,marketplace,refunded
853,395,5,2026-03-01,marketplace,cancelled
854,410,8,2026-09-06,mobile_app,completed
855,269,2,2026-08-17,marketplace,cancelled
856,495,6,2026-08-13,marketplace,completed
857,251,5,2026-09-07,marketplace,completed
858,380,5,2026-09-11,marketplace,cancelled
859,159,3,2026-05-26,web,cancelled
860,530,3,2026-06-23,mobile_app,completed
861,497,8,2026-06-23,web,completed
862,123,8,2026-04-06,mobile_app,completed
863,548,2,2026-09-02,web,completed
864,468,5,2026-05-09,marketplace,completed
865,250,8,2026-07-31,mobile_app,cancelled
866,75,8,2025-12-24,web,completed
867,115,4,2026-05-30,marketplace,refunded
868,271,5,2026-09-15,marketplace,completed
869,443,8,2026-07-03,mobile_app,completed
870,216,4,2025-09-09,mobile_app,completed
871,427,5,2026-08-30,mobile_app,completed
872,461,7,2026-04-14,mobile_app,completed
873,363,5,2026-06-20,web,refunded
874,330,6,2026-08-19,marketplace,cancelled
875,48,8,2026-08-23,web,completed
876,449,3,2026-01-15,marketplace,completed
877,156,4,2025-11-14,marketplace,completed
878,587,5,2026-06-11,marketplace,cancelled
879,371,5,2026-03-14,mobile_app,completed
880,17,1,2026-02-26,marketplace,completed
881,579,2,2025-10-09,marketplace,refunded
882,196,7,2025-11-18,mobile_app,cancelled
883,443,5,2026-04-22,web,completed
884,469,6,2026-09-09,marketplace,completed
885,357,6,2025-12-20,web,completed
886,223,3,2026-09-02,mobile_app,completed
887,214,8,2026-08-02,mobile_app,completed
888,180,2,2026-07-11,web,refunded
889,325,2,2026-03-06,marketplace,completed
890,431,2,2026-06-11,mobile_app,refunded
891,400,5,2026-09-03,marketplace,completed
892,144,1,2026-06-28,marketplace,cancelled
893,177,3,2026-02-22,marketplace,refunded
894,314,5,2026-06-28,marketplace,completed
895,48,3,2026-04-22,web,completed
896,95,2,2025-12-24,mobile_app,refunded
897,132,6,2026-04-17,marketplace,completed
898,585,3,2026-04-16,web,completed
899,108,3,2026-01-19,marketplace,completed
900,433,1,2026-09-03,marketplace,completed
901,12,6,2026-08-06,web,completed
902,262,8,2025-11-12,marketplace,cancelled
903,97,2,2026-05-09,web,refunded
904,146,4,2026-04-17,marketplace,cancelled
905,544,2,2026-07-18,marketplace,completed
906,208,7,2026-04-16,mobile_app,completed
907,570,2,2026-06-25,web,completed
908,255,5,2026-08-28,web,completed
909,534,8,2025-11-09,web,completed
910,262,7,2025-07-18,marketplace,completed
911,372,8,2026-07-25,marketplace,refunded
912,258,2,2026-06-09,marketplace,completed
913,580,7,2026-08-18,web,completed
914,356,8,2026-09-14,marketplace,cancelled
915,468,6,2026-05-28,mobile_app,completed
916,270,6,2026-01-29,marketplace,completed
917,314,2,2026-04-11,marketplace,refunded
918,164,2,2025-11-29,web,completed
919,415,6,2026-06-26,marketplace,completed
920,584,4,2026-05-03,mobile_app,completed
921,281,4,2025-08-13,web,completed
922,22,8,2026-08-22,mobile_app,completed
923,270,4,2026-06-16,mobile_app,completed
924,234,4,2026-08-23,mobile_app,completed
925,574,1,2026-07-28,mobile_app,completed
926,137,8,2026-05-14,mobile_app,completed
927,367,2,2026-07-23,marketplace,completed
928,166,3,2026-01-04,web,completed
929,340,7,2025-12-31,marketplace,completed
930,259,5,2026-08-27,mobile_app,completed
931,463,1,2026-06-02,marketplace,completed
932,98,1,2025-10-13,web,completed
933,194,3,2026-08-11,marketplace,completed
934,588,3,2025-08-17,marketplace,refunded
935,124,5,2026-09-13,web,refunded
936,346,7,2026-06-17,mobile_app,refunded
937,253,8,2026-05-05,web,completed
938,329,4,2026-05-19,mobile_app,cancelled
939,85,2,2026-02-04,mobile_app,completed
940,585,6,2026-07-13,marketplace,completed
941,311,1,2026-05-27,marketplace,completed
942,328,8,2026-08-18,web,cancelled
943,412,4,2026-08-15,marketplace,completed
944,426,4,2026-08-31,mobile_app,completed
945,229,2,2026-02-12,web,completed
946,550,5,2026-07-19,web,completed
947,569,1,2026-09-05,mobile_app,completed
948,447,3,2026-07-28,mobile_app,completed
949,206,7,2026-09-01,mobile_app,completed
950,200,8,2026-03-08,web,completed
951,67,1,2026-09-07,marketplace,completed
952,240,1,2026-05-29,mobile_app,completed
953,461,8,2026-09-16,marketplace,cancelled
954,294,7,2026-03-28,mobile_app,refunded
955,44,4,2026-08-08,mobile_app,completed
956,464,8,2026-01-01,mobile_app,refunded
957,196,6,2026-07-30,mobile_app,completed
958,53,3,2025-10-31,marketplace,completed
959,577,7,2026-08-24,marketplace,completed
960,134,6,2026-07-03,marketplace,refunded
961,219,6,2026-09-15,marketplace,refunded
962,576,3,2026-03-25,web,refunded
963,256,3,2026-02-17,mobile_app,completed
964,485,1,2026-05-29,marketplace,completed
965,88,3,2026-08-23,web,completed
966,428,5,2025-11-29,web,completed
967,42,8,2026-01-05,marketplace,cancelled
968,134,1,2026-08-28,marketplace,refunded
969,525,6,2026-03-30,web,completed
970,87,6,2026-07-27,marketplace,completed
971,110,6,2026-08-08,web,completed
972,350,2,2026-09-10,web,refunded
973,444,2,2026-04-03,mobile_app,completed
974,481,1,2026-04-09,mobile_app,cancelled
975,148,4,2026-08-13,marketplace,completed
976,330,3,2026-09-09,mobile_app,refunded
977,289,2,2026-08-02,mobile_app,completed
978,91,6,2026-08-16,marketplace,completed
979,195,1,2026-03-25,marketplace,completed
980,157,7,2026-05-18,mobile_app,cancelled
981,153,7,2026-08-15,marketplace,completed
982,484,4,2025-11-05,web,completed
983,446,1,2026-08-28,mobile_app,completed
984,489,4,2026-06-10,marketplace,completed
985,440,3,2026-07-05,marketplace,completed
986,379,6,2026-06-16,marketplace,completed
987,340,6,2026-02-23,marketplace,refunded
988,542,5,2026-08-10,web,completed
989,336,8,2025-11-21,marketplace,cancelled
990,205,2,2026-08-15,mobile_app,completed
991,517,7,2026-02-03,mobile_app,completed
992,148,7,2025-10-19,web,completed
993,322,8,2025-09-03,mobile_app,refunded
994,18,6,2025-10-06,marketplace,completed
995,335,1,2026-04-22,marketplace,refunded
996,66,2,2025-06-07,marketplace,completed
997,423,8,2025-10-28,mobile_app,cancelled
998,246,1,2026-06-09,web,completed
999,141,7,2026-04-27,marketplace,completed
1000,205,4,2026-07-17,marketplace,completed
1001,289,7,2026-08-16,web,completed
1002,123,1,2026-04-07,mobile_app,completed
1003,220,1,2026-05-14,marketplace,completed
1004,222,4,2026-08-10,mobile_app,refunded
1005,255,1,2026-07-24,web,completed
1006,196,6,2026-05-16,web,cancelled
1007,210,1,2025-10-27,mobile_app,refunded
1008,594,5,2026-07-11,web,completed
1009,591,5,2026-06-30,marketplace,completed
1010,459,1,2026-08-06,marketplace,refunded
1011,168,6,2026-06-08,marketplace,completed
1012,507,6,2026-07-01,mobile_app,completed
1013,368,3,2026-08-15,web,completed
1014,211,7,2026-06-25,web,completed
1015,120,6,2025-11-20,marketplace,cancelled
1016,465,4,2026-08-29,marketplace,refunded
1017,148,5,2026-09-01,web,completed
1018,74,2,2026-08-02,mobile_app,completed
1019,490,1,2026-01-13,mobile_app,cancelled
1020,101,6,2026-04-27,marketplace,cancelled
1021,97,6,2026-07-06,web,completed
1022,29,3,2026-09-13,mobile_app,completed
1023,179,3,2026-09-16,web,completed
1024,256,3,2025-12-23,mobile_app,completed
1025,349,8,2026-08-31,web,cancelled
1026,441,6,2025-05-26,marketplace,cancelled
1027,487,4,2026-07-19,web,completed
1028,585,8,2026-04-13,marketplace,completed
1029,401,1,2026-01-08,web,completed
1030,220,2,2026-01-29,web,completed
1031,580,7,2026-06-25,marketplace,completed
1032,405,6,2026-09-01,mobile_app,completed
1033,510,1,2026-04-24,mobile_app,completed
1034,150,6,2026-06-13,mobile_app,completed
1035,574,2,2025-09-12,marketplace,completed
1036,321,4,2026-09-19,mobile_app,refunded
1037,193,3,2026-08-15,marketplace,completed
1038,533,5,2026-06-26,marketplace,completed
1039,252,5,2026-06-01,marketplace,completed
1040,4,5,2025-07-31,mobile_app,completed
1041,488,2,2026-08-27,web,completed
1042,111,3,2026-09-14,web,completed
1043,237,5,2025-12-23,marketplace,completed
1044,393,1,2026-08-21,web,completed
1045,98,4,2025-11-22,web,refunded
1046,396,2,2026-07-17,web,completed
1047,537,8,2026-05-05,marketplace,completed
1048,224,5,2026-08-05,web,completed
1049,67,1,2026-09-09,mobile_app,cancelled
1050,376,8,2026-09-20,web,refunded
1051,38,4,2026-05-15,web,completed
1052,262,3,2026-01-08,mobile_app,completed
1053,95,3,2026-04-06,mobile_app,completed
1054,128,6,2026-09-04,marketplace,completed
1055,176,1,2026-03-01,marketplace,completed
1056,252,2,2026-08-04,marketplace,completed
1057,295,8,2026-07-29,marketplace,completed
1058,415,7,2026-06-23,web,completed
1059,25,1,2025-12-19,web,completed
1060,409,6,2026-09-14,web,cancelled
1061,396,7,2026-09-11,web,completed
1062,12,5,2026-04-07,web,completed
1063,534,7,2025-12-10,mobile_app,completed
1064,562,2,2026-06-07,web,cancelled
1065,226,1,2026-07-04,web,completed
1066,561,4,2026-09-07,web,completed
1067,495,3,2026-07-26,marketplace,completed
1068,562,6,2026-08-28,marketplace,refunded
1069,23,6,2026-06-28,marketplace,completed
1070,229,4,2026-04-29,mobile_app,refunded
1071,410,5,2026-06-04,web,completed
1072,447,3,2026-08-06,mobile_app,cancelled
1073,441,4,2026-07-24,marketplace,completed
1074,85,1,2025-07-19,web,completed
1075,366,1,2026-04-15,web,completed
1076,197,8,2026-06-04,web,refunded
1077,267,2,2025-09-27,mobile_app,completed
1078,411,4,2026-05-16,mobile_app,cancelled
1079,121,8,2026-02-08,web,completed
1080,245,2,2026-09-03,marketplace,completed
1081,192,7,2026-04-15,marketplace,completed
1082,581,1,2026-07-18,web,cancelled
1083,508,3,2026-06-23,mobile_app,refunded
1084,352,2,2026-05-31,mobile_app,completed
1085,41,5,2026-09-08,marketplace,refunded
1086,586,4,2025-10-20,mobile_app,refunded
1087,544,8,2026-07-26,web,completed
1088,314,8,2026-08-17,marketplace,completed
1089,241,6,2026-07-22,web,completed
1090,300,7,2026-09-03,web,completed
1091,562,3,2026-04-22,web,completed
1092,277,8,2026-06-02,mobile_app,completed
1093,524,5,2025-08-04,web,completed
1094,19,3,2026-05-13,web,refunded
1095,399,7,2026-04-12,web,completed
1096,233,8,2026-08-05,mobile_app,completed
1097,18,6,2026-07-10,mobile_app,refunded
1098,138,2,2025-07-14,marketplace,completed
1099,349,1,2025-08-14,marketplace,completed
1100,308,7,2026-02-09,web,cancelled
1101,308,5,2026-06-27,mobile_app,completed
1102,103,5,2026-01-09,mobile_app,completed
1103,319,2,2026-07-13,marketplace,cancelled
1104,71,1,2025-08-05,web,refunded
1105,343,2,2026-07-03,marketplace,completed
1106,130,4,2025-09-06,mobile_app,cancelled
1107,193,1,2026-06-06,mobile_app,completed
1108,415,5,2026-09-18,mobile_app,completed
1109,2,4,2026-03-04,marketplace,completed
1110,256,7,2026-01-13,web,cancelled
1111,114,7,2026-07-29,web,cancelled
1112,378,7,2025-12-28,marketplace,refunded
1113,281,1,2026-03-11,mobile_app,completed
1114,182,8,2026-07-28,marketplace,cancelled
1115,230,5,2026-09-17,mobile_app,completed
1116,225,3,2026-09-14,web,completed
1117,318,2,2026-05-07,web,completed
1118,21,7,2026-06-26,marketplace,cancelled
1119,436,5,2026-03-23,marketplace,cancelled
1120,201,6,2026-03-05,mobile_app,completed
1121,141,1,2025-12-10,web,completed
1122,224,5,2026-08-12,web,completed
1123,247,5,2025-12-02,marketplace,completed
1124,103,4,2025-08-22,marketplace,completed
1125,28,1,2026-04-21,marketplace,refunded
1126,215,8,2026-03-15,web,completed
1127,443,3,2026-05-26,mobile_app,cancelled
1128,162,7,2025-10-29,web,completed
1129,162,4,2026-09-10,mobile_app,refunded
1130,385,2,2026-08-23,marketplace,completed
1131,547,7,2026-03-03,marketplace,completed
1132,552,2,2026-08-14,mobile_app,completed
1133,226,3,2026-09-18,marketplace,completed
1134,346,1,2025-11-12,web,completed
1135,169,2,2026-08-29,web,cancelled
1136,381,1,2026-05-28,marketplace,cancelled
1137,517,5,2026-02-10,web,cancelled
1138,591,8,2026-09-02,marketplace,completed
1139,296,1,2026-03-09,mobile_app,completed
1140,252,6,2026-05-17,web,completed
1141,423,4,2025-07-21,mobile_app,cancelled
1142,566,8,2026-05-21,web,completed
1143,539,1,2026-09-15,mobile_app,completed
1144,542,1,2026-06-24,mobile_app,refunded
1145,193,7,2026-06-15,mobile_app,completed
1146,303,5,2026-09-14,mobile_app,completed
1147,542,5,2026-08-03,mobile_app,completed
1148,400,7,2026-04-06,web,refunded
1149,349,5,2026-03-19,web,cancelled
1150,316,5,2026-08-28,marketplace,cancelled
1151,138,1,2026-07-27,marketplace,completed
1152,364,5,2026-08-30,marketplace,cancelled
1153,466,2,2026-05-31,marketplace,completed
1154,94,8,2026-08-12,web,cancelled
1155,36,2,2026-05-06,marketplace,completed
1156,214,1,2026-05-03,marketplace,refunded
1157,563,1,2026-04-03,web,refunded
1158,219,6,2026-09-17,web,completed
1159,73,5,2025-10-07,web,refunded
1160,162,3,2025-10-31,web,completed
1161,95,5,2025-10-01,web,refunded
1162,99,7,2025-12-08,web,cancelled
1163,209,2,2026-05-18,web,completed
1164,54,3,2026-09-16,mobile_app,completed
1165,6,4,2026-08-05,mobile_app,refunded
1166,240,2,2026-08-19,web,completed
1167,19,2,2026-05-03,mobile_app,completed
1168,587,7,2026-07-21,marketplace,refunded
1169,151,5,2026-01-26,web,completed
1170,57,1,2026-08-09,marketplace,completed
1171,576,4,2026-04-29,mobile_app,completed
1172,445,3,2026-03-23,mobile_app,completed
1173,222,7,2026-07-19,web,completed
1174,124,5,2026-07-04,mobile_app,refunded
1175,527,7,2026-02-27,web,completed
1176,207,4,2026-03-27,marketplace,completed
1177,83,2,2026-04-19,marketplace,completed
1178,597,3,2026-08-29,web,completed
1179,401,8,2026-03-27,web,completed
1180,486,3,2026-08-16,marketplace,refunded
1181,136,3,2026-07-31,web,completed
1182,169,3,2026-08-19,web,completed
1183,354,4,2026-08-24,mobile_app,completed
1184,271,3,2026-01-11,marketplace,cancelled
1185,283,4,2026-07-17,mobile_app,refunded
1186,146,8,2026-08-19,marketplace,cancelled
1187,268,7,2026-08-21,web,refunded
1188,557,6,2026-07-07,web,completed
1189,415,3,2026-08-30,web,cancelled
1190,230,3,2026-09-19,web,completed
1191,75,3,2026-06-09,web,completed
1192,555,1,2025-11-29,web,cancelled
1193,236,5,2026-08-25,marketplace,completed
1194,87,8,2025-11-02,web,completed
1195,192,8,2025-08-17,mobile_app,refunded
1196,447,3,2026-09-01,web,completed
1197,537,3,2025-11-11,marketplace,completed
1198,370,6,2026-07-17,marketplace,completed
1199,258,7,2026-04-25,mobile_app,refunded
1200,276,4,2026-09-02,web,completed
1201,352,3,2026-06-09,mobile_app,completed
1202,502,7,2026-08-23,marketplace,completed
1203,314,2,2026-08-24,web,completed
1204,39,4,2026-03-09,mobile_app,refunded
1205,110,6,2026-08-04,marketplace,cancelled
1206,244,6,2026-07-12,web,completed
1207,112,2,2026-04-09,web,refunded
1208,485,3,2026-08-30,mobile_app,completed
1209,241,6,2026-09-19,mobile_app,completed
1210,60,7,2026-03-13,mobile_app,refunded
1211,348,6,2026-09-16,mobile_app,completed
1212,7,5,2025-06-05,mobile_app,completed
1213,119,2,2026-03-21,web,refunded
1214,35,7,2026-02-17,marketplace,completed
1215,393,8,2026-09-01,web,completed
1216,376,3,2026-09-16,mobile_app,completed
1217,109,2,2026-06-06,web,completed
1218,61,2,2026-01-25,marketplace,cancelled
1219,567,3,2026-06-10,mobile_app,completed
1220,576,7,2026-05-19,web,completed
1221,55,2,2026-03-31,marketplace,cancelled
1222,191,3,2026-03-10,web,completed
1223,243,6,2026-06-04,marketplace,completed
1224,428,8,2025-11-05,marketplace,completed
1225,511,2,2026-09-13,web,cancelled
1226,480,2,2026-09-07,web,refunded
1227,374,1,2026-08-08,marketplace,cancelled
1228,477,8,2026-08-18,mobile_app,completed
1229,548,1,2026-06-05,web,refunded
1230,398,6,2026-06-23,web,completed
1231,357,4,2025-11-27,mobile_app,completed
1232,482,8,2026-04-01,web,completed
1233,478,2,2026-03-15,web,completed
1234,133,1,2025-11-12,mobile_app,completed
1235,220,4,2025-12-28,mobile_app,completed
1236,534,5,2025-07-26,web,completed
1237,572,3,2026-07-02,mobile_app,completed
1238,294,4,2026-07-09,marketplace,completed
1239,583,8,2026-08-20,web,completed
1240,146,6,2026-05-15,marketplace,completed
1241,77,8,2026-01-08,web,completed
1242,63,2,2026-09-14,mobile_app,cancelled
1243,268,1,2026-02-18,web,cancelled
1244,578,7,2026-09-03,mobile_app,completed
1245,445,1,2025-10-01,web,completed
1246,529,2,2026-04-10,marketplace,completed
1247,63,1,2026-09-14,mobile_app,completed
1248,544,4,2026-08-01,mobile_app,completed
1249,187,6,2026-04-06,mobile_app,completed
1250,206,8,2026-06-18,mobile_app,completed
1251,487,5,2026-04-12,mobile_app,completed
1252,458,8,2026-08-16,web,completed
1253,577,5,2026-08-21,marketplace,cancelled
1254,68,1,2026-06-25,mobile_app,cancelled
1255,450,7,2026-02-14,marketplace,cancelled
1256,239,7,2026-04-16,web,cancelled
1257,457,5,2026-07-11,web,completed
1258,92,3,2026-05-08,marketplace,completed
1259,559,6,2026-08-08,marketplace,completed
1260,521,2,2025-11-12,marketplace,cancelled
1261,239,6,2026-07-27,mobile_app,refunded
1262,27,7,2026-06-12,mobile_app,completed
1263,413,2,2026-07-11,web,cancelled
1264,52,6,2026-08-08,web,completed
1265,595,7,2026-09-06,web,completed
1266,387,8,2026-08-30,marketplace,completed
1267,255,7,2026-08-17,web,refunded
1268,347,3,2026-02-15,mobile_app,completed
1269,514,7,2025-11-26,web,completed
1270,23,2,2025-12-20,web,completed
1271,168,2,2026-04-26,web,cancelled
1272,45,2,2026-07-16,mobile_app,completed
1273,128,1,2026-06-02,web,completed
1274,67,5,2026-09-14,marketplace,completed
1275,530,6,2026-01-20,marketplace,cancelled
1276,552,4,2026-09-17,marketplace,cancelled
1277,51,3,2026-05-26,marketplace,completed
1278,64,7,2025-12-27,web,cancelled
1279,389,1,2026-09-06,marketplace,completed
1280,571,8,2026-09-14,mobile_app,completed
1281,166,5,2025-10-04,mobile_app,cancelled
1282,197,1,2026-08-29,mobile_app,cancelled
1283,134,7,2026-08-19,mobile_app,completed
1284,55,7,2026-01-01,web,cancelled
1285,463,8,2026-08-26,marketplace,refunded
1286,103,5,2025-08-24,marketplace,completed
1287,201,6,2025-12-10,mobile_app,completed
1288,419,3,2026-09-02,marketplace,completed
1289,234,7,2026-06-10,marketplace,completed
1290,173,3,2026-05-19,mobile_app,refunded
1291,275,7,2025-08-11,mobile_app,completed
1292,79,4,2026-05-14,web,completed
1293,171,4,2026-03-25,marketplace,completed
1294,43,4,2026-05-03,web,completed
1295,13,2,2025-11-23,marketplace,refunded
1296,518,2,2026-05-18,mobile_app,completed
1297,55,6,2026-04-14,marketplace,cancelled
1298,223,2,2026-06-12,web,cancelled
1299,552,7,2026-05-21,marketplace,cancelled
1300,141,1,2025-12-21,web,completed
1301,244,3,2026-08-17,web,cancelled
1302,125,1,2026-09-16,web,cancelled
1303,396,2,2026-07-19,web,completed
1304,572,8,2026-09-01,marketplace,cancelled
1305,241,6,2026-08-12,marketplace,completed
1306,432,4,2026-09-10,mobile_app,completed
1307,414,5,2026-05-03,mobile_app,completed
1308,14,6,2026-08-21,mobile_app,completed
1309,231,8,2026-04-22,marketplace,completed
1310,377,4,2026-09-19,mobile_app,completed
1311,164,1,2026-03-21,marketplace,completed
1312,580,8,2026-06-13,marketplace,completed
1313,440,2,2026-03-17,marketplace,completed
1314,535,3,2026-08-29,mobile_app,completed
1315,6,3,2026-08-27,web,completed
1316,142,3,2026-03-23,web,completed
1317,565,7,2026-06-24,web,completed
1318,271,3,2026-06-22,web,completed
1319,376,1,2026-08-24,marketplace,cancelled
1320,225,7,2026-09-19,mobile_app,refunded
1321,140,8,2025-12-03,web,refunded
1322,464,7,2025-09-19,web,completed
1323,119,1,2026-07-27,marketplace,completed
1324,438,1,2025-08-18,marketplace,cancelled
1325,73,1,2026-03-13,web,completed
1326,582,4,2026-07-30,mobile_app,completed
1327,528,4,2025-09-16,mobile_app,refunded
1328,188,5,2026-06-27,web,completed
1329,416,7,2026-05-02,web,refunded
1330,182,7,2026-06-02,marketplace,cancelled
1331,455,7,2026-04-10,mobile_app,cancelled
1332,35,6,2026-02-26,web,refunded
1333,317,2,2025-12-26,web,completed
1334,520,1,2026-05-12,web,completed
1335,25,6,2026-02-03,web,cancelled
1336,322,6,2026-08-15,web,cancelled
1337,52,6,2026-07-27,web,completed
1338,33,8,2026-08-12,web,completed
1339,29,2,2026-04-25,web,completed
1340,222,1,2026-08-25,web,cancelled
1341,74,2,2026-09-01,web,completed
1342,349,7,2025-08-28,web,completed
1343,584,1,2026-09-06,mobile_app,completed
1344,274,4,2026-09-03,marketplace,cancelled
1345,231,8,2025-12-09,mobile_app,completed
1346,389,7,2026-09-01,web,completed
1347,587,4,2026-08-30,web,cancelled
1348,432,1,2026-05-04,marketplace,completed
1349,7,6,2026-02-08,mobile_app,refunded
1350,434,1,2025-10-11,web,completed
1351,379,2,2026-05-31,mobile_app,completed
1352,564,7,2026-05-24,marketplace,completed
1353,128,8,2026-09-19,marketplace,completed
1354,445,7,2025-11-23,web,cancelled
1355,570,1,2026-04-08,mobile_app,completed
1356,561,3,2026-07-20,marketplace,completed
1357,489,3,2025-10-25,marketplace,completed
1358,160,5,2025-06-08,mobile_app,completed
1359,201,1,2025-11-05,web,cancelled
1360,153,3,2026-07-23,marketplace,refunded
1361,96,1,2026-02-06,mobile_app,completed
1362,237,6,2026-04-15,mobile_app,completed
1363,76,1,2026-08-05,web,completed
1364,155,4,2026-05-08,web,completed
1365,42,7,2026-03-03,web,completed
1366,371,5,2025-10-25,mobile_app,completed
1367,194,7,2026-08-21,mobile_app,completed
1368,386,3,2025-09-18,web,completed
1369,352,5,2026-09-02,marketplace,cancelled
1370,505,2,2026-05-09,marketplace,refunded
1371,246,5,2026-06-19,mobile_app,cancelled
1372,252,1,2026-01-17,marketplace,refunded
1373,542,6,2026-08-11,marketplace,completed
1374,465,5,2026-09-14,marketplace,completed
1375,396,7,2026-09-17,web,cancelled
1376,587,5,2026-02-22,marketplace,refunded
1377,409,6,2026-09-19,marketplace,completed
1378,246,2,2026-07-19,mobile_app,cancelled
1379,558,3,2026-09-03,mobile_app,completed
1380,219,7,2026-09-11,web,completed
1381,365,2,2026-07-12,web,completed
1382,287,7,2026-07-29,marketplace,refunded
1383,26,6,2026-09-12,marketplace,completed
1384,441,7,2025-12-06,web,cancelled
1385,48,6,2026-08-14,web,completed
1386,496,3,2026-09-09,web,cancelled
1387,309,2,2026-08-28,web,refunded
1388,158,3,2026-05-20,marketplace,cancelled
1389,497,3,2026-09-01,marketplace,completed
1390,454,4,2026-05-15,marketplace,cancelled
1391,90,1,2026-08-28,mobile_app,completed
1392,518,4,2026-04-15,mobile_app,cancelled
1393,128,6,2026-06-17,marketplace,completed
1394,454,4,2026-05-24,web,completed
1395,109,3,2026-07-16,mobile_app,completed
1396,399,8,2026-01-05,web,cancelled
1397,279,8,2026-06-24,mobile_app,cancelled
1398,323,5,2026-03-26,web,refunded
1399,585,6,2026-08-28,mobile_app,completed
1400,488,5,2026-05-19,marketplace,completed
1401,69,5,2026-05-12,web,completed
1402,279,2,2025-12-11,marketplace,completed
1403,141,7,2025-08-23,web,completed
1404,509,2,2026-07-10,web,completed
1405,581,1,2026-03-27,marketplace,completed
1406,399,8,2026-08-14,mobile_app,cancelled
1407,208,7,2026-01-23,mobile_app,completed
1408,239,3,2026-04-03,web,completed
1409,52,8,2026-07-22,mobile_app,completed
1410,461,2,2026-09-19,mobile_app,completed
1411,339,4,2026-06-03,mobile_app,completed
1412,437,8,2026-05-11,mobile_app,completed
1413,367,7,2026-03-30,web,completed
1414,359,3,2025-08-06,mobile_app,completed
1415,574,6,2026-04-03,mobile_app,completed
1416,75,7,2026-02-18,marketplace,completed
1417,575,1,2026-03-25,marketplace,completed
1418,546,5,2026-07-22,web,cancelled
1419,133,2,2025-09-12,mobile_app,cancelled
1420,532,7,2025-11-16,mobile_app,completed
1421,581,7,2025-12-07,web,refunded
1422,365,2,2026-07-04,web,completed
1423,483,7,2026-07-22,web,completed
1424,229,4,2026-07-15,mobile_app,completed
1425,35,5,2026-08-08,mobile_app,completed
1426,462,7,2026-07-27,marketplace,completed
1427,322,3,2026-07-08,marketplace,cancelled
1428,293,4,2026-08-11,web,completed
1429,168,5,2026-04-15,mobile_app,cancelled
1430,140,7,2025-07-22,marketplace,completed
1431,236,5,2025-12-02,mobile_app,completed
1432,356,1,2026-03-28,web,completed
1433,265,4,2026-07-01,web,completed
1434,470,1,2025-09-20,web,refunded
1435,560,2,2026-02-27,mobile_app,cancelled
1436,369,8,2025-12-08,web,completed
1437,352,5,2026-06-07,marketplace,completed
1438,79,2,2026-06-02,web,completed
1439,526,6,2026-01-01,marketplace,completed
1440,258,6,2026-09-03,marketplace,completed
1441,180,7,2026-04-09,marketplace,refunded
1442,148,7,2025-07-17,marketplace,completed
1443,201,5,2026-02-11,mobile_app,refunded
1444,22,6,2026-07-25,marketplace,completed
1445,187,4,2026-05-01,web,completed
1446,429,6,2026-02-05,marketplace,refunded
1447,29,3,2026-07-04,web,completed
1448,239,3,2026-06-22,marketplace,completed
1449,28,6,2026-09-09,web,cancelled
1450,42,4,2025-09-10,marketplace,completed
1451,178,5,2026-07-28,marketplace,completed
1452,446,8,2026-03-23,mobile_app,completed
1453,399,3,2026-02-08,marketplace,refunded
1454,584,8,2026-08-18,mobile_app,refunded
1455,122,4,2026-07-17,mobile_app,cancelled
1456,77,5,2026-01-27,marketplace,completed
1457,260,2,2026-08-11,mobile_app,completed
1458,285,2,2026-08-08,marketplace,cancelled
1459,59,7,2026-04-15,mobile_app,refunded
1460,64,4,2025-09-04,marketplace,completed
1461,99,1,2025-10-11,mobile_app,completed
1462,2,3,2026-07-05,mobile_app,completed
1463,570,7,2025-10-31,marketplace,refunded
1464,345,7,2026-05-30,web,completed
1465,518,4,2026-04-15,marketplace,completed
1466,21,8,2026-07-16,mobile_app,refunded
1467,273,3,2025-11-28,mobile_app,cancelled
1468,307,3,2026-07-03,marketplace,completed
1469,386,7,2026-04-12,marketplace,cancelled
1470,167,5,2026-04-10,marketplace,completed
1471,147,5,2026-07-10,web,completed
1472,262,5,2026-03-04,mobile_app,completed
1473,421,8,2026-08-20,marketplace,completed
1474,29,1,2026-05-12,marketplace,completed
1475,33,8,2026-06-02,web,completed
1476,533,1,2026-06-17,marketplace,cancelled
1477,109,4,2026-07-30,web,completed
1478,48,7,2026-07-02,marketplace,completed
1479,449,5,2026-05-27,mobile_app,completed
1480,36,4,2025-05-16,mobile_app,completed
1481,45,6,2026-08-20,mobile_app,completed
1482,490,7,2026-03-03,web,completed
1483,221,5,2026-06-22,mobile_app,completed
1484,492,5,2026-06-11,marketplace,completed
1485,231,2,2026-05-08,web,completed
1486,4,3,2026-07-11,marketplace,completed
1487,147,7,2026-08-06,mobile_app,completed
1488,321,6,2026-09-18,mobile_app,completed
1489,372,5,2026-08-03,mobile_app,completed
1490,542,5,2026-09-10,web,cancelled
1491,237,1,2026-05-10,web,completed
1492,71,3,2026-06-05,mobile_app,completed
1493,548,2,2026-04-10,mobile_app,cancelled
1494,569,2,2026-09-01,mobile_app,completed
1495,218,8,2026-04-25,marketplace,cancelled
1496,110,8,2026-08-22,web,completed
1497,167,2,2026-06-05,mobile_app,completed
1498,264,7,2026-09-05,mobile_app,completed
1499,492,4,2026-03-20,marketplace,completed
1500,295,7,2026-03-03,mobile_app,completed
1501,533,2,2026-06-20,marketplace,refunded
1502,452,2,2026-09-16,web,cancelled
1503,337,5,2026-08-15,mobile_app,completed
1504,108,4,2025-10-26,marketplace,completed
1505,350,2,2026-08-26,web,completed
1506,171,8,2026-09-17,marketplace,completed
1507,574,4,2026-07-04,web,refunded
1508,13,7,2026-04-17,web,completed
1509,599,3,2026-02-21,marketplace,completed
1510,544,2,2026-08-07,marketplace,cancelled
1511,63,8,2026-09-04,web,completed
1512,358,7,2026-09-13,marketplace,cancelled
1513,8,6,2026-08-21,mobile_app,completed
1514,462,6,2026-07-15,mobile_app,completed
1515,44,4,2026-09-03,mobile_app,completed
1516,352,2,2026-03-29,mobile_app,completed
1517,332,6,2026-04-10,marketplace,refunded
1518,560,4,2025-07-06,web,completed
1519,105,5,2026-04-10,mobile_app,completed
1520,325,1,2026-09-16,marketplace,completed
1521,584,5,2026-05-26,marketplace,completed
1522,465,1,2026-09-06,marketplace,refunded
1523,516,8,2026-07-27,web,refunded
1524,258,1,2026-04-03,marketplace,completed
1525,525,1,2026-07-17,web,refunded
1526,36,8,2026-05-06,mobile_app,completed
1527,507,5,2026-07-05,web,completed
1528,148,8,2025-08-02,web,cancelled
1529,297,4,2026-07-05,web,completed
1530,391,1,2025-11-29,web,completed
1531,585,1,2026-05-28,web,completed
1532,342,1,2026-09-06,mobile_app,refunded
1533,463,2,2026-06-21,web,completed
1534,287,2,2026-07-31,mobile_app,completed
1535,71,8,2026-02-15,mobile_app,refunded
1536,135,2,2026-05-29,marketplace,completed
1537,18,8,2026-05-29,mobile_app,completed
1538,362,3,2026-08-11,mobile_app,completed
1539,360,3,2026-03-07,web,completed
1540,596,7,2026-09-11,marketplace,completed
1541,220,1,2026-08-04,web,completed
1542,113,5,2026-03-16,marketplace,completed
1543,131,6,2026-09-09,web,completed
1544,121,7,2026-03-19,mobile_app,completed
1545,205,3,2026-05-28,web,cancelled
1546,532,5,2025-11-30,marketplace,completed
1547,122,1,2026-07-02,marketplace,cancelled
1548,156,8,2025-12-27,web,completed
1549,561,5,2026-08-01,mobile_app,completed
1550,284,7,2026-05-24,web,completed
1551,99,6,2026-07-04,web,refunded
1552,71,4,2025-12-20,mobile_app,completed
1553,280,8,2026-09-09,web,completed
1554,142,1,2025-11-30,web,refunded
1555,544,2,2026-08-10,mobile_app,completed
1556,320,4,2026-08-17,mobile_app,refunded
1557,340,7,2026-01-09,web,completed
1558,408,1,2026-06-11,mobile_app,refunded
1559,89,3,2025-11-19,web,completed
1560,271,1,2026-09-15,mobile_app,cancelled
1561,451,5,2026-06-11,mobile_app,refunded
1562,341,8,2026-06-22,marketplace,completed
1563,572,8,2026-09-12,mobile_app,completed
1564,397,7,2026-01-19,web,refunded
1565,559,5,2026-02-06,marketplace,completed
1566,371,2,2025-10-02,marketplace,completed
1567,215,7,2026-05-10,marketplace,completed
1568,365,3,2026-07-11,web,completed
1569,564,8,2026-06-03,web,completed
1570,231,5,2026-05-20,marketplace,cancelled
1571,101,1,2026-08-06,web,completed
1572,201,3,2026-03-22,web,completed
1573,53,7,2026-02-22,web,completed
1574,518,1,2026-06-12,web,completed
1575,51,5,2026-05-18,web,completed
1576,120,8,2025-10-08,marketplace,completed
1577,425,2,2026-06-28,marketplace,cancelled
1578,537,1,2026-04-28,marketplace,refunded
1579,349,3,2025-10-06,marketplace,completed
1580,572,8,2026-05-24,marketplace,cancelled
1581,480,4,2026-09-12,mobile_app,cancelled
1582,29,8,2026-09-16,web,completed
1583,124,6,2026-08-09,web,completed
1584,109,5,2026-05-04,marketplace,completed
1585,361,1,2026-05-18,web,refunded
1586,405,2,2026-09-06,mobile_app,completed
1587,366,2,2025-06-11,web,completed
1588,223,5,2026-04-08,web,completed
1589,300,1,2026-09-19,web,completed
1590,378,6,2025-08-20,marketplace,completed
1591,4,2,2025-12-10,mobile_app,completed
1592,484,6,2025-12-25,marketplace,completed
1593,79,6,2026-08-08,web,refunded
1594,350,7,2026-07-07,marketplace,completed
1595,393,5,2026-08-09,mobile_app,completed
1596,105,1,2025-12-10,marketplace,completed
1597,63,6,2026-09-06,mobile_app,completed
1598,75,6,2026-02-16,marketplace,completed
1599,152,5,2026-08-10,web,completed
1600,70,4,2026-03-16,marketplace,refunded
1601,54,1,2026-02-18,mobile_app,refunded
1602,538,3,2026-09-08,mobile_app,refunded
1603,264,4,2026-07-10,marketplace,completed
1604,348,7,2026-03-01,web,completed
1605,185,3,2026-03-01,marketplace,cancelled
1606,476,8,2026-04-02,mobile_app,completed
1607,566,4,2025-12-13,web,completed
1608,31,1,2025-12-22,web,cancelled
1609,26,1,2026-07-16,web,completed
1610,41,1,2026-08-24,mobile_app,cancelled
1611,577,7,2026-04-21,web,cancelled
1612,112,4,2026-07-24,web,completed
1613,49,7,2026-02-08,web,refunded
1614,176,5,2026-06-02,mobile_app,refunded
1615,383,1,2026-02-20,marketplace,completed
1616,106,3,2026-09-14,marketplace,refunded
1617,80,5,2026-09-15,web,cancelled
1618,367,6,2026-03-12,marketplace,completed
1619,35,5,2025-09-18,marketplace,refunded
1620,253,7,2026-06-03,web,refunded
1621,578,4,2026-08-08,web,refunded
1622,455,7,2026-08-17,mobile_app,completed
1623,164,7,2025-10-07,web,refunded
1624,235,4,2025-08-10,marketplace,completed
1625,393,3,2026-08-14,marketplace,refunded
1626,235,3,2025-07-03,marketplace,completed
1627,11,4,2026-02-18,marketplace,completed
1628,51,8,2026-09-07,marketplace,refunded
1629,559,5,2025-10-23,marketplace,cancelled
1630,505,7,2025-07-30,marketplace,completed
1631,441,1,2025-11-13,web,completed
1632,516,4,2026-05-04,marketplace,cancelled
1633,599,5,2026-08-19,web,completed
1634,359,3,2025-06-15,mobile_app,cancelled
1635,93,4,2026-07-05,mobile_app,cancelled
1636,180,1,2026-08-03,marketplace,completed
1637,54,4,2026-05-18,web,completed
1638,41,2,2026-07-14,web,cancelled
1639,206,3,2026-05-31,web,completed
1640,48,3,2026-02-19,mobile_app,refunded
1641,447,4,2026-05-28,marketplace,completed
1642,151,4,2025-12-02,web,cancelled
1643,399,5,2026-02-28,web,completed
1644,536,7,2026-01-20,web,completed
1645,349,8,2025-08-04,web,completed
1646,579,3,2025-11-27,web,completed
1647,274,3,2025-10-22,web,cancelled
1648,584,5,2026-04-14,marketplace,completed
1649,479,7,2026-03-16,marketplace,completed
1650,321,5,2026-09-19,web,cancelled
1651,241,1,2026-07-14,web,cancelled
1652,97,5,2026-05-26,mobile_app,completed
1653,556,6,2026-08-24,mobile_app,completed
1654,69,2,2026-05-12,marketplace,completed
1655,113,5,2025-06-02,mobile_app,cancelled
1656,576,4,2026-07-19,mobile_app,completed
1657,252,8,2025-11-28,marketplace,completed
1658,431,8,2026-06-14,marketplace,refunded
1659,224,1,2026-08-29,mobile_app,cancelled
1660,25,6,2026-07-25,web,refunded
1661,80,8,2026-09-18,web,refunded
1662,595,2,2026-09-16,marketplace,completed
1663,7,5,2026-07-03,marketplace,cancelled
1664,549,4,2026-07-19,web,refunded
1665,20,7,2026-02-21,mobile_app,completed
1666,66,8,2026-03-13,web,cancelled
1667,544,5,2026-07-17,web,refunded
1668,515,7,2026-07-08,marketplace,completed
1669,389,3,2026-09-11,marketplace,refunded
1670,457,1,2026-07-16,marketplace,completed
1671,154,7,2026-08-16,marketplace,completed
1672,20,6,2026-05-21,marketplace,completed
1673,3,2,2026-03-23,marketplace,refunded
1674,123,3,2025-12-28,mobile_app,completed
1675,391,5,2026-06-29,mobile_app,completed
1676,383,1,2026-04-11,marketplace,completed
1677,373,5,2026-02-05,marketplace,completed
1678,385,5,2026-06-26,web,completed
1679,451,5,2026-04-19,marketplace,cancelled
1680,279,2,2026-08-21,mobile_app,completed
1681,391,7,2026-03-05,mobile_app,cancelled
1682,189,3,2026-01-09,web,refunded
1683,159,4,2026-03-08,web,refunded
1684,192,7,2026-02-10,web,refunded
1685,253,4,2025-08-01,marketplace,completed
1686,11,2,2025-09-24,mobile_app,completed
1687,313,5,2026-06-08,marketplace,refunded
1688,136,7,2026-06-25,marketplace,completed
1689,12,3,2026-06-05,web,completed
1690,129,1,2026-06-25,marketplace,refunded
1691,3,7,2026-04-05,web,completed
1692,326,4,2025-09-16,mobile_app,refunded
1693,232,3,2026-01-17,web,completed
1694,199,4,2026-03-26,mobile_app,completed
1695,564,5,2026-08-09,mobile_app,completed
1696,482,2,2026-06-24,mobile_app,completed
1697,245,6,2026-06-14,web,refunded
1698,363,2,2026-05-16,marketplace,completed
1699,278,6,2026-09-01,web,completed
1700,320,1,2026-08-14,web,completed
1701,41,7,2026-08-11,marketplace,completed
1702,347,7,2026-02-09,mobile_app,refunded
1703,22,1,2026-02-21,mobile_app,refunded
1704,554,2,2026-08-12,web,refunded
1705,551,1,2025-12-13,mobile_app,completed
1706,413,8,2026-07-04,marketplace,completed
1707,8,5,2026-08-01,mobile_app,completed
1708,202,2,2026-03-14,mobile_app,completed
1709,418,7,2026-02-24,web,completed
1710,17,8,2025-07-18,web,completed
1711,54,7,2026-02-11,mobile_app,completed
1712,544,7,2026-09-17,mobile_app,completed
1713,12,2,2026-05-07,web,completed
1714,147,5,2026-06-16,mobile_app,completed
1715,376,3,2026-08-07,mobile_app,refunded
1716,547,8,2026-08-13,mobile_app,completed
1717,289,4,2026-08-18,marketplace,refunded
1718,575,7,2026-02-27,mobile_app,cancelled
1719,172,6,2026-03-09,web,cancelled
1720,54,7,2026-01-02,web,cancelled
1721,555,1,2026-02-06,mobile_app,completed
1722,28,4,2026-04-15,marketplace,completed
1723,93,2,2026-08-07,mobile_app,completed
1724,215,5,2026-04-08,mobile_app,completed
1725,127,2,2026-07-10,marketplace,refunded
1726,507,8,2026-03-18,mobile_app,completed
1727,251,2,2026-09-13,marketplace,completed
1728,248,3,2026-04-24,marketplace,completed
1729,405,3,2026-09-15,mobile_app,completed
1730,230,6,2026-09-19,marketplace,completed
1731,590,1,2026-06-19,web,completed
1732,538,1,2025-07-28,marketplace,refunded
1733,583,4,2026-07-15,web,completed
1734,403,4,2026-04-28,marketplace,refunded
1735,505,4,2026-02-24,web,completed
1736,35,5,2025-12-15,marketplace,completed
1737,321,5,2026-09-18,web,completed
1738,277,7,2026-04-22,mobile_app,cancelled
1739,441,1,2026-07-15,web,completed
1740,323,4,2026-06-28,web,completed
1741,322,4,2025-07-17,web,refunded
1742,104,2,2025-09-21,marketplace,cancelled
1743,576,1,2026-06-25,web,completed
1744,448,4,2026-02-22,marketplace,completed
1745,526,3,2026-08-24,web,completed
1746,51,4,2026-08-04,marketplace,cancelled
1747,278,6,2026-05-07,marketplace,completed
1748,207,1,2026-06-17,marketplace,cancelled
1749,394,2,2026-06-23,mobile_app,completed
1750,536,6,2026-02-08,mobile_app,completed
1751,396,7,2026-07-27,marketplace,completed
1752,362,3,2026-08-07,web,completed
1753,148,4,2026-07-05,web,refunded
1754,21,1,2026-06-05,marketplace,completed
1755,341,4,2026-05-05,web,completed
1756,590,5,2026-08-08,mobile_app,completed
1757,277,6,2026-08-30,web,completed
1758,229,6,2026-05-15,marketplace,cancelled
1759,363,5,2026-06-20,marketplace,completed
1760,320,2,2026-08-16,marketplace,completed
1761,69,5,2026-06-18,marketplace,refunded
1762,284,3,2025-08-01,web,completed
1763,562,5,2025-12-08,web,cancelled
1764,187,2,2026-08-08,mobile_app,completed
1765,554,3,2026-09-09,mobile_app,completed
1766,157,3,2026-06-11,web,completed
1767,37,5,2026-08-31,marketplace,completed
1768,509,2,2026-08-07,marketplace,completed
1769,310,7,2026-04-29,web,completed
1770,160,8,2026-09-12,mobile_app,completed
1771,409,1,2026-09-03,marketplace,completed
1772,397,2,2026-06-24,marketplace,cancelled
1773,38,3,2025-12-31,web,completed
1774,448,8,2026-05-05,web,completed
1775,524,4,2026-05-29,web,refunded
1776,175,6,2026-03-09,mobile_app,completed
1777,34,2,2026-05-11,marketplace,completed
1778,79,8,2026-07-04,web,completed
1779,331,8,2026-03-25,web,completed
1780,462,1,2026-07-03,web,completed
1781,270,5,2026-06-06,web,refunded
1782,443,6,2026-06-11,mobile_app,refunded
1783,597,3,2026-09-12,marketplace,completed
1784,214,2,2026-05-06,mobile_app,completed
1785,261,7,2026-03-23,mobile_app,completed
1786,299,5,2026-07-29,mobile_app,refunded
1787,558,8,2026-08-15,mobile_app,completed
1788,566,5,2025-06-26,web,completed
1789,60,4,2026-07-27,marketplace,completed
1790,248,1,2026-04-16,web,cancelled
1791,387,2,2026-09-07,web,completed
1792,33,3,2026-05-26,web,cancelled
1793,449,7,2026-03-27,mobile_app,completed
1794,312,2,2026-04-24,mobile_app,cancelled
1795,405,5,2026-09-12,web,completed
1796,366,7,2026-05-20,marketplace,refunded
1797,95,1,2025-10-23,web,completed
1798,409,4,2026-09-15,marketplace,completed
1799,247,6,2026-03-09,mobile_app,completed
1800,469,6,2026-07-06,web,completed
1801,297,5,2026-07-05,web,completed
1802,53,8,2025-06-10,web,completed
1803,87,2,2025-11-23,mobile_app,completed
1804,107,2,2026-05-17,marketplace,completed
1805,55,1,2026-07-24,web,completed
1806,55,3,2026-04-01,marketplace,completed
1807,414,2,2026-06-30,mobile_app,completed
1808,580,7,2026-06-19,mobile_app,completed
1809,140,6,2025-12-03,web,completed
1810,78,5,2026-06-10,marketplace,cancelled
1811,530,2,2026-06-09,web,refunded
1812,291,5,2026-09-17,web,completed
1813,56,6,2026-09-15,web,cancelled
1814,484,2,2025-12-17,mobile_app,completed
1815,68,7,2026-06-12,web,completed
1816,485,7,2026-05-24,marketplace,completed
1817,239,7,2026-05-28,web,completed
1818,84,7,2025-09-13,web,completed
1819,423,3,2026-06-11,mobile_app,completed
1820,202,1,2026-08-18,web,completed
1821,134,3,2025-12-19,web,completed
1822,434,1,2026-06-26,marketplace,completed
1823,126,4,2026-05-17,marketplace,completed
1824,593,5,2026-06-13,mobile_app,completed
1825,221,5,2026-02-19,marketplace,cancelled
1826,424,5,2026-08-30,marketplace,refunded
1827,114,7,2025-06-16,web,completed
1828,582,1,2026-09-09,web,completed
1829,430,4,2026-09-11,marketplace,completed
1830,91,2,2026-09-11,mobile_app,completed
1831,86,5,2026-05-31,marketplace,completed
1832,428,1,2025-11-03,marketplace,completed
1833,148,4,2025-07-22,mobile_app,refunded
1834,99,2,2026-06-15,web,refunded
1835,597,1,2026-07-26,web,refunded
1836,123,8,2025-07-15,marketplace,refunded
1837,523,5,2026-03-04,mobile_app,completed
1838,512,2,2026-06-17,marketplace,completed
1839,244,4,2026-04-15,mobile_app,refunded
1840,444,7,2026-03-09,marketplace,completed
1841,77,6,2025-10-22,mobile_app,completed
1842,584,1,2026-09-12,web,completed
1843,373,3,2026-06-16,web,completed
1844,392,1,2026-06-22,web,completed
1845,185,8,2026-04-21,web,completed
1846,422,1,2026-03-29,marketplace,completed
1847,197,2,2026-08-28,mobile_app,cancelled
1848,180,1,2026-07-24,marketplace,completed
1849,305,2,2026-09-10,web,completed
1850,327,3,2026-09-09,web,refunded
1851,247,1,2025-11-24,web,completed
1852,295,2,2026-05-23,marketplace,completed
1853,466,3,2026-03-31,marketplace,cancelled
1854,523,4,2026-08-08,web,completed
1855,150,8,2025-07-02,mobile_app,completed
1856,331,6,2026-06-09,marketplace,refunded
1857,306,7,2025-12-25,web,refunded
1858,455,7,2026-09-15,mobile_app,completed
1859,574,1,2025-07-04,web,completed
1860,165,5,2026-06-18,mobile_app,completed
1861,218,1,2026-04-12,mobile_app,completed
1862,316,6,2026-07-21,web,cancelled
1863,511,1,2026-09-01,web,cancelled
1864,347,4,2026-05-23,web,completed
1865,144,3,2026-09-05,marketplace,completed
1866,555,2,2026-08-02,mobile_app,completed
1867,6,3,2026-05-29,mobile_app,completed
1868,237,1,2026-06-29,mobile_app,completed
1869,217,8,2026-01-24,marketplace,completed
1870,102,6,2025-12-24,mobile_app,completed
1871,461,3,2026-06-23,web,refunded
1872,223,2,2026-03-23,mobile_app,cancelled
1873,14,5,2026-09-14,mobile_app,completed
1874,431,1,2026-08-30,mobile_app,completed
1875,590,6,2026-06-27,mobile_app,completed
1876,453,8,2025-09-19,marketplace,completed
1877,160,7,2025-06-14,marketplace,refunded
1878,30,6,2026-06-28,web,completed
1879,214,5,2026-05-29,web,refunded
1880,97,1,2026-04-06,mobile_app,cancelled
1881,378,8,2025-08-16,web,cancelled
1882,396,7,2026-08-07,mobile_app,completed
1883,142,7,2025-12-25,marketplace,completed
1884,113,1,2025-08-09,mobile_app,cancelled
1885,237,1,2026-09-15,marketplace,completed
1886,5,4,2025-08-04,mobile_app,completed
1887,120,1,2026-08-23,mobile_app,completed
1888,543,8,2026-08-22,marketplace,completed
1889,58,7,2026-01-03,mobile_app,completed
1890,206,3,2026-01-15,web,completed
1891,531,5,2026-02-08,web,completed
1892,522,7,2026-02-16,mobile_app,refunded
1893,344,5,2026-04-22,mobile_app,cancelled
1894,96,6,2026-04-22,web,refunded
1895,299,6,2026-07-31,marketplace,completed
1896,537,1,2026-07-29,mobile_app,completed
1897,395,4,2026-06-21,mobile_app,completed
1898,489,6,2026-01-08,marketplace,completed
1899,13,6,2025-12-27,mobile_app,refunded
1900,39,2,2026-03-26,mobile_app,refunded
1901,583,7,2026-09-18,mobile_app,completed
1902,329,4,2025-05-09,mobile_app,completed
1903,357,3,2026-06-19,marketplace,completed
1904,290,3,2026-07-08,web,completed
1905,497,1,2026-06-01,web,refunded
1906,210,8,2025-11-15,web,refunded
1907,328,6,2026-08-22,mobile_app,refunded
1908,9,4,2026-08-29,marketplace,cancelled
1909,119,5,2025-12-06,web,refunded
1910,9,3,2026-08-22,web,refunded
1911,286,5,2026-06-21,mobile_app,completed
1912,458,7,2026-06-16,web,completed
1913,387,5,2026-08-15,web,completed
1914,289,7,2026-07-30,marketplace,refunded
1915,78,1,2026-07-17,mobile_app,completed
1916,490,2,2026-04-26,mobile_app,completed
1917,156,1,2026-03-31,web,completed
1918,327,4,2025-12-31,mobile_app,completed
1919,249,7,2026-09-06,marketplace,refunded
1920,434,3,2025-11-07,mobile_app,completed
1921,36,3,2026-04-18,web,refunded
1922,147,7,2026-08-22,marketplace,refunded
1923,223,4,2026-05-25,web,completed
1924,39,4,2026-07-15,web,completed
1925,344,3,2026-03-04,marketplace,refunded
1926,226,7,2026-09-18,web,completed
1927,525,3,2025-10-06,marketplace,completed
1928,356,2,2026-02-07,web,completed
1929,459,3,2026-09-14,web,completed
1930,416,8,2026-09-17,marketplace,completed
1931,408,4,2026-09-16,mobile_app,refunded
1932,26,7,2026-07-18,marketplace,cancelled
1933,436,1,2026-05-08,marketplace,completed
1934,192,1,2026-05-12,mobile_app,refunded
1935,492,6,2026-07-20,marketplace,completed
1936,75,5,2026-09-13,web,refunded
1937,361,2,2026-08-29,marketplace,completed
1938,189,3,2026-02-28,marketplace,completed
1939,127,3,2026-03-12,mobile_app,cancelled
1940,401,3,2026-01-21,marketplace,completed
1941,353,3,2026-02-20,web,refunded
1942,394,1,2026-02-24,mobile_app,refunded
1943,434,8,2025-07-15,mobile_app,completed
1944,95,5,2026-07-11,mobile_app,completed
1945,312,4,2026-04-12,mobile_app,refunded
1946,429,4,2026-06-25,marketplace,refunded
1947,561,7,2026-08-02,mobile_app,completed
1948,158,8,2025-09-12,mobile_app,refunded
1949,419,4,2026-08-30,marketplace,cancelled
1950,365,5,2026-06-24,mobile_app,cancelled
1951,180,8,2026-07-18,web,completed
1952,288,4,2026-05-18,marketplace,refunded
1953,502,6,2026-05-19,mobile_app,refunded
1954,113,3,2025-11-25,marketplace,completed
1955,190,4,2026-03-23,mobile_app,completed
1956,239,6,2026-04-29,web,cancelled
1957,245,5,2026-08-01,web,completed
1958,353,6,2026-02-10,mobile_app,cancelled
1959,357,2,2026-04-13,mobile_app,completed
1960,226,7,2026-08-26,web,cancelled
1961,144,8,2025-12-14,mobile_app,cancelled
1962,524,1,2026-06-27,marketplace,completed
1963,61,6,2025-12-22,marketplace,completed
1964,544,6,2026-07-01,web,completed
1965,48,3,2026-07-02,marketplace,completed
1966,380,3,2026-09-16,marketplace,completed
1967,307,6,2026-06-20,web,completed
1968,161,2,2026-08-26,marketplace,completed
1969,151,8,2026-07-25,marketplace,completed
1970,166,7,2026-06-14,web,completed
1971,330,8,2026-08-20,mobile_app,completed
1972,300,2,2026-09-09,mobile_app,refunded
1973,182,7,2025-12-25,marketplace,completed
1974,407,1,2026-01-30,mobile_app,completed
1975,471,2,2026-04-21,marketplace,completed
1976,78,3,2026-07-13,mobile_app,cancelled
1977,288,5,2026-07-09,web,completed
1978,174,3,2026-08-29,web,cancelled
1979,89,7,2026-07-07,marketplace,refunded
1980,314,8,2026-08-29,web,completed
1981,133,2,2025-09-22,web,completed
1982,546,3,2026-07-04,web,completed
1983,312,6,2026-06-07,mobile_app,completed
1984,450,2,2026-07-31,marketplace,cancelled
1985,452,6,2026-08-16,mobile_app,refunded
1986,144,5,2026-02-19,marketplace,cancelled
1987,304,8,2026-03-03,mobile_app,completed
1988,105,4,2026-06-06,web,completed
1989,397,8,2026-05-23,web,completed
1990,29,8,2026-05-19,marketplace,completed
1991,393,5,2026-08-29,web,completed
1992,149,8,2026-08-19,web,completed
1993,198,2,2025-10-04,mobile_app,completed
1994,292,1,2026-08-17,mobile_app,completed
1995,560,6,2026-09-16,mobile_app,completed
1996,79,6,2026-08-20,mobile_app,completed
1997,473,8,2026-07-09,web,cancelled
1998,217,1,2026-04-12,mobile_app,refunded
1999,399,4,2025-12-25,mobile_app,cancelled
2000,540,1,2025-10-15,web,completed
2001,381,6,2026-08-07,marketplace,completed
2002,149,6,2026-07-17,web,cancelled
2003,432,2,2026-06-07,marketplace,refunded
2004,405,5,2026-09-08,mobile_app,completed
2005,54,8,2026-05-29,marketplace,completed
2006,285,3,2026-09-16,marketplace,completed
2007,193,2,2026-04-25,mobile_app,completed
2008,140,4,2025-09-13,marketplace,completed
2009,277,4,2026-05-12,web,cancelled
2010,318,5,2026-03-10,marketplace,completed
2011,316,2,2026-09-01,web,completed
2012,553,8,2025-12-21,web,refunded
2013,521,2,2026-01-27,marketplace,completed
2014,326,5,2025-12-06,web,completed
2015,356,7,2026-02-14,web,completed
2016,288,3,2026-09-18,mobile_app,completed
2017,182,5,2026-09-10,mobile_app,cancelled
2018,236,8,2026-03-22,mobile_app,completed
2019,261,7,2026-06-30,mobile_app,completed
2020,568,8,2026-09-10,mobile_app,completed
2021,573,6,2026-09-01,marketplace,refunded
2022,335,2,2025-09-28,mobile_app,completed
2023,349,8,2025-11-01,web,completed
2024,594,7,2025-11-30,marketplace,completed
2025,23,2,2026-06-27,mobile_app,completed
2026,443,6,2026-07-09,web,completed
2027,213,7,2026-04-21,marketplace,completed
2028,271,7,2026-03-18,web,cancelled
2029,247,8,2026-08-12,mobile_app,completed
2030,422,5,2026-01-06,marketplace,completed
2031,525,2,2026-02-20,web,completed
2032,592,2,2026-05-17,marketplace,completed
2033,502,7,2026-08-08,mobile_app,completed
2034,425,4,2026-07-11,marketplace,completed
2035,251,2,2026-08-04,marketplace,completed
2036,91,1,2026-08-26,mobile_app,cancelled
2037,473,7,2026-07-25,web,completed
2038,508,6,2026-06-19,marketplace,cancelled
2039,195,5,2026-05-20,web,cancelled
2040,289,3,2026-07-16,web,completed
2041,325,4,2026-08-27,marketplace,completed
2042,585,7,2026-05-07,mobile_app,cancelled
2043,342,6,2026-09-17,web,completed
2044,14,1,2026-03-18,marketplace,completed
2045,252,6,2026-03-07,mobile_app,completed
2046,514,7,2026-05-19,mobile_app,completed
2047,326,8,2026-02-05,mobile_app,completed
2048,524,5,2026-08-12,marketplace,cancelled
2049,378,6,2026-02-06,web,completed
2050,285,7,2026-07-15,web,cancelled
2051,91,1,2026-08-30,mobile_app,completed
2052,348,5,2025-11-30,mobile_app,completed
2053,106,3,2026-08-10,marketplace,refunded
2054,551,7,2026-08-11,mobile_app,cancelled
2055,518,3,2026-08-25,mobile_app,completed
2056,172,6,2026-04-28,mobile_app,completed
2057,183,2,2026-04-15,marketplace,completed
2058,43,2,2026-01-21,mobile_app,refunded
2059,248,2,2026-01-29,web,refunded
2060,484,2,2025-11-27,mobile_app,completed
2061,329,1,2025-11-25,mobile_app,completed
2062,418,5,2026-05-27,marketplace,completed
2063,313,5,2026-07-03,web,refunded
2064,106,2,2026-08-10,marketplace,completed
2065,138,3,2025-08-11,mobile_app,completed
2066,32,5,2026-09-01,mobile_app,completed
2067,467,3,2025-12-15,web,cancelled
2068,475,8,2026-05-06,marketplace,completed
2069,359,3,2025-07-26,marketplace,completed
2070,24,7,2026-06-15,web,refunded
2071,308,7,2026-08-02,marketplace,completed
2072,210,7,2025-09-14,mobile_app,completed
2073,454,6,2026-09-20,mobile_app,refunded
2074,199,5,2026-06-23,mobile_app,completed
2075,534,6,2026-03-30,marketplace,cancelled
2076,125,1,2026-09-18,mobile_app,completed
2077,368,7,2025-07-29,mobile_app,refunded
2078,404,5,2026-05-04,marketplace,completed
2079,191,3,2026-04-12,marketplace,completed
2080,306,7,2026-06-08,mobile_app,refunded
2081,589,8,2026-06-17,mobile_app,cancelled
2082,490,6,2026-06-06,marketplace,refunded
2083,284,2,2025-07-22,marketplace,refunded
2084,121,6,2026-08-04,web,completed
2085,319,8,2025-12-01,marketplace,completed
2086,39,6,2026-03-08,marketplace,cancelled
2087,313,7,2026-09-11,mobile_app,completed
2088,6,6,2025-12-14,web,refunded
2089,427,3,2025-09-01,mobile_app,completed
2090,274,3,2026-04-07,mobile_app,completed
2091,307,2,2026-08-07,marketplace,completed
2092,158,1,2026-05-11,web,completed
2093,223,1,2026-07-09,marketplace,completed
2094,380,5,2026-09-13,mobile_app,completed
2095,517,6,2025-06-25,mobile_app,completed
2096,284,5,2025-11-08,marketplace,completed
2097,555,4,2025-10-04,marketplace,completed
2098,38,6,2026-07-05,mobile_app,completed
2099,145,5,2025-10-25,marketplace,cancelled
2100,247,6,2026-04-11,web,refunded
2101,259,4,2026-08-18,mobile_app,completed
2102,229,8,2026-07-01,mobile_app,completed
2103,384,6,2026-03-22,web,completed
2104,19,6,2026-09-17,mobile_app,cancelled
2105,121,4,2026-03-04,web,completed
2106,456,5,2026-08-27,marketplace,cancelled
2107,222,6,2026-09-19,marketplace,refunded
2108,32,8,2025-12-25,marketplace,cancelled
2109,277,7,2026-09-12,marketplace,completed
2110,600,4,2026-03-22,mobile_app,completed
2111,365,7,2026-09-19,web,completed
2112,354,1,2026-07-20,web,cancelled
2113,233,4,2026-07-04,mobile_app,completed
2114,468,6,2026-09-13,marketplace,cancelled
2115,483,5,2026-09-11,marketplace,completed
2116,536,2,2026-02-03,web,completed
2117,171,7,2025-12-30,web,refunded
2118,582,5,2026-01-19,mobile_app,refunded
2119,325,2,2025-12-27,web,completed
2120,566,2,2026-07-17,marketplace,completed
2121,170,5,2025-12-23,marketplace,refunded
2122,2,7,2026-09-08,mobile_app,refunded
2123,477,6,2026-07-13,web,completed
2124,529,5,2026-07-10,web,completed
2125,479,2,2026-05-19,mobile_app,completed
2126,237,7,2026-07-10,mobile_app,cancelled
2127,566,6,2025-06-25,marketplace,cancelled
2128,69,7,2026-07-10,marketplace,completed
2129,179,1,2026-09-05,marketplace,completed
2130,516,2,2026-04-03,web,completed
2131,354,3,2026-07-22,marketplace,completed
2132,91,4,2026-08-05,web,refunded
2133,597,1,2026-09-08,web,completed
2134,34,8,2026-05-04,web,completed
2135,569,4,2026-09-11,mobile_app,completed
2136,230,8,2026-09-16,marketplace,completed
2137,182,7,2026-05-06,marketplace,completed
2138,45,8,2026-07-28,marketplace,cancelled
2139,350,8,2026-09-07,web,completed
2140,315,6,2026-06-26,mobile_app,completed
2141,591,6,2026-07-21,mobile_app,completed
2142,520,7,2026-03-07,marketplace,refunded
2143,418,3,2025-12-28,mobile_app,completed
2144,417,8,2026-02-10,mobile_app,completed
2145,192,7,2026-07-08,marketplace,cancelled
2146,248,4,2026-01-29,marketplace,cancelled
2147,3,3,2026-03-11,web,completed
2148,140,8,2026-03-29,marketplace,completed
2149,272,6,2026-01-24,mobile_app,completed
2150,147,6,2026-09-09,web,cancelled
2151,543,1,2026-09-11,marketplace,completed
2152,126,8,2026-04-28,web,refunded
2153,425,3,2026-07-19,marketplace,refunded
2154,318,7,2026-07-30,web,completed
2155,7,6,2026-08-21,web,completed
2156,320,3,2026-08-28,web,cancelled
2157,305,2,2026-09-15,mobile_app,refunded
2158,276,8,2026-05-26,mobile_app,completed
2159,416,8,2026-08-15,mobile_app,cancelled
2160,350,4,2026-06-28,web,cancelled
2161,146,4,2026-04-25,mobile_app,cancelled
2162,545,2,2025-12-12,marketplace,completed
2163,136,6,2026-06-24,web,completed
2164,4,4,2026-08-26,mobile_app,completed
2165,455,3,2026-02-20,web,completed
2166,422,6,2025-11-21,marketplace,completed
2167,72,8,2026-08-20,marketplace,completed
2168,351,8,2026-09-17,marketplace,completed
2169,531,1,2025-05-29,web,refunded
2170,32,1,2025-12-30,marketplace,completed
2171,495,3,2026-08-16,mobile_app,completed
2172,142,3,2025-09-19,web,completed
2173,275,1,2026-09-16,web,completed
2174,187,2,2026-04-30,mobile_app,completed
2175,338,5,2026-09-05,mobile_app,refunded
2176,428,8,2026-08-20,mobile_app,completed
2177,21,3,2026-05-17,marketplace,completed
2178,577,1,2026-02-13,mobile_app,completed
2179,501,6,2025-12-20,mobile_app,refunded
2180,148,1,2026-05-26,marketplace,cancelled
2181,20,4,2026-04-04,marketplace,completed
2182,227,8,2026-08-13,web,completed
2183,184,8,2026-07-06,mobile_app,completed
2184,470,4,2025-11-05,mobile_app,completed
2185,50,3,2026-06-21,mobile_app,completed
2186,92,6,2026-04-15,marketplace,refunded
2187,73,3,2025-09-14,mobile_app,completed
2188,94,6,2026-09-09,web,completed
2189,342,6,2026-08-28,mobile_app,refunded
2190,18,7,2026-09-09,web,completed
2191,443,1,2026-06-16,web,completed
2192,513,7,2026-07-08,marketplace,cancelled
2193,39,5,2026-03-14,mobile_app,completed
2194,153,2,2026-08-26,marketplace,cancelled
2195,361,6,2026-02-10,mobile_app,completed
2196,13,8,2026-07-08,web,refunded
2197,298,4,2026-09-13,mobile_app,completed
2198,229,4,2026-01-21,web,refunded
2199,473,8,2026-04-27,mobile_app,completed
2200,87,7,2026-01-13,web,completed
2201,450,3,2026-04-01,web,completed
2202,355,4,2026-07-01,web,completed
2203,111,7,2026-09-16,web,cancelled
2204,269,6,2026-06-30,mobile_app,completed
2205,38,4,2026-08-16,marketplace,completed
2206,14,5,2026-04-29,web,cancelled
2207,285,7,2026-04-10,mobile_app,completed
2208,103,7,2026-04-01,web,completed
2209,414,3,2026-04-01,web,completed
2210,40,8,2026-09-03,mobile_app,completed
2211,378,1,2026-04-06,mobile_app,completed
2212,520,7,2025-11-01,mobile_app,completed
2213,283,1,2026-08-12,marketplace,completed
2214,311,3,2026-01-29,mobile_app,completed
2215,43,2,2026-04-18,marketplace,refunded
2216,390,2,2026-04-09,mobile_app,completed
2217,419,1,2026-05-24,mobile_app,completed
2218,147,7,2026-05-16,marketplace,cancelled
2219,576,6,2026-02-25,web,completed
2220,3,1,2026-01-24,marketplace,completed
2221,516,2,2026-06-24,web,completed
2222,323,3,2026-05-28,mobile_app,completed
2223,461,8,2026-04-03,web,completed
2224,230,8,2026-09-15,mobile_app,completed
2225,90,2,2026-09-08,web,refunded
2226,452,7,2026-08-25,mobile_app,refunded
2227,55,1,2026-08-18,web,cancelled
2228,541,2,2026-08-08,mobile_app,completed
2229,285,2,2026-08-18,mobile_app,completed
2230,233,5,2026-03-23,marketplace,completed
2231,250,1,2026-09-11,mobile_app,completed
2232,107,5,2026-09-07,mobile_app,completed
2233,201,7,2026-08-13,mobile_app,cancelled
2234,465,2,2026-08-25,web,completed
2235,375,2,2026-09-07,mobile_app,completed
2236,125,1,2026-09-19,mobile_app,completed
2237,336,4,2025-11-23,marketplace,completed
2238,554,3,2026-08-26,mobile_app,completed
2239,50,2,2026-08-29,marketplace,completed
2240,76,8,2026-07-29,web,completed
2241,198,7,2026-06-22,marketplace,refunded
2242,478,7,2026-05-08,mobile_app,completed
2243,22,2,2026-01-05,marketplace,completed
2244,195,2,2026-05-11,marketplace,completed
2245,281,3,2025-08-07,web,refunded
2246,247,6,2026-07-04,web,completed
2247,309,4,2026-09-16,marketplace,completed
2248,264,1,2025-06-20,mobile_app,completed
2249,171,8,2026-08-21,marketplace,completed
2250,101,5,2026-07-04,mobile_app,completed
2251,407,4,2026-07-27,web,cancelled
2252,7,6,2025-10-22,marketplace,completed
2253,150,5,2025-09-21,marketplace,cancelled
2254,222,8,2026-09-06,web,refunded
2255,475,3,2026-06-17,mobile_app,completed
2256,150,5,2026-03-05,marketplace,refunded
2257,452,6,2026-08-17,mobile_app,cancelled
2258,558,2,2026-08-27,mobile_app,completed
2259,68,6,2026-05-15,mobile_app,completed
2260,551,3,2026-08-22,web,completed
2261,40,4,2026-08-27,web,cancelled
2262,339,2,2026-09-10,mobile_app,completed
2263,313,1,2026-04-13,mobile_app,completed
2264,595,5,2026-09-08,mobile_app,completed
2265,307,7,2026-06-07,marketplace,completed
2266,122,1,2026-06-08,marketplace,completed
2267,167,1,2025-09-07,mobile_app,completed
2268,179,4,2026-09-12,marketplace,cancelled
2269,519,3,2026-07-22,mobile_app,completed
2270,20,6,2026-03-25,marketplace,completed
2271,337,6,2026-07-31,marketplace,cancelled
2272,417,8,2026-07-13,marketplace,completed
2273,257,2,2026-04-16,web,cancelled
2274,186,4,2026-09-07,mobile_app,cancelled
2275,592,4,2026-07-27,web,completed
2276,592,2,2026-09-05,marketplace,completed
2277,532,3,2026-05-03,marketplace,completed
2278,479,1,2026-07-08,marketplace,cancelled
2279,284,5,2025-11-15,mobile_app,completed
2280,395,6,2026-07-24,mobile_app,cancelled
2281,401,5,2026-01-18,web,refunded
2282,56,7,2026-07-09,mobile_app,cancelled
2283,224,8,2026-08-04,marketplace,cancelled
2284,478,2,2026-08-29,marketplace,refunded
2285,521,3,2026-07-28,web,completed
2286,194,6,2026-07-13,web,completed
2287,322,6,2026-06-30,web,cancelled
2288,252,2,2026-01-25,mobile_app,completed
2289,42,5,2026-03-17,web,completed
2290,281,7,2026-09-13,web,completed
2291,96,1,2026-05-29,mobile_app,completed
2292,243,5,2026-04-29,mobile_app,completed
2293,130,6,2026-01-06,mobile_app,completed
2294,552,5,2026-09-11,web,cancelled
2295,64,7,2026-01-14,web,cancelled
2296,251,3,2026-08-15,mobile_app,completed
2297,443,2,2026-08-13,mobile_app,completed
2298,213,5,2026-08-10,mobile_app,refunded
2299,237,2,2026-06-30,marketplace,cancelled
2300,57,3,2026-08-28,marketplace,completed
2301,56,6,2026-06-01,mobile_app,completed
2302,27,3,2026-04-27,mobile_app,refunded
2303,419,7,2026-05-25,marketplace,refunded
2304,160,6,2026-04-29,web,completed
2305,561,8,2026-08-30,web,completed
2306,465,3,2026-08-29,mobile_app,completed
2307,28,8,2026-03-28,web,completed
2308,388,6,2026-03-13,marketplace,refunded
2309,537,3,2026-02-16,mobile_app,refunded
2310,86,1,2026-07-04,web,completed
2311,410,2,2026-08-11,mobile_app,refunded
2312,57,1,2026-08-17,mobile_app,cancelled
2313,454,3,2026-08-17,marketplace,completed
2314,53,2,2026-08-03,mobile_app,completed
2315,236,1,2026-02-18,marketplace,completed
2316,276,6,2026-07-27,marketplace,completed
2317,317,3,2026-04-21,mobile_app,cancelled
2318,289,2,2026-07-23,mobile_app,completed
2319,376,4,2026-07-29,web,refunded
2320,386,6,2025-04-04,mobile_app,refunded
2321,81,1,2026-04-27,marketplace,completed
2322,411,1,2026-03-13,marketplace,completed
2323,448,6,2026-03-18,web,completed
2324,531,2,2026-04-30,marketplace,cancelled
2325,228,6,2026-03-02,marketplace,completed
2326,545,1,2025-06-24,web,refunded
2327,138,6,2025-04-15,mobile_app,completed
2328,553,7,2026-04-10,web,completed
2329,486,7,2026-06-25,web,completed
2330,457,8,2026-09-02,marketplace,completed
2331,5,3,2025-06-29,marketplace,refunded
2332,386,1,2025-12-11,web,completed
2333,249,6,2025-11-30,mobile_app,cancelled
2334,568,3,2026-09-12,marketplace,completed
2335,259,6,2026-09-01,web,completed
2336,134,5,2026-01-24,web,completed
2337,504,3,2025-10-08,mobile_app,completed
2338,79,1,2026-06-08,mobile_app,completed
2339,526,6,2026-07-04,mobile_app,completed
2340,535,2,2026-05-19,web,completed
2341,550,5,2026-08-16,mobile_app,refunded
2342,249,3,2025-06-07,marketplace,cancelled
2343,493,7,2026-07-17,marketplace,completed
2344,250,8,2026-06-06,mobile_app,completed
2345,356,8,2026-09-08,web,cancelled
2346,38,4,2025-11-29,mobile_app,completed
2347,459,3,2026-08-07,mobile_app,completed
2348,346,4,2026-03-25,marketplace,refunded
2349,598,5,2025-12-26,mobile_app,completed
2350,442,4,2026-02-05,web,cancelled
2351,361,8,2026-06-04,web,completed
2352,269,5,2026-01-01,web,completed
2353,132,4,2025-11-27,marketplace,completed
2354,55,2,2026-06-10,web,refunded
2355,461,8,2026-05-31,web,completed
2356,303,6,2026-06-11,marketplace,refunded
2357,138,5,2025-06-30,marketplace,completed
2358,376,1,2026-08-02,mobile_app,cancelled
2359,384,5,2026-04-03,mobile_app,completed
2360,485,5,2026-06-01,mobile_app,cancelled
2361,308,6,2025-12-30,marketplace,completed
2362,10,7,2025-09-29,web,completed
2363,371,8,2026-08-28,marketplace,completed
2364,243,7,2026-06-01,web,completed
2365,117,4,2025-12-20,mobile_app,cancelled
2366,426,4,2026-07-21,mobile_app,completed
2367,89,4,2026-02-16,web,completed
2368,313,1,2026-09-01,marketplace,completed
2369,526,4,2026-02-27,web,completed
2370,409,5,2026-09-15,marketplace,completed
2371,223,2,2026-08-12,marketplace,completed
2372,37,1,2026-08-04,web,cancelled
2373,270,1,2026-09-07,mobile_app,completed
2374,401,8,2026-06-28,mobile_app,completed
2375,214,4,2026-05-27,marketplace,completed
2376,588,4,2026-03-28,web,completed
2377,252,4,2025-09-13,web,refunded
2378,508,1,2026-04-29,marketplace,completed
2379,503,4,2026-07-09,marketplace,completed
2380,592,6,2026-07-15,marketplace,completed
2381,324,2,2025-11-25,marketplace,completed
2382,561,4,2026-08-18,web,completed
2383,422,5,2026-01-09,mobile_app,completed
2384,40,8,2026-09-04,mobile_app,completed
2385,310,2,2025-04-20,marketplace,completed
2386,220,2,2026-06-22,mobile_app,refunded
2387,23,5,2026-05-07,mobile_app,completed
2388,238,5,2026-02-13,web,completed
2389,347,7,2026-06-24,web,cancelled
2390,89,7,2025-12-21,marketplace,completed
2391,483,3,2026-09-18,marketplace,completed
2392,213,4,2026-05-02,marketplace,cancelled
2393,588,6,2025-07-01,web,completed
2394,486,7,2026-09-05,web,completed
2395,439,3,2026-04-30,web,completed
2396,69,4,2026-07-22,mobile_app,refunded
2397,420,4,2026-09-10,web,completed
2398,570,5,2025-09-08,marketplace,completed
2399,580,2,2026-07-30,marketplace,completed
2400,219,8,2026-09-18,marketplace,completed
2401,388,8,2026-02-25,web,completed
2402,134,2,2026-09-03,marketplace,cancelled
2403,123,7,2025-06-16,mobile_app,completed
2404,591,5,2026-08-22,web,completed
2405,190,8,2025-10-10,mobile_app,completed
2406,161,1,2025-12-14,marketplace,cancelled
2407,419,1,2026-08-17,web,completed
2408,137,1,2026-03-01,web,cancelled
2409,48,1,2026-09-08,marketplace,completed
2410,159,7,2026-04-20,mobile_app,cancelled
2411,487,5,2026-06-20,mobile_app,cancelled
2412,165,5,2026-08-11,mobile_app,completed
2413,184,4,2026-08-06,web,completed
2414,381,1,2026-09-04,marketplace,completed
2415,41,2,2026-08-29,mobile_app,completed
2416,494,1,2026-09-01,web,completed
2417,237,3,2025-12-22,web,refunded
2418,105,4,2025-12-15,marketplace,completed
2419,12,4,2026-05-20,web,completed
2420,547,2,2026-05-28,web,completed
2421,537,2,2026-05-20,mobile_app,cancelled
2422,148,4,2025-07-09,mobile_app,completed
2423,543,5,2026-09-06,marketplace,completed
2424,227,8,2026-09-05,marketplace,completed
2425,354,1,2026-08-22,web,cancelled
2426,38,4,2026-05-26,mobile_app,completed
2427,598,2,2025-11-24,marketplace,cancelled
2428,190,8,2025-11-14,mobile_app,completed
2429,411,8,2026-03-31,mobile_app,refunded
2430,345,4,2026-05-10,marketplace,completed
2431,503,3,2026-06-29,marketplace,completed
2432,479,7,2026-04-01,web,completed
2433,191,4,2026-04-15,mobile_app,refunded
2434,310,1,2026-07-01,marketplace,completed
2435,203,6,2026-09-18,marketplace,completed
2436,24,2,2026-04-21,mobile_app,completed
2437,279,5,2026-07-05,mobile_app,completed
2438,587,7,2025-09-20,mobile_app,completed
2439,93,4,2026-08-28,mobile_app,completed
2440,220,3,2026-08-24,marketplace,completed
2441,400,3,2026-04-03,mobile_app,completed
2442,338,3,2026-03-09,web,refunded
2443,47,5,2025-10-16,mobile_app,completed
2444,441,2,2026-05-27,marketplace,refunded
2445,182,1,2026-02-19,web,cancelled
2446,310,4,2025-08-19,web,completed
2447,411,4,2026-01-29,marketplace,completed
2448,532,1,2025-05-27,web,completed
2449,384,2,2026-05-08,marketplace,completed
2450,345,4,2025-09-08,marketplace,completed
2451,12,3,2026-08-24,marketplace,completed
2452,433,4,2026-08-16,web,completed
2453,139,5,2026-02-09,web,completed
2454,75,6,2026-05-14,mobile_app,completed
2455,109,3,2026-05-20,mobile_app,cancelled
2456,380,8,2026-08-23,marketplace,completed
2457,568,2,2026-09-13,marketplace,completed
2458,135,4,2026-06-09,web,refunded
2459,598,8,2026-08-15,marketplace,cancelled
2460,292,2,2026-06-23,web,completed
2461,223,2,2026-09-07,mobile_app,completed
2462,78,5,2026-09-16,web,refunded
2463,514,3,2025-08-19,marketplace,completed
2464,357,8,2026-09-03,mobile_app,completed
2465,17,8,2025-10-08,marketplace,completed
2466,400,6,2026-06-25,web,completed
2467,293,7,2026-09-07,web,completed
2468,457,7,2026-08-28,mobile_app,completed
2469,535,7,2026-05-06,marketplace,completed
2470,46,6,2025-11-06,mobile_app,completed
2471,281,6,2025-10-30,web,refunded
2472,317,8,2026-06-29,web,refunded
2473,154,4,2026-06-11,mobile_app,completed
2474,381,4,2026-08-27,mobile_app,completed
2475,127,3,2026-02-15,marketplace,completed
2476,32,8,2026-09-06,marketplace,refunded
2477,494,3,2026-09-09,marketplace,cancelled
2478,223,2,2026-06-22,marketplace,completed
2479,581,5,2025-11-12,web,completed
2480,356,5,2025-12-22,marketplace,completed
2481,120,3,2025-07-11,marketplace,refunded
2482,258,3,2026-06-04,marketplace,completed
2483,132,8,2026-08-06,mobile_app,completed
2484,321,4,2026-09-18,marketplace,completed
2485,493,2,2026-05-14,mobile_app,cancelled
2486,365,7,2026-07-09,mobile_app,completed
2487,491,6,2026-05-08,web,cancelled
2488,443,1,2026-08-14,web,completed
2489,509,6,2026-08-13,marketplace,cancelled
2490,134,3,2025-08-06,mobile_app,completed
2491,165,6,2026-02-20,mobile_app,completed
2492,475,8,2026-05-17,mobile_app,completed
2493,413,6,2026-08-18,mobile_app,completed
2494,387,3,2026-08-02,web,completed
2495,516,3,2026-06-02,mobile_app,refunded
2496,442,1,2026-03-13,mobile_app,completed
2497,211,5,2026-05-28,marketplace,completed
2498,241,2,2026-08-01,mobile_app,completed
2499,231,2,2026-06-09,web,completed
2500,253,4,2026-09-19,web,completed
2501,509,8,2026-07-20,mobile_app,completed
2502,75,1,2026-07-11,marketplace,completed
2503,373,2,2025-10-15,web,completed
2504,290,7,2026-07-11,mobile_app,cancelled
2505,257,1,2026-06-24,mobile_app,cancelled
2506,397,1,2026-03-12,marketplace,completed
2507,373,8,2026-06-18,web,cancelled
2508,455,8,2026-07-07,mobile_app,completed
2509,344,2,2025-11-03,mobile_app,cancelled
2510,549,7,2026-09-04,web,completed
2511,486,7,2026-06-30,mobile_app,refunded
2512,505,6,2026-06-10,marketplace,completed
2513,272,6,2026-05-01,mobile_app,cancelled
2514,37,6,2026-06-16,web,completed
2515,265,4,2025-10-27,mobile_app,refunded
2516,222,6,2026-08-12,mobile_app,cancelled
2517,227,5,2026-08-27,web,completed
2518,106,3,2026-08-11,mobile_app,cancelled
2519,299,7,2026-08-01,mobile_app,completed
2520,115,1,2025-11-14,marketplace,completed
2521,336,5,2025-07-20,marketplace,completed
2522,330,6,2026-08-20,mobile_app,refunded
2523,479,8,2026-01-01,mobile_app,cancelled
2524,187,7,2026-02-09,web,refunded
2525,373,5,2026-08-03,marketplace,completed
2526,422,6,2026-05-15,marketplace,completed
2527,541,5,2026-08-15,mobile_app,cancelled
2528,8,3,2026-07-09,mobile_app,refunded
2529,463,7,2026-09-15,mobile_app,completed
2530,515,5,2026-08-11,web,refunded
2531,351,1,2026-08-02,web,completed
2532,391,3,2025-11-19,web,completed
2533,121,1,2026-05-24,web,completed
2534,335,3,2025-06-15,web,completed
2535,40,7,2026-09-16,marketplace,refunded
2536,34,1,2026-08-26,mobile_app,completed
2537,458,3,2026-01-31,mobile_app,completed
2538,149,3,2026-08-31,mobile_app,completed
2539,479,2,2026-07-20,mobile_app,cancelled
2540,337,8,2026-09-08,mobile_app,completed
2541,302,2,2026-08-06,marketplace,completed
2542,43,1,2026-04-24,mobile_app,refunded
2543,138,6,2025-09-10,mobile_app,completed
2544,223,5,2026-06-28,marketplace,completed
2545,318,7,2026-07-31,mobile_app,cancelled
2546,432,6,2026-08-26,mobile_app,completed
2547,159,3,2026-08-20,mobile_app,cancelled
2548,377,4,2026-04-03,mobile_app,cancelled
2549,51,6,2026-05-12,mobile_app,completed
2550,496,7,2026-07-31,mobile_app,refunded
2551,91,8,2026-08-19,marketplace,refunded
2552,48,4,2026-08-22,web,refunded
2553,381,2,2026-07-03,web,completed
2554,195,4,2026-07-20,marketplace,cancelled
2555,3,4,2026-07-25,marketplace,cancelled
2556,464,5,2025-12-26,web,completed
2557,525,5,2026-08-18,web,completed
2558,475,3,2026-08-11,mobile_app,completed
2559,581,8,2025-07-25,marketplace,completed
2560,223,6,2026-09-08,web,completed
2561,448,3,2026-06-25,web,completed
2562,551,3,2025-10-26,web,refunded
2563,54,4,2025-11-17,mobile_app,completed
2564,53,6,2026-01-06,marketplace,cancelled
2565,346,3,2025-12-01,mobile_app,refunded
2566,110,6,2026-08-09,web,refunded
2567,442,2,2026-01-07,mobile_app,completed
2568,95,6,2026-03-12,marketplace,refunded
2569,104,6,2025-12-11,web,completed
2570,49,4,2026-01-29,marketplace,completed
2571,518,8,2026-08-10,web,refunded
2572,84,5,2026-01-04,marketplace,completed
2573,98,4,2025-09-14,mobile_app,cancelled
2574,12,3,2026-08-12,web,cancelled
2575,159,2,2025-06-02,marketplace,completed
2576,424,7,2026-06-20,web,completed
2577,348,3,2026-05-25,mobile_app,completed
2578,485,6,2025-12-15,web,completed
2579,448,7,2026-09-08,marketplace,completed
2580,73,2,2025-11-04,mobile_app,completed
2581,380,6,2026-09-05,web,completed
2582,33,7,2026-05-29,marketplace,completed
2583,26,5,2026-07-25,web,cancelled
2584,558,6,2026-08-29,web,completed
2585,401,4,2026-07-08,mobile_app,cancelled
2586,378,8,2026-07-08,marketplace,completed
2587,554,5,2026-08-12,web,completed
2588,189,3,2026-04-09,marketplace,cancelled
2589,553,2,2026-05-28,mobile_app,completed
2590,32,6,2026-01-09,marketplace,refunded
2591,217,8,2026-01-25,web,completed
2592,208,8,2026-06-01,mobile_app,completed
2593,329,3,2026-06-20,mobile_app,completed
2594,132,2,2026-05-18,web,cancelled
2595,586,2,2025-06-25,marketplace,cancelled
2596,537,8,2026-07-05,mobile_app,completed
2597,476,3,2025-12-02,web,cancelled
2598,411,8,2026-04-17,mobile_app,completed
2599,115,3,2026-03-26,web,cancelled
2600,471,3,2026-06-21,mobile_app,completed
2601,109,5,2026-08-19,marketplace,completed
2602,461,4,2026-04-08,mobile_app,completed
2603,360,2,2026-03-16,marketplace,cancelled
2604,127,8,2026-03-24,web,completed
2605,571,7,2026-06-04,marketplace,completed
2606,340,3,2026-02-15,web,completed
2607,127,3,2026-03-15,mobile_app,completed
2608,472,1,2026-08-28,web,completed
2609,470,3,2026-01-17,marketplace,completed
2610,71,6,2026-06-06,web,completed
2611,361,5,2026-05-05,web,completed
2612,534,1,2026-03-04,mobile_app,completed
2613,486,6,2026-07-15,mobile_app,completed
2614,220,4,2026-02-27,mobile_app,cancelled
2615,39,6,2026-04-04,mobile_app,completed
2616,166,6,2026-04-11,mobile_app,completed
2617,399,3,2026-07-18,web,cancelled
2618,456,4,2026-07-08,mobile_app,completed
2619,256,2,2026-09-16,web,refunded
2620,182,3,2025-12-22,mobile_app,refunded
2621,69,6,2026-05-16,mobile_app,completed
2622,446,1,2026-01-04,web,completed
2623,562,6,2025-08-25,web,completed
2624,290,5,2026-07-08,marketplace,completed
2625,8,6,2026-09-06,marketplace,completed
2626,32,1,2026-01-29,web,completed
2627,315,7,2026-06-22,mobile_app,completed
2628,128,8,2026-07-11,marketplace,completed
2629,196,1,2025-12-27,web,cancelled
2630,323,2,2026-09-09,mobile_app,completed
2631,258,7,2026-06-19,mobile_app,completed
2632,143,5,2026-02-12,web,completed
2633,459,5,2026-09-05,web,completed
2634,41,3,2026-09-07,mobile_app,completed
2635,224,6,2026-06-30,web,refunded
2636,474,6,2026-08-15,mobile_app,refunded
2637,545,3,2026-04-19,mobile_app,cancelled
2638,196,3,2026-04-25,mobile_app,completed
2639,377,2,2026-08-01,marketplace,completed
2640,481,1,2026-09-01,mobile_app,refunded
2641,355,7,2026-07-15,marketplace,completed
2642,264,6,2026-03-17,mobile_app,completed
2643,201,6,2026-02-04,marketplace,cancelled
2644,596,6,2026-05-24,web,completed
2645,510,4,2026-06-23,mobile_app,completed
2646,344,2,2026-06-09,mobile_app,completed
2647,430,8,2026-09-12,web,refunded
2648,144,2,2026-07-22,marketplace,completed
2649,251,4,2026-09-07,web,refunded
2650,211,2,2026-04-06,web,refunded
2651,241,2,2026-09-15,marketplace,refunded
2652,305,2,2026-09-18,marketplace,refunded
2653,513,5,2026-03-25,web,completed
2654,197,5,2026-06-08,marketplace,cancelled
2655,315,1,2026-05-20,mobile_app,completed
2656,300,4,2026-08-25,mobile_app,completed
2657,131,6,2026-06-22,mobile_app,completed
2658,568,8,2026-09-15,mobile_app,cancelled
2659,219,4,2026-09-20,marketplace,completed
2660,327,7,2026-01-27,marketplace,cancelled
2661,288,1,2026-05-03,mobile_app,completed
2662,553,7,2026-05-03,marketplace,completed
2663,196,8,2026-02-09,web,completed
2664,77,5,2026-04-20,web,completed
2665,357,6,2026-05-06,mobile_app,cancelled
2666,516,3,2026-07-29,marketplace,completed
2667,144,1,2025-11-04,marketplace,refunded
2668,376,1,2026-09-04,mobile_app,completed
2669,566,2,2025-12-25,marketplace,completed
2670,577,2,2026-06-29,web,completed
2671,478,3,2026-01-10,mobile_app,completed
2672,434,8,2026-06-04,marketplace,completed
2673,476,3,2026-05-09,mobile_app,completed
2674,96,5,2026-03-26,web,completed
2675,381,2,2026-06-07,web,completed
2676,159,8,2025-11-08,mobile_app,refunded
2677,142,3,2025-12-25,web,completed
2678,112,1,2026-07-09,marketplace,completed
2679,412,1,2026-09-19,mobile_app,completed
2680,435,4,2026-07-07,marketplace,completed
2681,420,6,2026-08-02,marketplace,refunded
2682,543,6,2026-08-22,web,cancelled
2683,58,6,2025-10-30,marketplace,refunded
2684,508,8,2026-07-02,marketplace,completed
2685,495,5,2026-08-19,marketplace,completed
2686,545,3,2026-09-10,mobile_app,completed
2687,213,4,2026-06-26,marketplace,completed
2688,261,6,2025-07-03,mobile_app,completed
2689,228,5,2026-02-18,mobile_app,refunded
2690,407,2,2026-03-16,marketplace,completed
2691,599,5,2026-04-18,mobile_app,completed
2692,93,5,2026-08-16,marketplace,completed
2693,178,2,2026-05-03,mobile_app,cancelled
2694,287,4,2025-07-28,mobile_app,completed
2695,278,5,2025-11-03,web,cancelled
2696,517,1,2025-07-10,mobile_app,refunded
2697,135,3,2026-08-26,web,cancelled
2698,280,4,2026-03-19,mobile_app,completed
2699,222,3,2026-09-09,web,cancelled
2700,170,5,2026-01-12,marketplace,completed
2701,574,8,2025-11-10,web,completed
2702,215,4,2026-04-02,web,completed
2703,530,3,2026-05-21,marketplace,completed
2704,155,8,2025-10-18,web,completed
2705,185,6,2026-04-17,marketplace,completed
2706,476,6,2026-03-23,mobile_app,completed
2707,477,5,2026-07-03,web,completed
2708,434,8,2026-01-12,mobile_app,completed
2709,344,8,2025-06-21,web,completed
2710,132,7,2026-06-19,mobile_app,completed
2711,138,4,2025-05-17,marketplace,completed
2712,207,2,2026-08-01,mobile_app,refunded
2713,369,2,2026-03-08,web,completed
2714,448,7,2026-07-23,mobile_app,completed
2715,242,6,2026-07-23,web,completed
2716,365,3,2026-09-15,mobile_app,cancelled
2717,300,4,2026-08-20,mobile_app,completed
2718,143,4,2025-09-30,marketplace,refunded
2719,145,8,2026-04-28,web,completed
2720,28,8,2026-08-16,marketplace,cancelled
2721,1,4,2026-01-08,mobile_app,refunded
2722,528,5,2026-03-21,marketplace,completed
2723,246,1,2026-07-03,web,refunded
2724,391,8,2025-12-11,mobile_app,completed
2725,309,5,2026-08-14,mobile_app,cancelled
2726,519,2,2026-02-06,mobile_app,refunded
2727,178,5,2026-04-26,marketplace,completed
2728,322,1,2026-04-24,mobile_app,cancelled
2729,7,5,2026-02-16,mobile_app,cancelled
2730,400,7,2026-01-23,marketplace,completed
2731,486,5,2026-08-28,mobile_app,completed
2732,319,3,2026-03-22,web,refunded
2733,148,5,2026-01-15,web,completed
2734,371,3,2026-09-14,marketplace,completed
2735,599,2,2026-02-10,mobile_app,completed
2736,581,4,2026-06-24,web,refunded
2737,521,7,2026-03-11,mobile_app,cancelled
2738,297,7,2026-08-18,web,completed
2739,536,8,2025-11-04,marketplace,completed
2740,556,6,2026-08-14,marketplace,cancelled
2741,598,7,2025-07-20,web,cancelled
2742,550,6,2026-07-19,web,completed
2743,507,1,2026-08-06,marketplace,completed
2744,43,7,2026-05-13,web,refunded
2745,418,4,2026-03-15,marketplace,completed
2746,135,4,2026-07-19,marketplace,completed
2747,281,5,2025-10-20,marketplace,completed
2748,218,1,2026-03-15,marketplace,refunded
2749,571,6,2026-05-24,marketplace,completed
2750,502,5,2026-08-02,mobile_app,completed
2751,296,3,2026-02-20,mobile_app,refunded
2752,474,3,2026-06-27,web,completed
2753,52,6,2026-08-18,marketplace,completed
2754,579,1,2025-09-27,web,cancelled
2755,90,2,2026-08-14,marketplace,cancelled
2756,182,7,2026-01-08,marketplace,cancelled
2757,221,5,2026-02-17,web,completed
2758,8,3,2026-08-21,web,completed
2759,328,4,2026-09-13,web,completed
2760,435,6,2026-07-26,mobile_app,refunded
2761,248,7,2026-05-31,marketplace,completed
2762,424,2,2026-07-17,mobile_app,completed
2763,70,8,2026-08-21,mobile_app,completed
2764,323,7,2026-03-07,marketplace,completed
2765,334,6,2025-07-21,mobile_app,cancelled
2766,148,4,2026-09-12,web,completed
2767,499,3,2026-08-25,web,completed
2768,153,4,2026-08-03,marketplace,refunded
2769,313,3,2026-09-03,marketplace,completed
2770,56,4,2026-07-30,marketplace,completed
2771,160,7,2025-10-15,mobile_app,completed
2772,163,6,2026-09-09,marketplace,cancelled
2773,594,7,2025-10-21,web,completed
2774,312,3,2026-07-03,mobile_app,refunded
2775,198,5,2026-09-03,marketplace,cancelled
2776,396,7,2026-06-01,marketplace,completed
2777,279,5,2026-04-10,web,completed
2778,332,4,2025-12-20,marketplace,cancelled
2779,254,7,2026-08-19,marketplace,completed
2780,139,4,2026-07-14,mobile_app,cancelled
2781,99,3,2026-06-23,web,cancelled
2782,102,2,2025-12-18,web,completed
2783,5,2,2026-02-28,web,completed
2784,357,4,2026-09-20,web,completed
2785,82,6,2026-07-07,web,completed
2786,523,2,2026-05-01,mobile_app,completed
2787,566,8,2026-01-07,web,completed
2788,207,2,2026-05-19,web,completed
2789,26,4,2026-08-23,web,refunded
2790,462,3,2026-05-04,marketplace,completed
2791,115,6,2025-07-16,marketplace,completed
2792,86,2,2025-11-22,web,completed
2793,407,7,2026-05-17,mobile_app,cancelled
2794,307,6,2026-05-30,web,completed
2795,370,5,2026-04-10,web,completed
2796,331,5,2026-06-02,marketplace,completed
2797,509,8,2026-08-31,marketplace,completed
2798,523,1,2025-12-24,web,completed
2799,579,4,2025-09-05,web,completed
2800,162,5,2025-08-14,web,cancelled
2801,43,2,2026-07-17,marketplace,completed
2802,451,7,2026-06-28,web,refunded
2803,58,1,2026-07-04,mobile_app,cancelled
2804,128,5,2026-06-03,mobile_app,refunded
2805,409,1,2026-08-31,marketplace,completed
2806,495,1,2026-09-15,web,cancelled
2807,313,3,2026-08-04,mobile_app,completed
2808,545,8,2025-11-04,web,completed
2809,348,1,2026-08-30,web,completed
2810,542,5,2026-07-18,marketplace,cancelled
2811,403,4,2026-05-30,marketplace,completed
2812,427,3,2026-07-28,web,completed
2813,435,1,2026-03-04,web,completed
2814,182,3,2026-07-22,marketplace,completed
2815,314,5,2026-05-08,web,completed
2816,348,5,2026-01-19,mobile_app,refunded
2817,244,6,2026-08-01,web,completed
2818,178,7,2026-08-27,mobile_app,completed
2819,210,8,2026-02-08,mobile_app,completed
2820,285,3,2026-07-14,marketplace,refunded
2821,267,2,2026-03-17,web,cancelled
2822,49,5,2026-07-31,marketplace,completed
2823,457,3,2026-08-18,web,completed
2824,169,4,2026-07-04,web,completed
2825,524,2,2025-11-19,web,completed
2826,271,1,2026-05-17,mobile_app,completed
2827,264,8,2025-12-25,web,completed
2828,330,5,2026-09-08,mobile_app,completed
2829,236,8,2025-12-05,mobile_app,completed
2830,224,2,2026-09-11,mobile_app,completed
2831,58,7,2025-11-30,marketplace,completed
2832,565,7,2026-08-25,mobile_app,completed
2833,315,7,2026-08-23,web,completed
2834,141,5,2026-02-24,web,completed
2835,247,5,2026-05-01,marketplace,completed
2836,458,6,2026-05-20,mobile_app,refunded
2837,565,8,2026-09-20,marketplace,completed
2838,333,3,2026-09-19,mobile_app,completed
2839,55,4,2026-03-10,marketplace,completed
2840,290,6,2026-07-06,mobile_app,completed
2841,494,6,2026-05-22,web,cancelled
2842,23,4,2026-06-09,mobile_app,cancelled
2843,392,4,2026-08-04,marketplace,refunded
2844,68,7,2026-08-06,web,completed
2845,289,5,2026-07-24,web,completed
2846,50,2,2026-09-06,web,completed
2847,319,6,2026-04-05,marketplace,completed
2848,114,5,2026-04-10,web,completed
2849,381,1,2026-07-05,marketplace,completed
2850,30,7,2026-02-03,mobile_app,completed
2851,433,5,2026-08-11,marketplace,completed
2852,305,8,2026-09-14,mobile_app,cancelled
2853,262,8,2026-04-25,web,completed
2854,55,8,2026-08-08,web,completed
2855,465,3,2026-09-18,mobile_app,cancelled
2856,342,5,2026-09-13,mobile_app,completed
2857,75,3,2026-03-23,marketplace,completed
2858,355,5,2025-12-17,mobile_app,completed
2859,29,5,2026-01-26,marketplace,cancelled
2860,34,7,2026-07-20,web,completed
2861,13,3,2026-07-12,marketplace,completed
2862,493,8,2026-05-21,mobile_app,refunded
2863,515,6,2026-08-20,marketplace,refunded
2864,521,8,2025-12-02,web,completed
2865,580,4,2026-07-14,mobile_app,completed
2866,120,4,2026-08-23,web,refunded
2867,132,7,2025-12-14,marketplace,refunded
2868,203,4,2026-07-05,web,completed
2869,188,2,2026-07-12,mobile_app,cancelled
2870,11,4,2025-11-04,web,completed
2871,398,3,2025-07-30,web,completed
2872,212,8,2026-05-06,mobile_app,cancelled
2873,306,1,2026-09-18,web,completed
2874,537,5,2026-02-08,marketplace,cancelled
2875,155,1,2025-07-28,marketplace,refunded
2876,66,3,2025-07-13,marketplace,completed
2877,31,7,2026-01-06,mobile_app,completed
2878,335,6,2026-04-06,web,completed
2879,285,8,2026-03-21,mobile_app,cancelled
2880,206,6,2026-02-22,web,cancelled
2881,413,1,2026-09-02,mobile_app,completed
2882,408,5,2026-07-09,marketplace,completed
2883,479,5,2026-08-01,marketplace,completed
2884,87,8,2026-01-05,mobile_app,refunded
2885,336,1,2026-04-24,web,completed
2886,244,7,2026-08-10,mobile_app,completed
2887,455,4,2026-06-10,marketplace,completed
2888,471,2,2025-05-24,marketplace,completed
2889,140,1,2025-07-14,web,cancelled
2890,592,8,2026-09-17,mobile_app,completed
2891,229,4,2026-06-07,mobile_app,cancelled
2892,3,6,2026-02-12,mobile_app,completed
2893,462,2,2026-03-18,mobile_app,completed
2894,247,7,2025-12-05,marketplace,cancelled
2895,218,3,2025-12-27,mobile_app,completed
2896,314,5,2026-03-20,mobile_app,refunded
2897,479,2,2025-12-24,marketplace,completed
2898,532,5,2026-02-05,mobile_app,refunded
2899,34,2,2026-08-19,web,completed
2900,388,4,2026-06-19,web,completed
2901,301,5,2025-12-05,marketplace,refunded
2902,43,5,2026-04-03,marketplace,cancelled
2903,592,3,2026-03-29,mobile_app,completed
2904,397,6,2025-10-16,web,refunded
2905,482,8,2026-07-29,mobile_app,completed
2906,583,8,2026-08-02,marketplace,completed
2907,392,1,2026-07-22,mobile_app,completed
2908,82,4,2026-07-30,web,completed
2909,425,8,2026-06-30,mobile_app,completed
2910,455,5,2026-04-21,web,cancelled
2911,388,8,2026-05-20,web,completed
2912,265,5,2026-05-02,mobile_app,completed
2913,308,3,2026-05-02,mobile_app,cancelled
2914,107,6,2026-06-09,marketplace,cancelled
2915,507,1,2026-01-19,marketplace,completed
2916,332,8,2026-05-15,mobile_app,completed
2917,308,6,2026-06-03,mobile_app,completed
2918,346,3,2026-06-25,mobile_app,refunded
2919,171,3,2025-12-02,mobile_app,refunded
2920,538,3,2026-05-30,marketplace,cancelled
2921,353,8,2026-06-28,marketplace,refunded
2922,586,3,2025-11-14,marketplace,completed
2923,357,5,2026-03-18,marketplace,cancelled
2924,350,3,2026-07-08,mobile_app,completed
2925,442,5,2026-01-24,marketplace,completed
2926,560,2,2026-01-16,mobile_app,completed
2927,550,4,2026-07-23,mobile_app,completed
2928,450,5,2026-03-15,mobile_app,completed
2929,106,7,2026-09-08,web,completed
2930,83,4,2026-01-05,mobile_app,completed
2931,101,7,2026-04-18,mobile_app,completed
2932,75,6,2026-02-10,mobile_app,cancelled
2933,425,1,2026-06-28,web,cancelled
2934,524,7,2025-07-18,web,refunded
2935,295,4,2026-05-18,web,refunded
2936,182,4,2026-05-11,marketplace,completed
2937,529,4,2026-07-04,marketplace,completed
2938,32,2,2026-07-10,mobile_app,completed
2939,68,3,2026-05-18,mobile_app,completed
2940,363,8,2026-06-20,mobile_app,completed
2941,140,2,2025-12-03,web,cancelled
2942,156,5,2025-12-29,mobile_app,completed
2943,403,5,2026-06-03,web,completed
2944,252,1,2025-09-04,marketplace,completed
2945,109,6,2026-07-27,web,completed
2946,238,2,2026-03-20,mobile_app,completed
2947,11,5,2025-09-24,mobile_app,completed
2948,285,7,2026-08-14,web,completed
2949,7,4,2025-08-12,mobile_app,completed
2950,374,3,2026-07-03,mobile_app,completed
2951,102,8,2026-01-19,marketplace,completed
2952,268,6,2026-09-08,web,completed
2953,367,3,2026-04-25,marketplace,completed
2954,298,5,2026-07-21,marketplace,completed
2955,41,2,2026-09-03,marketplace,completed
2956,97,5,2026-03-20,web,completed
2957,532,5,2026-08-08,web,cancelled
2958,519,2,2026-03-26,marketplace,completed
2959,33,6,2026-06-28,mobile_app,completed
2960,121,6,2026-02-18,marketplace,refunded
2961,543,6,2026-09-01,marketplace,completed
2962,378,8,2026-04-30,web,completed
2963,61,1,2026-08-02,mobile_app,cancelled
2964,320,8,2026-08-09,web,completed
2965,265,3,2026-03-07,mobile_app,cancelled
2966,421,6,2026-08-06,mobile_app,completed
2967,147,1,2026-06-11,mobile_app,completed
2968,230,1,2026-09-19,web,completed
2969,407,3,2026-09-16,mobile_app,completed
2970,459,8,2026-09-11,web,refunded
2971,25,2,2026-06-28,mobile_app,completed
2972,406,4,2026-07-09,marketplace,refunded
2973,432,3,2026-07-01,mobile_app,refunded
2974,22,2,2025-12-26,mobile_app,cancelled
2975,483,3,2026-08-05,web,completed
2976,446,5,2026-01-11,marketplace,refunded
2977,184,2,2026-07-22,marketplace,completed
2978,13,2,2026-05-11,web,completed
2979,395,6,2026-04-27,web,completed
2980,373,6,2025-12-20,web,completed
2981,445,6,2026-08-31,marketplace,completed
2982,355,8,2025-12-26,marketplace,completed
2983,203,5,2026-07-29,mobile_app,cancelled
2984,328,7,2026-08-23,mobile_app,refunded
2985,268,2,2026-07-17,web,completed
2986,111,8,2026-08-20,web,completed
2987,140,8,2026-02-04,marketplace,completed
2988,528,1,2025-05-07,marketplace,completed
2989,222,1,2026-08-23,mobile_app,cancelled
2990,50,4,2026-07-18,mobile_app,completed
2991,77,5,2026-01-11,mobile_app,refunded
2992,537,3,2026-02-16,web,completed
2993,1,5,2025-11-24,marketplace,completed
2994,525,1,2026-07-14,mobile_app,completed
2995,542,6,2026-07-28,web,completed
2996,566,5,2026-09-02,web,completed
2997,372,7,2026-08-26,web,completed
2998,145,6,2026-09-16,marketplace,completed
2999,425,7,2026-07-11,marketplace,refunded
3000,179,5,2026-09-17,web,completed
3001,28,5,2026-07-13,mobile_app,completed
3002,586,4,2025-11-17,mobile_app,completed
3003,75,3,2025-09-30,web,cancelled
3004,438,1,2026-03-04,mobile_app,refunded
3005,63,4,2026-09-09,marketplace,completed
3006,481,6,2026-07-27,marketplace,completed
3007,232,5,2026-04-28,web,completed
3008,348,2,2025-09-30,marketplace,completed
3009,236,8,2026-09-15,marketplace,cancelled
3010,516,8,2026-09-02,web,completed
3011,418,8,2026-01-04,marketplace,refunded
3012,445,2,2026-01-18,web,cancelled
3013,53,8,2025-07-08,web,completed
3014,577,8,2026-07-18,marketplace,refunded
3015,158,2,2025-11-05,web,completed
3016,183,7,2026-09-10,marketplace,cancelled
3017,88,6,2026-04-01,web,completed
3018,15,5,2026-08-31,marketplace,completed
3019,301,7,2026-07-30,mobile_app,refunded
3020,118,8,2026-09-15,web,completed
3021,475,8,2026-06-02,mobile_app,cancelled
3022,10,8,2026-02-05,marketplace,cancelled
3023,489,3,2025-09-10,marketplace,completed
3024,591,5,2026-09-09,mobile_app,completed
3025,236,4,2026-05-28,marketplace,completed
3026,202,6,2026-06-01,marketplace,refunded
3027,389,1,2026-09-06,mobile_app,completed
3028,426,7,2026-07-19,web,completed
3029,452,5,2026-08-30,mobile_app,completed
3030,345,7,2026-01-26,web,refunded
3031,206,2,2026-04-23,web,completed
3032,57,2,2026-07-26,web,refunded
3033,253,3,2026-06-25,mobile_app,completed
3034,63,1,2026-09-10,mobile_app,completed
3035,394,3,2026-01-18,mobile_app,completed
3036,588,2,2025-09-22,web,completed
3037,269,2,2026-02-25,web,completed
3038,70,6,2026-08-27,web,completed
3039,371,6,2025-11-30,marketplace,cancelled
3040,242,8,2026-04-19,marketplace,refunded
3041,511,6,2026-06-17,mobile_app,completed
3042,533,1,2026-07-05,web,completed
3043,347,6,2026-02-19,marketplace,completed
3044,570,8,2026-07-01,marketplace,cancelled
3045,438,7,2026-01-16,marketplace,completed
3046,284,4,2026-06-23,web,completed
3047,497,8,2025-12-22,web,completed
3048,4,7,2025-11-03,web,completed
3049,325,2,2026-05-30,mobile_app,completed
3050,542,8,2026-08-15,mobile_app,completed
3051,400,4,2026-02-07,marketplace,refunded
3052,450,4,2026-03-05,marketplace,completed
3053,562,8,2026-06-21,mobile_app,completed
3054,30,1,2025-07-11,mobile_app,completed
3055,34,2,2026-04-23,marketplace,cancelled
3056,481,4,2026-02-21,marketplace,refunded
3057,381,6,2026-07-02,marketplace,refunded
3058,1,8,2026-04-16,marketplace,completed
3059,477,8,2026-07-25,mobile_app,completed
3060,28,8,2026-08-20,marketplace,completed
3061,48,7,2026-03-04,web,cancelled
3062,354,1,2026-08-13,mobile_app,completed
3063,453,6,2025-11-30,marketplace,completed
3064,36,5,2026-09-15,web,completed
3065,489,4,2025-10-14,marketplace,completed
3066,426,3,2026-09-05,marketplace,completed
3067,249,1,2026-02-05,web,completed
3068,588,4,2025-08-14,mobile_app,completed
3069,437,1,2026-06-17,marketplace,completed
3070,436,2,2026-08-05,mobile_app,refunded
3071,381,8,2026-08-11,web,completed
3072,134,5,2025-12-06,web,refunded
3073,562,6,2025-07-02,mobile_app,completed
3074,157,1,2026-06-24,mobile_app,refunded
3075,479,2,2026-05-22,mobile_app,completed
3076,392,5,2026-08-15,web,completed
3077,35,3,2026-04-19,web,completed
3078,357,4,2026-08-01,marketplace,refunded
3079,100,4,2026-04-25,web,completed
3080,417,1,2026-06-22,web,cancelled
3081,562,7,2025-06-08,mobile_app,completed
3082,386,1,2025-07-21,marketplace,cancelled
3083,19,5,2026-06-18,mobile_app,refunded
3084,450,6,2026-04-12,web,completed
3085,599,5,2026-05-02,mobile_app,refunded
3086,463,4,2026-06-08,marketplace,completed
3087,285,2,2026-04-27,mobile_app,completed
3088,190,6,2026-01-15,marketplace,completed
3089,475,8,2026-07-19,mobile_app,completed
3090,253,3,2026-06-01,mobile_app,refunded
3091,124,5,2026-07-11,web,completed
3092,159,7,2025-10-24,web,completed
3093,361,6,2026-03-29,web,refunded
3094,177,3,2026-07-06,mobile_app,completed
3095,211,3,2026-05-11,marketplace,completed
3096,460,7,2026-08-16,mobile_app,refunded
3097,300,8,2026-09-11,marketplace,completed
3098,355,7,2026-08-04,mobile_app,completed
3099,407,4,2026-03-10,web,refunded
3100,205,2,2025-11-10,marketplace,completed
3101,287,3,2026-04-18,web,cancelled
3102,375,6,2026-08-27,mobile_app,completed
3103,267,2,2025-07-16,web,refunded
3104,39,3,2026-03-23,web,completed
3105,150,7,2026-08-01,marketplace,refunded
3106,426,5,2026-07-26,web,completed
3107,596,1,2026-06-15,mobile_app,refunded
3108,363,7,2026-07-02,marketplace,refunded
3109,117,4,2026-02-02,mobile_app,completed
3110,203,1,2026-09-07,marketplace,completed
3111,401,1,2026-04-03,mobile_app,completed
3112,505,6,2025-12-02,marketplace,completed
3113,179,4,2026-09-06,web,completed
3114,304,5,2026-05-13,mobile_app,completed
3115,275,1,2026-03-07,mobile_app,completed
3116,375,6,2026-08-16,marketplace,completed
3117,512,1,2026-07-28,marketplace,refunded
3118,233,1,2026-05-29,mobile_app,refunded
3119,431,1,2026-07-27,web,completed
3120,32,4,2026-01-20,web,refunded
3121,213,5,2025-11-23,web,refunded
3122,8,8,2026-06-10,web,completed
3123,76,1,2026-08-21,web,refunded
3124,374,8,2026-09-03,mobile_app,completed
3125,29,7,2026-03-14,mobile_app,cancelled
3126,335,3,2026-06-28,mobile_app,completed
3127,511,3,2026-07-05,marketplace,completed
3128,537,2,2026-09-11,mobile_app,cancelled
3129,513,5,2026-06-14,mobile_app,refunded
3130,1,6,2026-07-06,mobile_app,completed
3131,126,7,2026-02-06,web,refunded
3132,546,2,2025-12-19,mobile_app,refunded
3133,367,1,2026-06-11,web,completed
3134,126,4,2026-07-25,mobile_app,refunded
3135,299,3,2026-08-01,mobile_app,refunded
3136,230,6,2026-09-18,web,cancelled
3137,508,6,2026-06-25,web,completed
3138,441,5,2025-06-02,web,cancelled
3139,107,5,2026-07-10,marketplace,completed
3140,591,8,2026-09-20,marketplace,cancelled
3141,285,5,2026-08-24,mobile_app,completed
3142,481,8,2026-03-30,web,completed
3143,369,6,2025-09-26,web,refunded
3144,261,4,2025-06-23,mobile_app,cancelled
3145,531,8,2026-03-16,mobile_app,completed
3146,22,6,2025-11-23,web,cancelled
3147,211,7,2026-03-03,marketplace,completed
3148,276,7,2026-02-21,web,cancelled
3149,126,2,2026-03-08,mobile_app,refunded
3150,3,4,2026-08-07,marketplace,cancelled
3151,95,3,2025-08-29,mobile_app,completed
3152,104,1,2026-02-24,marketplace,cancelled
3153,521,5,2026-06-18,web,completed
3154,3,6,2026-09-15,marketplace,completed
3155,228,2,2026-08-31,mobile_app,cancelled
3156,88,2,2026-03-11,marketplace,completed
3157,52,6,2026-07-28,web,completed
3158,107,3,2026-06-26,web,completed
3159,330,8,2026-09-17,web,cancelled
3160,127,2,2026-04-12,mobile_app,refunded
3161,77,5,2026-06-07,mobile_app,refunded
3162,229,5,2026-04-23,marketplace,completed
3163,500,4,2025-12-02,mobile_app,completed
3164,128,3,2026-09-16,marketplace,completed
3165,548,3,2026-05-07,mobile_app,completed
3166,457,7,2026-07-12,marketplace,completed
3167,96,6,2025-08-30,mobile_app,refunded
3168,195,4,2026-04-01,mobile_app,cancelled
3169,552,1,2026-08-29,web,completed
3170,187,5,2026-02-25,web,completed
3171,435,1,2026-05-12,mobile_app,refunded
3172,25,3,2026-08-31,marketplace,completed
3173,24,6,2026-08-26,web,completed
3174,82,5,2026-09-13,web,completed
3175,371,6,2025-11-07,marketplace,refunded
3176,404,6,2026-07-21,marketplace,completed
3177,552,8,2025-12-01,web,completed
3178,300,6,2026-09-13,mobile_app,completed
3179,595,5,2026-09-17,mobile_app,completed
3180,340,2,2025-12-26,web,completed
3181,382,2,2025-06-05,mobile_app,completed
3182,444,8,2026-04-24,marketplace,completed
3183,60,7,2025-12-20,web,completed
3184,185,2,2026-04-19,marketplace,cancelled
3185,505,3,2026-07-08,marketplace,completed
3186,394,5,2026-05-22,mobile_app,refunded
3187,574,8,2025-05-13,web,completed
3188,281,2,2025-10-14,marketplace,completed
3189,436,1,2026-07-14,marketplace,refunded
3190,116,8,2026-08-28,web,completed
3191,426,5,2026-09-10,mobile_app,completed
3192,19,5,2026-05-12,mobile_app,completed
3193,563,6,2026-05-09,marketplace,completed
3194,579,1,2026-02-13,marketplace,refunded
3195,335,8,2026-05-23,web,completed
3196,476,5,2026-05-05,mobile_app,cancelled
3197,490,8,2026-09-02,marketplace,refunded
3198,596,8,2026-05-04,web,completed
3199,488,3,2026-09-20,web,completed
3200,22,4,2026-03-04,marketplace,completed
3201,180,5,2026-09-14,web,cancelled
3202,254,3,2026-06-19,marketplace,refunded
3203,194,1,2026-09-04,mobile_app,completed
3204,294,5,2026-03-20,mobile_app,completed
3205,333,1,2026-08-04,marketplace,cancelled
3206,590,7,2026-07-03,web,cancelled
3207,150,5,2025-10-03,marketplace,refunded
3208,275,3,2026-05-18,marketplace,completed
3209,54,7,2025-12-22,marketplace,completed
3210,103,4,2026-07-23,web,completed
3211,287,4,2025-11-20,mobile_app,cancelled
3212,449,5,2026-05-20,marketplace,refunded
3213,32,5,2026-02-01,mobile_app,cancelled
3214,473,2,2026-06-16,mobile_app,completed
3215,456,4,2026-07-04,marketplace,completed
3216,565,3,2026-08-23,marketplace,refunded
3217,437,6,2026-01-22,web,completed
3218,66,1,2025-04-30,mobile_app,refunded
3219,336,7,2026-03-31,web,refunded
3220,281,8,2026-09-11,mobile_app,refunded
3221,280,7,2026-03-16,mobile_app,completed
3222,513,8,2026-08-06,mobile_app,cancelled
3223,576,6,2026-02-21,marketplace,completed
3224,339,1,2026-07-14,marketplace,refunded
3225,334,5,2026-09-01,marketplace,completed
3226,415,1,2026-08-24,marketplace,cancelled
3227,523,8,2026-01-04,web,refunded
3228,302,1,2026-05-05,mobile_app,refunded
3229,591,4,2026-08-24,marketplace,completed
3230,39,7,2026-02-22,web,cancelled
3231,114,1,2026-05-29,web,cancelled
3232,439,1,2026-03-14,mobile_app,completed
3233,211,3,2025-12-10,web,refunded
3234,201,8,2026-06-04,mobile_app,refunded
3235,105,1,2026-02-22,mobile_app,cancelled
3236,133,7,2025-09-12,web,completed
3237,367,1,2026-06-28,web,cancelled
3238,109,8,2026-07-23,mobile_app,completed
3239,156,6,2026-06-18,marketplace,completed
3240,63,6,2026-09-19,mobile_app,completed
3241,573,8,2026-08-10,web,cancelled
3242,578,1,2026-05-22,mobile_app,refunded
3243,40,4,2026-09-04,mobile_app,completed
3244,568,8,2026-09-07,web,completed
3245,467,2,2026-06-25,web,completed
3246,52,6,2026-09-17,mobile_app,refunded
3247,497,3,2025-12-31,marketplace,completed
3248,323,6,2026-03-25,marketplace,completed
3249,120,5,2025-09-11,mobile_app,completed
3250,523,6,2026-04-27,web,cancelled
3251,368,2,2025-07-28,web,cancelled
3252,43,6,2026-05-13,web,cancelled
3253,392,5,2026-08-31,mobile_app,completed
3254,155,4,2026-07-02,marketplace,completed
3255,423,1,2025-08-15,mobile_app,completed
3256,127,5,2026-04-07,marketplace,completed
3257,549,4,2026-08-21,mobile_app,completed
3258,314,5,2026-06-05,mobile_app,cancelled
3259,111,8,2026-09-13,mobile_app,completed
3260,160,4,2026-06-27,web,cancelled
3261,265,5,2025-05-12,web,completed
3262,323,7,2026-05-29,mobile_app,cancelled
3263,199,3,2026-06-16,web,completed
3264,595,8,2026-09-13,mobile_app,completed
3265,537,1,2026-06-01,marketplace,completed
3266,12,7,2026-03-16,marketplace,completed
3267,516,2,2025-11-13,marketplace,completed
3268,223,1,2026-03-20,marketplace,completed
3269,265,8,2025-09-18,marketplace,refunded
3270,397,4,2025-08-23,web,completed
3271,25,1,2026-04-08,marketplace,completed
3272,247,7,2026-06-22,marketplace,completed
3273,451,5,2025-10-30,web,cancelled
3274,398,5,2025-10-06,marketplace,completed
3275,40,8,2026-09-03,mobile_app,completed
3276,118,5,2026-09-11,mobile_app,completed
3277,308,7,2026-02-15,mobile_app,completed
3278,444,5,2025-12-17,web,completed
3279,417,4,2026-08-31,marketplace,completed
3280,400,5,2026-02-26,mobile_app,completed
3281,573,2,2026-07-21,marketplace,completed
3282,409,2,2026-09-01,web,completed
3283,86,2,2025-05-04,mobile_app,completed
3284,276,8,2026-09-18,marketplace,completed
3285,564,8,2026-08-05,marketplace,completed
3286,407,7,2026-07-16,marketplace,cancelled
3287,61,7,2026-06-02,web,completed
3288,259,6,2026-04-22,web,completed
3289,152,5,2026-08-14,web,refunded
3290,328,8,2026-08-26,marketplace,completed
3291,197,8,2026-09-09,mobile_app,completed
3292,331,3,2026-04-23,web,refunded
3293,237,4,2025-09-12,marketplace,refunded
3294,295,3,2026-04-01,marketplace,completed
3295,56,8,2026-05-27,mobile_app,refunded
3296,154,4,2026-09-18,marketplace,refunded
3297,33,5,2026-09-15,mobile_app,completed
3298,389,2,2026-09-11,web,completed
3299,351,2,2026-09-03,mobile_app,completed
3300,479,1,2025-12-31,mobile_app,completed
3301,300,8,2026-09-02,marketplace,completed
3302,536,2,2025-10-10,web,completed
3303,524,5,2025-06-20,mobile_app,completed
3304,21,3,2026-09-14,mobile_app,completed
3305,208,8,2026-01-30,web,completed
3306,54,1,2025-12-02,mobile_app,cancelled
3307,200,2,2026-05-02,marketplace,completed
3308,230,8,2026-09-18,marketplace,refunded
3309,592,5,2026-04-14,mobile_app,completed
3310,306,7,2026-08-17,web,completed
3311,511,6,2026-08-23,marketplace,completed
3312,432,1,2026-06-11,mobile_app,completed
3313,570,3,2026-03-14,marketplace,completed
3314,79,5,2026-07-14,web,completed
3315,275,2,2026-09-05,marketplace,cancelled
3316,145,2,2026-07-03,mobile_app,completed
3317,160,2,2025-11-03,web,completed
3318,489,5,2026-01-31,mobile_app,completed
3319,386,6,2025-04-09,web,refunded
3320,351,5,2026-08-22,mobile_app,completed
3321,489,2,2026-04-05,web,refunded
3322,248,5,2026-05-07,mobile_app,completed
3323,429,6,2026-02-14,web,refunded
3324,72,7,2026-09-18,web,refunded
3325,56,8,2026-05-08,web,completed
3326,481,4,2026-05-19,web,completed
3327,153,4,2026-07-14,web,completed
3328,357,7,2026-06-09,marketplace,refunded
3329,67,6,2026-09-01,marketplace,completed
3330,90,7,2026-07-31,mobile_app,refunded
3331,246,6,2026-07-29,web,completed
3332,65,2,2026-03-16,marketplace,completed
3333,50,5,2026-07-13,mobile_app,completed
3334,579,2,2025-10-09,marketplace,refunded
3335,513,1,2026-08-12,marketplace,refunded
3336,489,3,2026-08-26,marketplace,completed
3337,532,3,2026-06-06,mobile_app,refunded
3338,492,6,2026-07-30,marketplace,cancelled
3339,533,6,2026-07-26,marketplace,completed
3340,355,3,2026-08-10,mobile_app,refunded
3341,140,4,2026-09-01,mobile_app,completed
3342,177,6,2026-03-10,marketplace,completed
3343,5,6,2025-06-30,mobile_app,completed
3344,210,4,2026-04-24,marketplace,completed
3345,286,3,2026-07-03,web,completed
3346,170,4,2026-09-17,web,completed
3347,536,5,2025-08-10,marketplace,refunded
3348,164,6,2026-05-27,marketplace,completed
3349,439,6,2026-07-30,marketplace,completed
3350,429,2,2026-03-09,mobile_app,cancelled
3351,221,5,2026-01-01,mobile_app,cancelled
3352,451,1,2026-08-04,marketplace,completed
3353,181,4,2026-07-21,marketplace,completed
3354,393,3,2026-08-17,web,refunded
3355,459,7,2026-08-10,web,completed
3356,156,7,2026-07-10,web,completed
3357,432,6,2026-06-10,mobile_app,completed
3358,561,1,2026-08-28,marketplace,completed
3359,410,7,2025-04-27,marketplace,completed
3360,572,5,2026-06-27,mobile_app,completed
3361,442,8,2026-08-08,mobile_app,cancelled
3362,247,8,2025-12-03,marketplace,cancelled
3363,539,5,2026-09-20,mobile_app,cancelled
3364,366,5,2026-03-21,mobile_app,cancelled
3365,218,8,2026-01-02,marketplace,completed
3366,182,8,2026-04-26,mobile_app,refunded
3367,391,8,2026-02-03,web,completed
3368,186,7,2026-09-14,marketplace,completed
3369,221,1,2026-07-06,web,completed
3370,6,5,2025-12-16,mobile_app,refunded
3371,50,1,2026-09-02,mobile_app,cancelled
3372,115,7,2025-12-18,web,cancelled
3373,37,6,2026-08-14,web,completed
3374,208,3,2025-12-23,mobile_app,refunded
3375,207,7,2026-06-02,mobile_app,completed
3376,371,4,2026-05-29,marketplace,completed
3377,12,5,2026-03-20,web,cancelled
3378,125,1,2026-09-18,web,completed
3379,298,5,2026-09-05,marketplace,refunded
3380,22,1,2025-08-19,web,completed
3381,499,6,2026-09-07,web,completed
3382,528,7,2026-02-09,mobile_app,refunded
3383,233,6,2026-06-09,web,cancelled
3384,481,8,2026-02-24,mobile_app,cancelled
3385,53,1,2025-05-30,mobile_app,completed
3386,423,1,2026-03-24,marketplace,completed
3387,203,5,2026-08-17,web,completed
3388,83,2,2026-02-24,mobile_app,completed
3389,398,8,2025-12-01,marketplace,refunded
3390,568,8,2026-09-05,web,completed
3391,63,5,2026-09-12,marketplace,completed
3392,268,2,2026-05-28,marketplace,completed
3393,443,6,2026-05-17,marketplace,completed
3394,145,7,2025-10-29,mobile_app,completed
3395,347,7,2026-04-03,mobile_app,completed
3396,576,7,2026-05-31,marketplace,completed
3397,502,1,2026-05-08,marketplace,completed
3398,120,8,2026-09-05,mobile_app,completed
3399,508,8,2026-07-30,marketplace,completed
3400,488,5,2026-07-02,web,completed
3401,240,8,2026-07-07,mobile_app,completed
3402,89,1,2026-08-29,web,completed
3403,221,1,2026-03-25,web,completed
3404,193,8,2026-04-29,marketplace,refunded
3405,147,2,2026-07-11,marketplace,completed
3406,494,5,2026-03-08,web,cancelled
3407,406,3,2026-05-05,mobile_app,completed
3408,200,6,2025-05-15,mobile_app,completed
3409,133,7,2026-01-03,marketplace,completed
3410,269,8,2026-07-14,web,completed
3411,156,1,2026-06-26,mobile_app,cancelled
3412,115,5,2026-04-27,mobile_app,completed
3413,487,3,2026-05-11,marketplace,refunded
3414,256,2,2026-01-07,web,refunded
3415,534,3,2026-01-21,marketplace,completed
3416,347,2,2026-01-09,mobile_app,completed
3417,554,4,2026-08-18,web,refunded
3418,529,3,2026-05-08,web,completed
3419,164,7,2025-12-31,mobile_app,refunded
3420,302,3,2026-07-18,web,completed
3421,570,8,2026-02-20,web,cancelled
3422,193,6,2026-07-06,marketplace,refunded
3423,583,6,2026-09-19,mobile_app,completed
3424,250,6,2026-08-12,mobile_app,completed
3425,227,8,2026-08-19,marketplace,completed
3426,526,5,2026-03-19,marketplace,completed
3427,64,8,2025-11-20,marketplace,completed
3428,4,7,2025-10-24,web,completed
3429,32,5,2026-05-09,web,completed
3430,327,1,2026-01-16,marketplace,refunded
3431,82,5,2026-05-10,web,completed
3432,44,7,2026-06-19,mobile_app,refunded
3433,508,7,2026-04-13,web,cancelled
3434,53,1,2026-05-29,marketplace,completed
3435,169,6,2026-07-01,mobile_app,completed
3436,341,1,2026-07-24,mobile_app,completed
3437,446,1,2026-04-15,marketplace,completed
3438,328,5,2026-09-16,web,completed
3439,108,7,2025-11-23,web,cancelled
3440,221,2,2025-09-05,web,cancelled
3441,190,8,2025-12-01,web,completed
3442,458,8,2026-07-15,marketplace,refunded
3443,54,7,2025-12-17,mobile_app,completed
3444,136,7,2026-07-25,mobile_app,refunded
3445,337,2,2026-08-22,web,completed
3446,25,5,2025-10-02,mobile_app,completed
3447,414,2,2026-08-11,web,completed
3448,9,4,2026-09-10,marketplace,completed
3449,246,5,2026-07-13,marketplace,completed
3450,478,1,2026-05-25,mobile_app,completed
3451,492,1,2026-09-07,marketplace,completed
3452,93,2,2026-08-31,mobile_app,completed
3453,118,6,2026-09-01,marketplace,completed
3454,221,3,2026-09-15,mobile_app,completed
3455,186,8,2026-09-17,marketplace,completed
3456,420,7,2026-08-04,mobile_app,completed
3457,376,8,2026-09-13,mobile_app,cancelled
3458,305,4,2026-09-14,mobile_app,refunded
3459,181,5,2026-04-23,marketplace,completed
3460,167,7,2025-05-13,mobile_app,completed
3461,409,7,2026-09-16,marketplace,completed
3462,174,6,2026-08-10,web,completed
3463,274,8,2026-09-03,mobile_app,cancelled
3464,337,5,2026-05-26,web,refunded
3465,263,7,2026-06-13,web,completed
3466,499,7,2026-08-31,mobile_app,cancelled
3467,371,2,2026-02-16,web,completed
3468,422,7,2026-04-21,mobile_app,cancelled
3469,308,4,2026-03-18,mobile_app,cancelled
3470,3,2,2026-04-30,web,cancelled
3471,516,3,2026-04-13,marketplace,completed
3472,61,7,2026-02-06,web,completed
3473,224,6,2026-09-15,web,completed
3474,548,4,2026-05-05,marketplace,completed
3475,63,4,2026-09-18,web,refunded
3476,279,3,2026-03-20,mobile_app,refunded
3477,355,5,2026-06-07,marketplace,cancelled
3478,595,1,2026-08-28,marketplace,completed
3479,192,1,2026-09-10,marketplace,refunded
3480,443,5,2026-07-18,mobile_app,completed
3481,430,7,2026-06-20,marketplace,cancelled
3482,337,1,2026-02-17,marketplace,cancelled
3483,259,1,2026-08-02,mobile_app,cancelled
3484,172,5,2025-05-29,mobile_app,completed
3485,104,1,2026-08-22,web,completed
3486,201,3,2026-05-22,marketplace,completed
3487,259,2,2026-05-24,marketplace,refunded
3488,454,3,2026-06-13,marketplace,completed
3489,198,2,2025-09-29,marketplace,completed
3490,72,5,2026-09-02,web,refunded
3491,304,4,2026-03-22,web,completed
3492,390,1,2025-06-14,mobile_app,cancelled
3493,41,1,2026-07-19,marketplace,completed
3494,354,7,2026-08-26,marketplace,completed
3495,231,6,2026-06-21,marketplace,completed
3496,167,1,2025-12-02,mobile_app,cancelled
3497,27,1,2026-08-03,web,refunded
3498,356,7,2026-01-29,mobile_app,cancelled
3499,143,8,2026-02-26,web,completed
3500,487,4,2026-05-22,marketplace,refunded
3501,567,1,2026-09-15,marketplace,cancelled
3502,476,2,2026-05-30,web,completed
3503,440,3,2026-03-30,web,refunded
3504,13,7,2026-06-24,marketplace,cancelled
3505,319,6,2026-05-11,web,completed
3506,504,4,2026-09-06,marketplace,completed
3507,31,1,2025-11-11,marketplace,completed
3508,228,5,2026-02-18,mobile_app,completed
3509,236,5,2026-03-18,web,cancelled
3510,419,4,2026-07-13,web,completed
3511,541,8,2026-08-05,mobile_app,cancelled
3512,550,4,2026-08-14,web,cancelled
3513,495,3,2026-07-21,marketplace,completed
3514,357,3,2026-03-30,mobile_app,completed
3515,192,3,2026-01-23,marketplace,completed
3516,436,3,2026-04-15,mobile_app,cancelled
3517,107,3,2026-07-16,marketplace,completed
3518,341,8,2026-09-04,mobile_app,refunded
3519,468,4,2026-07-14,web,completed
3520,294,1,2026-02-27,marketplace,completed
3521,362,5,2026-08-10,web,completed
3522,103,8,2025-12-04,web,cancelled
3523,487,8,2026-04-26,mobile_app,completed
3524,514,1,2026-01-22,marketplace,completed
3525,500,5,2026-09-12,web,refunded
3526,399,5,2026-02-16,web,completed
3527,426,3,2026-08-19,marketplace,completed
3528,395,7,2026-05-03,web,completed
3529,594,2,2026-04-25,marketplace,completed
3530,491,3,2026-05-25,web,cancelled
3531,435,3,2026-09-13,web,cancelled
3532,3,8,2026-08-01,marketplace,refunded
3533,222,4,2026-08-29,mobile_app,completed
3534,145,6,2026-02-18,mobile_app,refunded
3535,446,1,2025-07-29,mobile_app,completed
3536,89,1,2026-03-23,marketplace,cancelled
3537,99,5,2026-02-27,marketplace,completed
3538,124,5,2026-08-01,mobile_app,completed
3539,355,8,2026-08-27,marketplace,refunded
3540,365,2,2026-08-18,marketplace,cancelled
3541,383,1,2026-07-27,marketplace,completed
3542,192,5,2026-01-01,mobile_app,completed
3543,119,7,2026-07-25,marketplace,cancelled
3544,295,5,2026-09-04,mobile_app,completed
3545,97,7,2026-08-31,web,completed
3546,158,6,2025-11-16,marketplace,completed
3547,353,6,2026-09-15,mobile_app,completed
3548,554,7,2026-08-22,mobile_app,completed
3549,115,1,2025-09-18,web,completed
3550,293,6,2026-09-04,web,completed
3551,395,8,2026-04-06,web,cancelled
3552,452,6,2026-09-03,mobile_app,completed
3553,472,2,2026-08-22,marketplace,cancelled
3554,387,8,2026-09-10,mobile_app,cancelled
3555,533,8,2026-07-16,web,completed
3556,492,4,2026-06-11,marketplace,cancelled
3557,553,7,2026-04-16,marketplace,completed
3558,329,3,2025-10-26,mobile_app,completed
3559,502,5,2026-06-28,mobile_app,completed
3560,508,4,2026-08-23,web,completed
3561,379,3,2026-08-26,mobile_app,completed
3562,277,5,2026-06-10,marketplace,completed
3563,57,8,2026-07-07,mobile_app,completed
3564,77,1,2025-11-12,marketplace,refunded
3565,385,4,2026-09-18,marketplace,refunded
3566,561,3,2026-08-19,mobile_app,completed
3567,234,2,2026-05-20,mobile_app,refunded
3568,320,7,2026-09-10,web,completed
3569,173,6,2026-03-23,marketplace,completed
3570,273,3,2026-01-28,mobile_app,completed
3571,576,6,2026-04-28,mobile_app,completed
3572,450,7,2026-05-16,marketplace,completed
3573,398,5,2025-07-28,web,completed
3574,342,7,2026-08-17,mobile_app,cancelled
3575,137,5,2026-03-15,web,completed
3576,63,2,2026-09-12,marketplace,completed
3577,578,2,2026-07-22,marketplace,refunded
3578,94,3,2026-09-09,web,completed
3579,162,2,2026-04-22,mobile_app,completed
3580,338,5,2026-05-10,marketplace,completed
3581,133,3,2026-03-29,marketplace,completed
3582,501,4,2026-06-01,mobile_app,completed
3583,421,5,2026-06-10,mobile_app,completed
3584,71,4,2025-11-05,web,completed
3585,343,3,2026-08-05,mobile_app,completed
3586,203,3,2026-08-18,mobile_app,completed
3587,308,3,2026-03-10,web,refunded
3588,535,6,2026-04-25,web,completed
3589,497,5,2026-07-10,web,completed
3590,176,3,2026-03-21,web,completed
3591,357,3,2025-12-02,marketplace,completed
3592,458,6,2026-07-06,marketplace,completed
3593,34,5,2026-09-01,mobile_app,completed
3594,196,1,2025-10-19,marketplace,completed
3595,359,2,2025-09-05,mobile_app,cancelled
3596,177,6,2026-04-04,marketplace,cancelled
3597,311,7,2025-12-17,mobile_app,completed
3598,206,3,2026-05-02,mobile_app,cancelled
3599,231,2,2026-02-08,mobile_app,refunded
3600,73,5,2026-01-28,web,completed
3601,344,7,2026-05-11,marketplace,refunded
3602,191,3,2026-04-13,marketplace,refunded
3603,391,7,2026-01-06,marketplace,completed
3604,537,2,2025-12-21,marketplace,cancelled
3605,297,6,2026-09-09,mobile_app,cancelled
3606,72,1,2026-08-12,mobile_app,completed
3607,178,4,2026-01-16,web,completed
3608,212,6,2025-07-20,mobile_app,completed
3609,535,6,2026-08-13,web,completed
3610,354,1,2026-07-16,marketplace,completed
3611,351,7,2026-09-11,web,completed
3612,82,8,2026-09-08,web,completed
3613,432,5,2026-07-15,marketplace,completed
3614,192,3,2025-10-17,mobile_app,completed
3615,329,1,2025-10-09,marketplace,completed
3616,589,2,2026-05-03,marketplace,cancelled
3617,114,3,2026-07-10,marketplace,completed
3618,46,5,2025-11-02,marketplace,completed
3619,404,2,2026-04-05,web,refunded
3620,176,3,2026-07-29,marketplace,completed
3621,395,2,2026-06-07,web,completed
3622,225,2,2026-09-03,mobile_app,cancelled
3623,17,3,2025-06-24,marketplace,completed
3624,429,2,2026-07-30,web,cancelled
3625,542,4,2026-08-01,web,completed
3626,38,1,2026-04-23,marketplace,cancelled
3627,37,6,2026-08-11,mobile_app,refunded
3628,68,1,2026-07-14,marketplace,completed
3629,517,5,2025-08-10,marketplace,cancelled
3630,96,7,2025-09-06,mobile_app,cancelled
3631,204,8,2026-09-07,mobile_app,completed
3632,573,4,2026-08-01,marketplace,completed
3633,299,6,2026-09-11,mobile_app,completed
3634,140,2,2026-03-25,web,completed
3635,27,2,2026-05-30,web,completed
3636,147,4,2025-12-14,mobile_app,completed
3637,26,8,2026-09-18,marketplace,completed
3638,229,7,2026-06-03,marketplace,cancelled
3639,129,8,2026-07-26,marketplace,completed
3640,20,5,2026-08-02,mobile_app,refunded
3641,520,4,2026-05-19,web,refunded
3642,312,4,2026-05-08,marketplace,completed
3643,314,4,2026-07-08,web,completed
3644,208,2,2026-04-25,mobile_app,completed
3645,437,1,2026-03-08,marketplace,completed
3646,318,7,2025-12-18,mobile_app,cancelled
3647,589,4,2026-07-25,marketplace,completed
3648,401,7,2026-01-25,mobile_app,completed
3649,23,2,2026-07-21,marketplace,completed
3650,509,1,2026-09-02,web,completed
3651,541,5,2026-08-11,mobile_app,completed
3652,312,5,2026-08-12,web,cancelled
3653,365,1,2026-09-15,mobile_app,completed
3654,62,8,2026-07-14,web,completed
3655,288,2,2026-04-25,mobile_app,refunded
3656,282,3,2026-01-26,marketplace,refunded
3657,461,8,2026-07-19,mobile_app,completed
3658,82,2,2026-07-15,marketplace,cancelled
3659,437,4,2026-08-28,marketplace,completed
3660,198,1,2026-05-13,web,completed
3661,379,5,2026-09-12,web,completed
3662,370,7,2026-07-01,marketplace,completed
3663,267,6,2026-09-07,marketplace,refunded
3664,395,3,2026-08-27,mobile_app,cancelled
3665,554,3,2026-08-18,marketplace,refunded
3666,597,4,2026-09-04,marketplace,refunded
3667,549,7,2026-08-08,marketplace,completed
3668,477,8,2026-05-04,marketplace,completed
3669,501,8,2025-12-01,web,completed
3670,221,2,2025-09-08,mobile_app,completed
3671,536,7,2026-07-24,mobile_app,completed
3672,264,7,2026-02-15,mobile_app,completed
3673,454,6,2026-04-10,mobile_app,completed
3674,194,4,2026-06-28,mobile_app,cancelled
3675,99,6,2025-11-12,marketplace,completed
3676,87,1,2026-01-23,mobile_app,completed
3677,438,2,2026-06-14,web,completed
3678,250,7,2026-07-27,mobile_app,completed
3679,251,3,2026-08-05,marketplace,cancelled
3680,346,8,2026-03-30,mobile_app,cancelled
3681,129,3,2026-05-05,web,completed
3682,314,4,2026-06-19,mobile_app,completed
3683,320,2,2026-08-26,web,refunded
3684,24,5,2025-11-06,web,completed
3685,495,4,2026-08-08,marketplace,completed
3686,197,1,2026-09-19,web,cancelled
3687,63,1,2026-09-20,web,refunded
3688,32,6,2025-12-08,marketplace,refunded
3689,281,7,2025-11-16,web,refunded
3690,273,3,2026-05-15,marketplace,completed
3691,111,1,2026-09-17,marketplace,completed
3692,68,6,2026-08-08,marketplace,completed
3693,110,4,2026-07-18,marketplace,completed
3694,505,1,2025-10-23,marketplace,completed
3695,353,3,2026-09-17,mobile_app,completed
3696,415,3,2026-09-12,marketplace,cancelled
3697,580,2,2026-07-05,marketplace,completed
3698,594,7,2025-08-27,mobile_app,cancelled
3699,44,4,2026-07-14,marketplace,cancelled
3700,335,6,2026-07-14,mobile_app,refunded
3701,566,5,2026-06-29,marketplace,completed
3702,194,6,2026-06-23,marketplace,refunded
3703,59,4,2026-01-29,marketplace,completed
3704,112,3,2026-07-31,marketplace,refunded
3705,292,6,2026-06-15,web,completed
3706,578,2,2026-08-09,web,completed
3707,240,1,2026-06-18,marketplace,completed
3708,529,1,2026-04-22,web,refunded
3709,213,1,2026-02-04,web,refunded
3710,197,2,2026-07-30,mobile_app,completed
3711,518,5,2026-03-11,marketplace,cancelled
3712,71,7,2026-01-27,web,completed
3713,479,2,2026-05-13,web,refunded
3714,383,5,2026-05-12,marketplace,completed
3715,99,5,2026-06-14,web,completed
3716,159,8,2026-03-23,web,completed
3717,114,6,2025-10-03,mobile_app,completed
3718,288,1,2026-04-20,web,completed
3719,435,3,2026-04-28,web,cancelled
3720,142,8,2026-07-30,mobile_app,completed
3721,314,8,2026-08-08,marketplace,completed
3722,459,5,2026-09-19,marketplace,completed
3723,290,6,2026-08-20,marketplace,completed
3724,496,1,2026-08-29,marketplace,cancelled
3725,142,2,2025-11-01,mobile_app,cancelled
3726,483,7,2026-08-10,marketplace,cancelled
3727,379,8,2026-07-06,web,completed
3728,378,3,2026-04-05,mobile_app,completed
3729,293,4,2026-08-31,mobile_app,cancelled
3730,565,1,2026-08-08,marketplace,completed
3731,471,8,2026-03-26,marketplace,completed
3732,522,5,2026-04-02,web,completed
3733,120,2,2025-08-07,mobile_app,completed
3734,502,5,2026-08-03,mobile_app,completed
3735,249,2,2026-03-22,marketplace,completed
3736,361,8,2026-04-16,marketplace,completed
3737,63,1,2026-09-15,mobile_app,refunded
3738,269,3,2025-09-16,mobile_app,completed
3739,167,2,2026-03-24,mobile_app,refunded
3740,222,3,2026-09-12,web,completed
3741,282,5,2025-06-17,marketplace,completed
3742,526,7,2026-08-04,mobile_app,completed
3743,245,6,2026-06-13,mobile_app,refunded
3744,344,5,2026-09-10,mobile_app,completed
3745,28,3,2026-04-05,web,cancelled
3746,478,7,2026-06-13,mobile_app,completed
3747,34,5,2026-07-20,web,cancelled
3748,173,8,2026-02-04,mobile_app,completed
3749,483,8,2026-09-02,web,refunded
3750,228,3,2026-06-12,web,refunded
3751,537,4,2025-11-26,marketplace,completed
3752,563,5,2026-05-05,web,completed
3753,333,8,2026-09-10,marketplace,completed
3754,391,1,2025-09-19,mobile_app,cancelled
3755,301,1,2025-11-13,mobile_app,completed
3756,425,1,2026-08-20,mobile_app,refunded
3757,173,3,2026-03-13,mobile_app,refunded
3758,33,7,2026-08-03,marketplace,completed
3759,73,8,2026-08-29,marketplace,completed
3760,596,5,2026-02-27,web,completed
3761,73,8,2026-05-14,mobile_app,completed
3762,497,5,2025-10-17,mobile_app,completed
3763,200,7,2026-07-26,marketplace,completed
3764,187,7,2026-04-27,mobile_app,completed
3765,374,7,2026-06-20,marketplace,completed
3766,6,1,2026-09-20,web,completed
3767,222,3,2026-09-16,mobile_app,completed
3768,129,4,2026-07-06,mobile_app,completed
3769,515,7,2026-07-21,web,completed
3770,276,3,2026-08-30,web,completed
3771,184,2,2026-07-10,mobile_app,refunded
3772,593,3,2025-10-28,marketplace,cancelled
3773,5,5,2026-02-04,marketplace,completed
3774,350,3,2026-09-04,marketplace,completed
3775,198,2,2026-07-14,marketplace,completed
3776,521,2,2026-04-20,mobile_app,refunded
3777,189,5,2025-12-26,mobile_app,completed
3778,107,4,2026-08-29,web,completed
3779,111,4,2026-09-16,marketplace,refunded
3780,455,6,2026-03-23,web,completed
3781,554,6,2026-08-06,web,cancelled
3782,437,5,2026-07-09,web,completed
3783,67,4,2026-09-05,mobile_app,completed
3784,519,2,2025-10-29,mobile_app,completed
3785,350,1,2026-08-28,web,completed
3786,181,4,2026-01-31,web,refunded
3787,114,8,2026-07-07,marketplace,completed
3788,232,8,2026-02-03,marketplace,cancelled
3789,266,6,2026-08-12,web,completed
3790,542,1,2026-09-15,marketplace,completed
3791,201,2,2025-12-03,marketplace,completed
3792,15,3,2026-05-22,marketplace,completed
3793,401,5,2026-02-24,marketplace,completed
3794,478,8,2026-03-08,mobile_app,refunded
3795,265,1,2025-07-15,marketplace,completed
3796,330,3,2026-08-02,web,completed
3797,438,5,2026-03-13,web,completed
3798,371,3,2026-06-14,web,refunded
3799,515,8,2026-09-09,web,completed
3800,582,3,2026-07-29,marketplace,completed
3801,155,5,2026-04-14,web,completed
3802,259,1,2026-07-10,marketplace,cancelled
3803,379,8,2026-04-11,marketplace,cancelled
3804,453,8,2026-06-26,mobile_app,cancelled
3805,405,2,2026-09-12,marketplace,cancelled
3806,43,2,2026-05-12,mobile_app,completed
3807,156,3,2025-11-08,mobile_app,completed
3808,5,6,2025-07-31,web,completed
3809,263,8,2026-09-11,web,cancelled
3810,354,5,2026-09-06,mobile_app,cancelled
3811,558,7,2026-08-16,mobile_app,refunded
3812,298,3,2026-08-12,mobile_app,cancelled
3813,433,5,2026-08-14,marketplace,completed
3814,497,4,2026-07-11,web,completed
3815,103,3,2026-05-24,web,refunded
3816,117,1,2026-08-18,marketplace,completed
3817,571,8,2026-06-10,web,refunded
3818,367,2,2026-06-11,web,completed
3819,18,5,2026-07-09,marketplace,completed
3820,78,1,2026-07-17,marketplace,completed
3821,374,7,2026-08-19,marketplace,completed
3822,393,4,2026-09-07,marketplace,completed
3823,303,3,2026-07-29,marketplace,cancelled
3824,371,6,2026-07-02,marketplace,completed
3825,373,5,2026-09-13,marketplace,completed
3826,563,4,2026-06-29,marketplace,completed
3827,337,3,2026-07-11,mobile_app,completed
3828,109,8,2026-05-16,web,completed
3829,58,7,2025-05-29,marketplace,completed
3830,479,3,2026-07-04,web,completed
3831,213,6,2026-02-01,marketplace,completed
3832,594,6,2025-10-16,marketplace,completed
3833,306,4,2026-03-07,mobile_app,completed
3834,448,6,2026-07-02,marketplace,completed
3835,596,6,2026-05-24,web,refunded
3836,6,6,2026-04-17,mobile_app,completed
3837,49,7,2026-02-09,web,cancelled
3838,1,3,2026-09-03,web,completed
3839,289,7,2026-08-15,web,cancelled
3840,94,3,2026-07-03,marketplace,cancelled
3841,585,2,2026-07-30,mobile_app,completed
3842,586,2,2026-06-13,mobile_app,completed
3843,215,2,2026-07-08,web,refunded
3844,464,5,2026-08-22,web,completed
3845,376,5,2026-09-11,marketplace,completed
3846,522,3,2026-04-22,marketplace,cancelled
3847,319,2,2025-12-05,marketplace,completed
3848,459,8,2026-09-04,marketplace,refunded
3849,555,4,2025-11-16,mobile_app,cancelled
3850,426,7,2026-07-24,marketplace,cancelled
3851,20,4,2026-01-26,mobile_app,completed
3852,266,7,2026-06-13,marketplace,refunded
3853,268,6,2026-04-11,marketplace,refunded
3854,88,8,2026-03-12,marketplace,cancelled
3855,240,6,2026-09-07,marketplace,completed
3856,283,8,2026-06-21,web,completed
3857,497,1,2026-08-19,marketplace,cancelled
3858,177,3,2026-07-16,web,completed
3859,301,4,2026-09-04,mobile_app,cancelled
3860,576,5,2026-02-22,marketplace,completed
3861,18,3,2025-08-11,marketplace,cancelled
3862,229,8,2026-02-24,marketplace,completed
3863,588,2,2025-08-14,mobile_app,completed
3864,419,3,2026-07-27,web,completed
3865,499,5,2026-09-11,mobile_app,completed
3866,55,3,2026-07-29,web,completed
3867,444,6,2026-04-29,marketplace,cancelled
3868,252,2,2026-04-01,web,completed
3869,594,3,2026-01-04,marketplace,completed
3870,600,5,2026-06-16,marketplace,completed
3871,111,7,2026-09-07,web,refunded
3872,317,5,2026-09-02,marketplace,completed
3873,404,1,2026-01-24,marketplace,completed
3874,448,4,2026-08-13,marketplace,completed
3875,125,3,2026-09-18,web,completed
3876,216,3,2026-01-10,mobile_app,cancelled
3877,222,1,2026-09-17,mobile_app,completed
3878,569,4,2026-09-05,web,refunded
3879,375,3,2026-09-06,mobile_app,cancelled
3880,379,6,2026-03-27,marketplace,cancelled
3881,241,1,2026-07-09,mobile_app,completed
3882,578,2,2026-09-13,marketplace,completed
3883,201,1,2026-09-16,web,refunded
3884,510,8,2026-05-18,marketplace,completed
3885,375,7,2026-09-15,marketplace,completed
3886,115,3,2026-03-14,mobile_app,refunded
3887,39,2,2026-06-07,mobile_app,completed
3888,505,2,2026-03-25,mobile_app,completed
3889,449,3,2026-03-10,web,completed
3890,483,1,2026-08-14,web,completed
3891,320,8,2026-08-22,marketplace,completed
3892,560,6,2025-11-20,marketplace,cancelled
3893,49,2,2025-12-08,marketplace,completed
3894,339,3,2026-09-12,marketplace,completed
3895,302,3,2026-08-17,marketplace,cancelled
3896,286,2,2026-08-05,mobile_app,completed
3897,164,8,2026-01-12,mobile_app,completed
3898,505,1,2025-12-11,mobile_app,completed
3899,438,3,2025-11-18,mobile_app,refunded
3900,408,4,2026-06-02,mobile_app,cancelled
3901,95,6,2025-07-12,mobile_app,cancelled
3902,268,8,2026-03-18,marketplace,refunded
3903,562,4,2025-06-12,mobile_app,completed
3904,589,6,2026-09-06,marketplace,completed
3905,414,8,2026-07-27,marketplace,completed
3906,6,8,2026-08-13,marketplace,refunded
3907,159,4,2026-01-03,mobile_app,completed
3908,151,6,2026-08-17,marketplace,cancelled
3909,577,2,2026-08-11,web,completed
3910,418,2,2026-04-13,marketplace,cancelled
3911,228,5,2026-02-24,web,cancelled
3912,195,4,2026-09-09,marketplace,completed
3913,240,2,2026-07-28,mobile_app,completed
3914,454,1,2026-07-16,marketplace,completed
3915,74,2,2026-09-01,web,completed
3916,174,4,2026-09-02,marketplace,completed
3917,37,2,2026-06-14,marketplace,refunded
3918,276,1,2026-08-16,mobile_app,completed
3919,436,3,2026-03-17,marketplace,refunded
3920,139,6,2026-09-20,marketplace,refunded
3921,309,1,2026-09-07,web,completed
3922,538,8,2025-06-07,mobile_app,completed
3923,475,8,2026-08-07,mobile_app,completed
3924,159,4,2025-05-19,marketplace,completed
3925,461,8,2026-05-14,mobile_app,cancelled
3926,200,5,2025-06-01,marketplace,completed
3927,33,7,2026-06-01,marketplace,refunded
3928,336,6,2026-08-08,marketplace,completed
3929,203,4,2026-07-27,marketplace,completed
3930,480,6,2026-08-29,mobile_app,completed
3931,29,5,2026-03-17,web,completed
3932,341,7,2026-06-24,mobile_app,completed
3933,227,1,2026-09-20,web,cancelled
3934,80,8,2026-09-15,web,cancelled
3935,81,2,2026-06-08,marketplace,cancelled
3936,559,7,2026-02-16,mobile_app,refunded
3937,460,8,2026-07-26,marketplace,completed
3938,272,1,2026-02-14,web,completed
3939,423,1,2026-03-23,marketplace,completed
3940,82,6,2026-09-18,web,completed
3941,386,2,2025-12-19,mobile_app,cancelled
3942,423,3,2026-01-15,marketplace,completed
3943,137,8,2026-08-24,web,completed
3944,303,5,2026-03-19,web,cancelled
3945,308,8,2026-06-23,mobile_app,completed
3946,442,4,2026-03-26,web,completed
3947,379,8,2026-06-12,mobile_app,cancelled
3948,544,2,2026-08-28,web,cancelled
3949,360,4,2026-03-10,mobile_app,completed
3950,508,8,2026-08-31,web,completed
3951,599,6,2026-02-22,mobile_app,refunded
3952,128,3,2026-08-27,web,completed
3953,228,3,2026-06-29,web,completed
3954,406,5,2026-05-08,mobile_app,completed
3955,586,2,2025-10-23,web,completed
3956,129,7,2026-02-25,marketplace,completed
3957,174,2,2026-08-12,marketplace,cancelled
3958,64,4,2026-04-15,marketplace,cancelled
3959,462,5,2026-08-02,web,completed
3960,180,4,2026-06-05,marketplace,completed
3961,58,3,2026-07-10,mobile_app,refunded
3962,438,7,2026-02-11,marketplace,completed
3963,526,4,2026-07-08,web,completed
3964,267,5,2025-11-05,marketplace,completed
3965,566,1,2026-04-23,marketplace,cancelled
3966,149,2,2026-08-06,marketplace,completed
3967,371,1,2026-05-16,web,completed
3968,132,3,2026-07-26,marketplace,completed
3969,83,4,2026-07-27,web,refunded
3970,246,8,2026-07-13,marketplace,completed
3971,329,7,2026-07-02,marketplace,cancelled
3972,338,4,2026-04-16,mobile_app,completed
3973,240,4,2026-09-06,web,completed
3974,452,5,2026-08-29,mobile_app,completed
3975,572,3,2026-06-26,mobile_app,completed
3976,224,4,2026-07-04,mobile_app,completed
3977,225,5,2026-09-14,mobile_app,completed
3978,255,2,2026-08-17,web,refunded
3979,44,1,2026-08-03,web,cancelled
3980,208,2,2026-09-20,marketplace,completed
3981,57,5,2026-06-19,web,completed
3982,82,7,2026-08-28,mobile_app,completed
3983,479,5,2026-09-13,mobile_app,completed
3984,56,3,2026-06-17,web,completed
3985,586,1,2026-03-19,web,completed
3986,51,5,2026-07-18,web,refunded
3987,454,2,2026-06-30,web,completed
3988,488,7,2026-08-27,marketplace,completed
3989,581,8,2025-07-23,web,cancelled
3990,582,7,2026-06-22,web,completed
3991,329,5,2026-05-29,marketplace,cancelled
3992,196,6,2026-03-16,web,completed
3993,533,1,2026-09-10,mobile_app,completed
3994,107,7,2026-09-06,marketplace,completed
3995,153,8,2026-08-03,web,completed
3996,182,2,2026-02-10,mobile_app,completed
3997,349,8,2026-09-14,mobile_app,completed
3998,432,3,2026-06-22,mobile_app,completed
3999,83,6,2026-06-22,web,cancelled
4000,520,4,2026-06-06,mobile_app,completed
4001,89,8,2026-07-14,web,completed
4002,284,8,2025-11-11,marketplace,completed
4003,41,5,2026-09-03,mobile_app,refunded
4004,524,4,2026-08-12,marketplace,cancelled
4005,388,7,2026-07-18,marketplace,refunded
4006,496,7,2026-08-01,mobile_app,cancelled
4007,211,2,2025-12-14,web,refunded
4008,265,7,2025-06-17,mobile_app,completed
4009,455,3,2026-03-30,marketplace,completed
4010,515,2,2026-07-15,web,completed
4011,539,7,2026-09-20,mobile_app,refunded
4012,246,7,2026-08-17,marketplace,completed
4013,525,7,2025-12-10,marketplace,completed
4014,185,6,2026-08-23,web,completed
4015,536,5,2025-07-31,marketplace,completed
4016,475,3,2026-04-07,mobile_app,refunded
4017,424,4,2026-06-25,marketplace,cancelled
4018,234,4,2026-04-16,marketplace,completed
4019,156,8,2026-01-19,mobile_app,refunded
4020,114,7,2026-04-10,mobile_app,completed
4021,309,6,2026-08-15,mobile_app,completed
4022,564,3,2026-07-07,mobile_app,completed
4023,538,1,2026-06-13,web,refunded
4024,30,8,2025-11-16,marketplace,completed
4025,294,7,2026-06-11,mobile_app,completed
4026,440,7,2026-04-18,marketplace,refunded
4027,35,1,2025-05-31,web,completed
4028,551,6,2026-07-14,web,completed
4029,446,2,2026-03-09,web,refunded
4030,7,2,2025-06-20,mobile_app,completed
4031,265,7,2025-09-18,mobile_app,completed
4032,549,2,2026-07-01,web,completed
4033,43,7,2026-08-27,marketplace,completed
4034,144,5,2026-07-23,web,refunded
4035,322,7,2025-09-15,web,completed
4036,54,2,2026-05-07,marketplace,refunded
4037,55,6,2026-05-11,marketplace,cancelled
4038,316,3,2026-09-03,mobile_app,completed
4039,469,1,2026-03-15,mobile_app,completed
4040,279,6,2026-06-21,web,refunded
4041,227,7,2026-08-19,marketplace,completed
4042,524,8,2026-04-05,mobile_app,completed
4043,316,8,2026-09-07,web,completed
4044,142,5,2026-03-07,mobile_app,completed
4045,234,2,2026-04-04,marketplace,completed
4046,256,4,2025-12-24,web,completed
4047,223,3,2026-09-09,marketplace,completed
4048,342,1,2026-09-04,marketplace,completed
4049,55,5,2026-02-13,web,refunded
4050,533,2,2026-09-15,mobile_app,completed
4051,466,7,2026-02-09,mobile_app,completed
4052,409,8,2026-09-07,mobile_app,completed
4053,439,7,2025-10-10,mobile_app,completed
4054,551,4,2025-08-24,web,completed
4055,205,4,2025-10-28,mobile_app,cancelled
4056,468,8,2026-08-19,web,cancelled
4057,418,3,2026-09-05,mobile_app,completed
4058,16,8,2026-07-30,mobile_app,completed
4059,489,7,2025-10-19,web,completed
4060,249,3,2026-05-12,mobile_app,completed
4061,324,2,2026-02-09,marketplace,completed
4062,243,1,2026-07-11,web,completed
4063,505,3,2026-06-26,web,refunded
4064,98,2,2025-12-07,mobile_app,completed
4065,8,4,2026-09-02,mobile_app,completed
4066,16,2,2026-08-22,marketplace,completed
4067,287,6,2026-05-10,mobile_app,refunded
4068,530,4,2025-12-23,marketplace,completed
4069,33,5,2026-08-16,marketplace,refunded
4070,367,1,2026-08-24,marketplace,cancelled
4071,217,8,2025-08-13,marketplace,completed
4072,269,7,2025-11-08,web,completed
4073,429,4,2026-07-01,web,completed
4074,356,5,2026-08-28,web,completed
4075,249,7,2025-06-25,mobile_app,refunded
4076,92,7,2026-01-20,mobile_app,completed
4077,296,1,2026-08-23,web,completed
4078,193,6,2026-06-17,marketplace,completed
4079,498,5,2025-10-18,marketplace,completed
4080,342,4,2026-08-20,mobile_app,completed
4081,74,8,2026-08-13,mobile_app,completed
4082,524,6,2025-11-06,mobile_app,cancelled
4083,533,3,2026-06-29,mobile_app,completed
4084,197,6,2026-07-18,web,cancelled
4085,201,7,2026-03-26,web,cancelled
4086,559,2,2025-07-18,web,completed
4087,215,2,2026-05-26,web,refunded
4088,230,6,2026-09-15,mobile_app,completed
4089,420,3,2026-09-17,mobile_app,completed
4090,109,5,2026-07-28,mobile_app,completed
4091,452,1,2026-09-20,web,completed
4092,214,5,2026-06-11,web,completed
4093,276,1,2026-05-29,web,completed
4094,85,3,2026-03-15,web,completed
4095,391,4,2025-08-14,mobile_app,refunded
4096,383,7,2026-02-18,mobile_app,completed
4097,241,1,2026-08-26,web,completed
4098,335,4,2026-03-06,mobile_app,cancelled
4099,134,7,2026-02-21,mobile_app,cancelled
4100,166,7,2025-10-31,mobile_app,completed
4101,260,7,2026-09-19,marketplace,completed
4102,47,3,2025-10-13,mobile_app,cancelled
4103,463,5,2026-06-26,web,refunded
4104,104,7,2025-10-03,web,completed
4105,599,5,2026-03-02,marketplace,completed
4106,62,2,2026-06-20,marketplace,completed
4107,412,5,2026-08-27,web,cancelled
4108,274,3,2026-08-31,mobile_app,completed
4109,465,5,2026-09-07,web,cancelled
4110,443,1,2026-08-23,marketplace,refunded
4111,105,7,2026-02-19,mobile_app,completed
4112,550,8,2026-06-18,web,completed
4113,446,2,2026-05-29,marketplace,completed
4114,139,4,2026-07-20,web,refunded
4115,564,6,2026-07-21,web,completed
4116,205,7,2025-12-23,marketplace,completed
4117,516,5,2026-02-26,web,completed
4118,218,1,2025-11-18,web,completed
4119,389,4,2026-09-04,mobile_app,completed
4120,528,6,2025-09-10,marketplace,completed
4121,458,5,2026-08-28,marketplace,completed
4122,509,7,2026-06-28,mobile_app,refunded
4123,148,2,2025-08-29,mobile_app,refunded
4124,343,4,2026-06-13,web,completed
4125,407,7,2026-04-18,mobile_app,cancelled
4126,416,5,2026-04-29,web,cancelled
4127,191,7,2026-06-09,marketplace,completed
4128,136,3,2026-08-22,web,completed
4129,97,5,2026-07-28,marketplace,completed
4130,154,7,2026-07-30,marketplace,completed
4131,414,2,2026-04-05,web,completed
4132,45,4,2026-08-28,web,completed
4133,73,3,2025-09-14,mobile_app,completed
4134,372,6,2026-09-14,marketplace,completed
4135,158,3,2025-09-15,web,completed
4136,567,6,2026-03-22,web,completed
4137,597,8,2026-09-12,web,cancelled
4138,301,7,2026-01-03,mobile_app,completed
4139,278,7,2026-01-28,web,completed
4140,317,2,2026-05-13,marketplace,cancelled
4141,600,2,2025-10-17,marketplace,refunded
4142,290,3,2026-07-24,mobile_app,completed
4143,7,5,2025-09-18,marketplace,cancelled
4144,184,6,2026-07-21,web,cancelled
4145,302,8,2026-04-16,mobile_app,completed
4146,126,4,2026-06-07,marketplace,completed
4147,290,7,2026-07-23,marketplace,cancelled
4148,61,2,2025-10-15,mobile_app,cancelled
4149,196,6,2026-04-19,marketplace,completed
4150,84,7,2026-05-19,mobile_app,completed
4151,407,5,2026-04-08,mobile_app,completed
4152,13,1,2026-03-15,marketplace,completed
4153,95,4,2026-07-23,web,cancelled
4154,151,4,2026-01-24,mobile_app,completed
4155,265,2,2025-07-02,marketplace,completed
4156,220,7,2025-12-23,mobile_app,completed
4157,109,7,2026-08-10,marketplace,cancelled
4158,501,2,2025-10-18,marketplace,completed
4159,403,5,2026-02-13,mobile_app,completed
4160,85,7,2026-07-07,web,completed
4161,162,1,2025-10-20,web,completed
4162,372,6,2026-09-04,marketplace,completed
4163,163,7,2026-09-03,mobile_app,completed
4164,115,3,2025-07-08,web,cancelled
4165,191,6,2026-06-15,web,completed
4166,356,5,2026-08-24,marketplace,cancelled
4167,517,4,2026-07-05,web,cancelled
4168,508,3,2026-08-29,web,completed
4169,225,4,2026-09-15,web,completed
4170,17,1,2025-07-06,mobile_app,refunded
4171,333,8,2026-09-09,marketplace,completed
4172,198,5,2026-06-18,marketplace,completed
4173,469,7,2026-03-21,marketplace,completed
4174,272,5,2025-11-05,mobile_app,cancelled
4175,547,6,2026-09-03,web,completed
4176,550,7,2026-08-20,mobile_app,completed
4177,306,2,2026-09-16,web,completed
4178,77,7,2026-03-29,web,completed
4179,451,3,2025-10-14,mobile_app,completed
4180,248,5,2026-06-08,mobile_app,completed
4181,397,8,2026-05-07,mobile_app,completed
4182,78,5,2026-09-17,mobile_app,refunded
4183,360,3,2026-05-21,mobile_app,cancelled
4184,465,1,2026-09-10,web,completed
4185,384,3,2026-08-02,mobile_app,completed
4186,582,4,2026-02-04,marketplace,cancelled
4187,30,8,2025-08-10,marketplace,cancelled
4188,198,8,2025-12-05,mobile_app,completed
4189,210,5,2025-11-30,marketplace,completed
4190,488,6,2026-07-20,marketplace,completed
4191,596,8,2026-03-25,marketplace,completed
4192,573,6,2026-07-28,web,completed
4193,564,7,2026-07-22,web,completed
4194,456,8,2026-07-29,marketplace,cancelled
4195,537,3,2026-08-12,mobile_app,completed
4196,290,1,2026-09-19,mobile_app,refunded
4197,304,2,2026-07-31,mobile_app,completed
4198,415,6,2026-07-10,web,cancelled
4199,74,3,2026-09-10,marketplace,refunded
4200,55,6,2026-02-18,marketplace,completed
4201,379,3,2026-08-26,mobile_app,refunded
4202,370,4,2026-09-04,mobile_app,completed
4203,143,3,2025-09-07,web,refunded
4204,532,5,2025-06-17,mobile_app,completed
4205,222,4,2026-08-06,marketplace,completed
4206,68,4,2026-08-23,mobile_app,cancelled
4207,529,8,2026-08-05,mobile_app,completed
4208,538,1,2025-10-01,marketplace,completed
4209,29,4,2026-05-29,web,completed
4210,182,5,2026-05-08,mobile_app,completed
4211,144,3,2025-11-21,mobile_app,completed
4212,187,2,2025-11-16,web,completed
4213,236,8,2026-07-29,mobile_app,completed
4214,294,5,2026-08-23,web,completed
4215,279,1,2026-03-25,web,completed
4216,264,7,2025-10-10,mobile_app,completed
4217,80,5,2026-09-19,mobile_app,completed
4218,514,3,2026-06-12,marketplace,completed
4219,131,8,2026-08-11,web,cancelled
4220,308,6,2026-04-09,mobile_app,refunded
4221,499,1,2026-08-29,web,completed
4222,586,5,2025-11-14,mobile_app,refunded
4223,192,6,2026-07-25,web,cancelled
4224,189,3,2025-12-12,web,cancelled
4225,506,6,2026-05-26,marketplace,completed
4226,28,2,2026-05-11,web,completed
4227,555,6,2026-05-01,mobile_app,completed
4228,32,2,2026-05-03,mobile_app,completed
4229,482,8,2026-07-26,mobile_app,completed
4230,515,7,2026-08-23,web,completed
4231,357,5,2025-12-12,mobile_app,completed
4232,475,1,2026-09-15,marketplace,refunded
4233,322,7,2026-02-15,marketplace,refunded
4234,9,1,2026-01-16,marketplace,completed
4235,196,8,2026-05-29,marketplace,completed
4236,520,3,2026-01-25,web,completed
4237,215,1,2026-04-03,web,completed
4238,448,1,2026-01-10,web,completed
4239,126,3,2026-09-19,marketplace,refunded
4240,88,7,2026-03-23,marketplace,completed
4241,493,6,2026-06-02,mobile_app,completed
4242,140,5,2025-10-20,mobile_app,completed
4243,90,5,2026-08-11,web,completed
4244,235,1,2026-08-24,web,refunded
4245,412,8,2026-08-15,web,completed
4246,160,8,2026-08-01,mobile_app,completed
4247,398,6,2025-08-02,mobile_app,completed
4248,442,4,2025-10-28,web,completed
4249,97,2,2026-07-22,marketplace,cancelled
4250,287,3,2026-06-22,web,cancelled
4251,566,7,2026-06-22,marketplace,completed
4252,41,4,2026-09-14,mobile_app,completed
4253,597,2,2026-06-25,marketplace,completed
4254,89,2,2026-07-13,web,completed
4255,179,8,2026-09-03,web,refunded
4256,515,1,2026-08-11,web,completed
4257,93,3,2026-07-13,marketplace,completed
4258,19,2,2026-06-25,web,refunded
4259,80,8,2026-09-19,web,completed
4260,531,2,2026-02-26,mobile_app,completed
4261,122,1,2026-03-11,marketplace,cancelled
4262,356,8,2026-05-22,marketplace,completed
4263,581,8,2026-07-20,mobile_app,completed
4264,386,5,2026-03-29,marketplace,completed
4265,520,8,2025-11-03,mobile_app,completed
4266,197,4,2026-06-24,web,cancelled
4267,54,6,2026-03-10,mobile_app,completed
4268,341,3,2026-09-01,marketplace,cancelled
4269,551,1,2025-11-12,mobile_app,completed
4270,81,8,2026-08-16,web,completed
4271,600,4,2026-02-26,mobile_app,completed
4272,402,1,2026-09-04,marketplace,completed
4273,65,2,2026-08-23,marketplace,refunded
4274,47,1,2026-03-01,web,cancelled
4275,408,4,2026-06-01,mobile_app,completed
4276,354,2,2026-08-22,web,completed
4277,309,7,2026-08-19,mobile_app,completed
4278,422,7,2026-09-02,mobile_app,completed
4279,269,6,2025-11-08,marketplace,completed
4280,424,5,2026-06-05,mobile_app,completed
4281,438,8,2026-09-13,mobile_app,cancelled
4282,324,1,2026-01-17,marketplace,completed
4283,78,7,2026-07-21,web,completed
4284,107,5,2026-06-27,web,completed
4285,581,3,2026-04-11,marketplace,cancelled
4286,566,2,2025-12-26,web,completed
4287,545,3,2025-08-16,mobile_app,completed
4288,587,2,2026-04-16,web,completed
4289,212,4,2025-07-24,mobile_app,refunded
4290,29,8,2026-05-06,marketplace,completed
4291,132,3,2026-03-31,web,completed
4292,450,3,2026-04-12,web,completed
4293,464,4,2026-08-07,mobile_app,completed
4294,8,5,2026-07-07,marketplace,completed
4295,220,1,2026-04-28,mobile_app,completed
4296,132,5,2026-03-20,marketplace,completed
4297,271,2,2026-08-26,marketplace,completed
4298,107,3,2026-08-31,web,refunded
4299,488,5,2026-06-19,marketplace,completed
4300,244,7,2026-03-26,marketplace,completed
4301,486,3,2026-09-15,web,refunded
4302,118,5,2026-09-01,web,completed
4303,51,3,2026-06-07,marketplace,completed
4304,370,4,2026-08-24,mobile_app,completed
4305,485,8,2025-12-02,marketplace,completed
4306,356,6,2025-11-12,web,refunded
4307,52,6,2026-08-25,web,completed
4308,587,8,2026-06-30,marketplace,completed
4309,416,8,2026-05-08,web,cancelled
4310,209,3,2026-04-01,marketplace,cancelled
4311,581,6,2026-04-18,marketplace,cancelled
4312,86,1,2026-05-15,web,completed
4313,482,1,2026-04-25,mobile_app,completed
4314,557,2,2026-08-06,marketplace,completed
4315,150,2,2026-07-27,web,refunded
4316,239,7,2026-06-11,mobile_app,completed
4317,60,1,2025-11-26,mobile_app,cancelled
4318,163,5,2026-07-08,marketplace,completed
4319,339,8,2026-09-16,marketplace,completed
4320,245,1,2026-08-13,marketplace,completed
4321,210,5,2025-09-10,marketplace,refunded
4322,334,2,2025-12-26,marketplace,completed
4323,50,6,2026-08-01,marketplace,completed
4324,385,6,2026-07-03,marketplace,completed
4325,511,6,2026-06-23,marketplace,completed
4326,395,5,2026-08-17,marketplace,cancelled
4327,421,2,2026-09-03,web,completed
4328,503,2,2026-08-21,mobile_app,cancelled
4329,120,8,2025-08-30,mobile_app,cancelled
4330,31,5,2026-05-09,mobile_app,refunded
4331,20,3,2026-02-08,mobile_app,completed
4332,362,2,2026-07-27,mobile_app,completed
4333,384,7,2025-10-08,mobile_app,cancelled
4334,50,7,2026-08-02,marketplace,refunded
4335,506,6,2026-05-22,marketplace,completed
4336,378,8,2026-08-06,mobile_app,completed
4337,143,7,2025-11-18,mobile_app,completed
4338,87,8,2026-02-01,web,refunded
4339,267,1,2025-09-05,web,cancelled
4340,483,8,2026-09-06,web,completed
4341,569,2,2026-09-03,marketplace,completed
4342,425,8,2026-07-25,web,completed
4343,526,2,2026-01-03,marketplace,completed
4344,90,6,2026-08-04,web,refunded
4345,298,2,2026-07-19,mobile_app,refunded
4346,207,2,2026-06-21,web,completed
4347,456,3,2026-07-20,web,completed
4348,300,8,2026-08-29,web,completed
4349,463,2,2026-06-18,web,refunded
4350,57,7,2026-08-10,marketplace,cancelled
4351,252,1,2025-07-11,marketplace,completed
4352,269,6,2026-02-10,web,completed
4353,397,7,2026-02-22,marketplace,completed
4354,186,4,2026-09-08,marketplace,completed
4355,315,1,2026-05-10,mobile_app,completed
4356,568,7,2026-09-18,web,completed
4357,303,5,2026-06-08,mobile_app,cancelled
4358,477,2,2026-08-25,marketplace,cancelled
4359,278,5,2026-09-08,mobile_app,completed
4360,83,6,2026-04-03,mobile_app,completed
4361,492,2,2025-12-26,mobile_app,completed
4362,407,3,2026-03-06,web,refunded
4363,11,8,2026-04-08,marketplace,cancelled
4364,219,7,2026-09-15,web,completed
4365,577,2,2026-03-10,marketplace,cancelled
4366,513,6,2026-06-10,mobile_app,completed
4367,522,2,2026-01-22,mobile_app,completed
4368,403,3,2026-02-24,mobile_app,cancelled
4369,360,5,2026-02-28,marketplace,cancelled
4370,291,2,2026-09-17,web,cancelled
4371,515,4,2026-08-15,web,completed
4372,588,4,2026-02-09,web,completed
4373,414,3,2026-07-31,marketplace,completed
4374,19,8,2026-04-22,mobile_app,completed
4375,375,2,2026-09-06,web,completed
4376,194,6,2026-05-28,web,completed
4377,437,7,2026-02-28,mobile_app,completed
4378,267,8,2026-03-23,web,refunded
4379,233,6,2026-02-16,mobile_app,completed
4380,214,3,2026-08-05,web,completed
4381,15,6,2026-05-18,marketplace,completed
4382,33,4,2026-07-11,marketplace,completed
4383,267,1,2025-09-08,marketplace,refunded
4384,454,2,2026-07-17,web,cancelled
4385,272,5,2025-12-13,marketplace,refunded
4386,525,8,2026-09-16,mobile_app,refunded
4387,65,5,2026-04-02,marketplace,completed
4388,414,1,2026-09-10,marketplace,completed
4389,468,6,2026-06-04,web,completed
4390,304,2,2026-05-07,web,completed
4391,503,7,2026-08-11,marketplace,completed
4392,126,4,2026-02-01,marketplace,completed
4393,70,2,2026-04-18,web,completed
4394,265,6,2026-05-03,marketplace,completed
4395,264,3,2025-11-19,mobile_app,cancelled
4396,276,5,2026-08-18,web,completed
4397,111,5,2026-09-19,mobile_app,completed
4398,119,1,2026-06-30,marketplace,completed
4399,177,1,2026-06-03,marketplace,refunded
4400,48,5,2025-09-28,web,completed
4401,388,5,2026-07-17,marketplace,refunded
4402,84,8,2026-03-26,marketplace,completed
4403,15,1,2026-06-06,mobile_app,completed
4404,186,2,2026-09-09,mobile_app,completed
4405,142,7,2025-12-01,web,completed
4406,197,5,2026-05-24,mobile_app,completed
4407,114,8,2025-09-30,marketplace,completed
4408,458,1,2025-12-25,marketplace,completed
4409,505,5,2026-08-23,web,completed
4410,260,6,2026-08-08,marketplace,refunded
4411,449,3,2026-01-07,marketplace,refunded
4412,5,4,2026-06-30,web,completed
4413,499,6,2026-08-21,mobile_app,cancelled
4414,511,3,2026-09-07,web,refunded
4415,45,7,2026-09-07,web,completed
4416,466,8,2026-04-10,marketplace,completed
4417,24,6,2025-07-21,marketplace,completed
4418,115,8,2025-06-18,marketplace,refunded
4419,409,1,2026-09-15,web,completed
4420,590,1,2026-06-24,web,completed
4421,201,1,2026-09-11,web,completed
4422,379,5,2026-08-26,marketplace,completed
4423,137,1,2026-09-13,marketplace,refunded
4424,440,7,2026-08-30,web,completed
4425,397,5,2026-05-16,marketplace,completed
4426,281,6,2026-05-27,web,completed
4427,171,3,2026-02-28,mobile_app,cancelled
4428,507,5,2026-02-13,web,completed
4429,185,6,2026-06-18,web,cancelled
4430,151,2,2025-12-11,marketplace,completed
4431,163,6,2026-07-12,marketplace,completed
4432,194,7,2026-08-19,marketplace,refunded
4433,547,8,2026-08-16,web,cancelled
4434,248,2,2026-01-04,web,refunded
4435,483,2,2026-08-25,marketplace,completed
4436,553,1,2026-07-24,web,cancelled
4437,204,3,2026-09-11,web,completed
4438,165,8,2026-07-12,marketplace,completed
4439,592,1,2026-03-18,marketplace,completed
4440,575,4,2026-03-05,web,completed
4441,569,8,2026-08-12,web,completed
4442,175,2,2026-05-03,marketplace,cancelled
4443,296,3,2025-11-21,marketplace,completed
4444,172,3,2025-11-05,web,refunded
4445,48,3,2026-05-04,marketplace,refunded
4446,407,8,2026-08-08,marketplace,completed
4447,273,4,2025-08-19,mobile_app,completed
4448,116,2,2026-08-19,marketplace,cancelled
4449,359,6,2025-10-16,web,cancelled
4450,259,2,2026-05-05,web,refunded
4451,348,6,2026-05-05,web,cancelled
4452,121,3,2026-02-13,mobile_app,refunded
4453,375,4,2026-09-04,marketplace,completed
4454,559,7,2025-08-31,mobile_app,completed
4455,83,1,2026-06-16,mobile_app,completed
4456,140,2,2025-10-08,mobile_app,completed
4457,257,3,2025-11-13,marketplace,cancelled
4458,20,5,2026-07-13,marketplace,cancelled
4459,412,3,2026-08-15,marketplace,cancelled
4460,308,4,2026-08-19,mobile_app,completed
4461,108,4,2026-05-21,web,completed
4462,257,7,2026-06-17,web,cancelled
4463,499,6,2026-09-08,web,refunded
4464,338,8,2026-01-17,mobile_app,completed
4465,331,5,2026-05-27,mobile_app,completed
4466,196,6,2026-03-20,mobile_app,completed
4467,330,8,2026-08-19,mobile_app,completed
4468,393,2,2026-08-18,marketplace,completed
4469,154,6,2026-06-13,mobile_app,completed
4470,578,4,2026-05-14,mobile_app,refunded
4471,92,3,2026-02-21,mobile_app,completed
4472,404,4,2026-04-01,mobile_app,completed
4473,172,7,2026-05-25,web,completed
4474,507,7,2026-07-06,mobile_app,completed
4475,303,2,2026-04-23,web,completed
4476,336,3,2026-03-18,mobile_app,refunded
4477,404,5,2025-10-23,web,completed
4478,406,5,2025-08-26,marketplace,completed
4479,228,4,2026-02-05,mobile_app,refunded
4480,110,7,2026-08-25,marketplace,completed
4481,33,5,2026-06-01,marketplace,cancelled
4482,581,6,2026-06-18,web,completed
4483,374,8,2026-07-23,web,completed
4484,321,2,2026-09-18,web,cancelled
4485,2,7,2026-08-24,web,completed
4486,555,6,2026-03-10,web,completed
4487,292,3,2026-08-08,mobile_app,completed
4488,330,2,2026-09-12,mobile_app,completed
4489,392,3,2026-08-23,marketplace,completed
4490,529,4,2026-09-12,mobile_app,completed
4491,201,8,2025-11-03,mobile_app,cancelled
4492,560,5,2025-09-24,web,completed
4493,141,2,2025-12-10,mobile_app,refunded
4494,88,3,2026-05-27,web,completed
4495,21,4,2026-06-13,web,cancelled
4496,553,4,2025-12-15,mobile_app,cancelled
4497,57,8,2026-09-19,mobile_app,completed
4498,400,6,2026-06-04,mobile_app,completed
4499,369,8,2025-08-31,mobile_app,cancelled
4500,561,5,2026-08-08,web,completed
4501,468,4,2026-07-30,web,completed
4502,393,4,2026-08-21,web,completed
4503,443,7,2026-06-11,mobile_app,completed
4504,568,1,2026-09-18,marketplace,completed
4505,320,4,2026-09-16,mobile_app,refunded
4506,100,5,2025-09-11,marketplace,completed
4507,515,8,2026-09-02,web,refunded
4508,219,7,2026-09-12,web,completed
4509,494,6,2026-06-12,mobile_app,completed
4510,69,5,2026-07-11,marketplace,cancelled
4511,253,8,2025-09-02,mobile_app,completed
4512,258,2,2026-05-01,mobile_app,refunded
4513,405,2,2026-09-07,web,cancelled
4514,195,4,2026-02-22,web,completed
4515,512,2,2026-05-20,web,completed
4516,495,7,2026-08-01,marketplace,completed
4517,195,6,2026-02-17,web,completed
4518,531,5,2026-01-23,web,completed
4519,6,1,2026-01-13,mobile_app,completed
4520,278,2,2026-04-16,marketplace,refunded
4521,214,8,2026-07-06,web,completed
4522,340,6,2026-07-01,mobile_app,refunded
4523,265,3,2026-02-23,mobile_app,refunded
4524,406,4,2026-07-09,web,completed
4525,167,3,2025-10-27,marketplace,cancelled
4526,13,5,2026-01-20,web,completed
4527,559,5,2026-02-25,mobile_app,completed
4528,422,7,2026-01-01,mobile_app,completed
4529,591,6,2026-08-25,marketplace,completed
4530,318,6,2026-03-12,web,cancelled
4531,323,3,2026-06-24,marketplace,completed
4532,404,7,2025-10-19,mobile_app,completed
4533,36,6,2026-03-05,mobile_app,completed
4534,303,8,2026-08-15,web,cancelled
4535,277,2,2026-08-22,web,completed
4536,267,4,2026-04-28,web,completed
4537,219,5,2026-09-11,mobile_app,completed
4538,579,4,2026-05-30,mobile_app,cancelled
4539,210,6,2026-05-14,marketplace,completed
4540,219,3,2026-09-16,marketplace,completed
4541,83,7,2026-06-08,mobile_app,cancelled
4542,4,2,2026-02-16,web,completed
4543,479,6,2026-01-16,web,cancelled
4544,548,2,2026-08-06,web,completed
4545,84,6,2025-09-24,marketplace,refunded
4546,120,3,2025-06-25,mobile_app,completed
4547,469,4,2026-01-09,web,completed
4548,55,3,2026-05-14,marketplace,refunded
4549,163,5,2026-06-17,marketplace,refunded
4550,289,4,2026-08-30,mobile_app,completed
4551,147,7,2026-04-06,mobile_app,completed
4552,547,6,2026-09-04,mobile_app,completed
4553,520,6,2026-03-18,mobile_app,completed
4554,525,1,2026-07-13,web,completed
4555,141,6,2026-01-18,web,completed
4556,555,2,2026-06-22,marketplace,cancelled
4557,538,8,2025-05-17,web,cancelled
4558,151,7,2025-08-30,mobile_app,completed
4559,215,2,2026-06-22,web,completed
4560,563,5,2026-04-18,marketplace,refunded
4561,507,6,2026-06-20,marketplace,completed
4562,133,3,2026-06-09,marketplace,cancelled
4563,293,5,2026-08-27,marketplace,refunded
4564,484,2,2026-08-17,web,completed
4565,433,3,2026-08-30,mobile_app,completed
4566,467,7,2026-03-01,web,refunded
4567,431,6,2026-03-23,marketplace,refunded
4568,77,5,2025-10-26,marketplace,completed
4569,503,6,2026-09-05,marketplace,completed
4570,236,3,2026-02-04,marketplace,cancelled
4571,522,5,2026-08-24,mobile_app,completed
4572,308,6,2026-01-17,marketplace,cancelled
4573,195,2,2026-02-15,mobile_app,completed
4574,180,2,2026-05-04,web,refunded
4575,400,7,2026-03-15,web,completed
4576,425,7,2026-07-04,marketplace,cancelled
4577,60,5,2025-11-14,web,cancelled
4578,154,3,2026-07-24,web,refunded
4579,119,3,2026-06-08,mobile_app,completed
4580,518,1,2026-07-15,mobile_app,completed
4581,343,8,2026-09-04,marketplace,refunded
4582,51,1,2026-07-09,marketplace,completed
4583,119,4,2026-02-02,mobile_app,completed
4584,556,1,2026-03-20,mobile_app,completed
4585,379,4,2026-07-01,web,refunded
4586,516,5,2026-08-22,mobile_app,completed
4587,58,4,2026-01-05,web,cancelled
4588,352,7,2025-11-23,web,refunded
4589,219,4,2026-09-12,marketplace,completed
4590,384,5,2025-10-31,mobile_app,completed
4591,379,7,2026-08-01,web,completed
4592,465,1,2026-09-03,mobile_app,completed
4593,452,7,2026-08-18,web,completed
4594,247,6,2026-07-05,web,refunded
4595,560,3,2026-01-14,marketplace,completed
4596,138,8,2026-02-21,marketplace,completed
4597,149,5,2026-08-16,web,completed
4598,164,2,2026-04-14,marketplace,completed
4599,286,3,2026-07-09,mobile_app,completed
4600,258,4,2026-06-08,marketplace,refunded
4601,569,3,2026-08-12,marketplace,completed
4602,147,1,2025-12-22,web,completed
4603,448,7,2026-02-25,web,completed
4604,491,1,2026-07-09,marketplace,refunded
4605,572,2,2026-02-02,web,refunded
4606,390,5,2025-09-12,web,completed
4607,538,3,2025-09-04,mobile_app,cancelled
4608,245,5,2026-06-07,web,completed
4609,185,1,2026-04-22,web,completed
4610,363,1,2026-07-26,mobile_app,cancelled
4611,529,8,2026-08-11,web,cancelled
4612,207,1,2026-04-13,mobile_app,completed
4613,360,4,2026-04-14,mobile_app,completed
4614,356,2,2026-05-06,mobile_app,completed
4615,114,8,2026-03-12,mobile_app,completed
4616,1,3,2026-04-10,mobile_app,cancelled
4617,154,7,2026-07-27,web,completed
4618,237,2,2026-05-13,mobile_app,completed
4619,22,7,2025-10-18,web,completed
4620,328,5,2026-09-14,marketplace,completed
4621,17,1,2026-02-03,web,completed
4622,373,6,2026-01-21,mobile_app,completed
4623,427,8,2025-10-31,web,cancelled
4624,191,8,2026-04-08,marketplace,completed
4625,231,8,2026-03-23,marketplace,refunded
4626,52,1,2026-09-08,web,completed
4627,503,6,2026-09-06,mobile_app,completed
4628,106,8,2026-09-02,mobile_app,completed
4629,474,7,2025-10-16,marketplace,completed
4630,168,7,2026-08-01,marketplace,completed
4631,158,1,2026-09-06,marketplace,cancelled
4632,438,7,2025-11-03,web,completed
4633,377,5,2026-03-08,web,completed
4634,68,3,2026-07-31,marketplace,completed
4635,595,7,2026-09-11,web,cancelled
4636,175,5,2026-02-17,mobile_app,cancelled
4637,414,1,2026-06-16,mobile_app,refunded
4638,203,5,2026-09-19,web,cancelled
4639,455,5,2026-03-24,web,refunded
4640,336,7,2026-07-09,mobile_app,completed
4641,48,8,2025-08-03,marketplace,refunded
4642,441,4,2025-10-20,marketplace,cancelled
4643,31,3,2026-07-26,mobile_app,completed
4644,27,2,2026-09-01,web,completed
4645,574,6,2025-12-06,web,completed
4646,102,1,2025-11-08,mobile_app,cancelled
4647,182,6,2026-09-09,marketplace,completed
4648,484,5,2025-09-26,marketplace,completed
4649,108,5,2026-01-06,mobile_app,completed
4650,472,1,2026-08-24,mobile_app,completed
4651,520,5,2026-09-10,web,completed
4652,199,7,2026-03-15,marketplace,completed
4653,560,4,2026-01-14,web,completed
4654,66,5,2026-01-15,mobile_app,completed
4655,430,4,2026-05-28,web,completed
4656,470,5,2026-06-06,mobile_app,refunded
4657,341,5,2026-07-30,web,completed
4658,120,3,2025-10-01,mobile_app,refunded
4659,593,4,2025-09-29,web,completed
4660,527,8,2026-02-14,web,refunded
4661,120,3,2026-04-17,marketplace,completed
4662,41,7,2026-07-31,web,completed
4663,543,7,2026-08-17,marketplace,refunded
4664,340,2,2026-03-04,mobile_app,completed
4665,134,2,2026-04-15,web,completed
4666,462,6,2026-07-03,mobile_app,completed
4667,527,1,2026-09-13,mobile_app,refunded
4668,558,1,2026-08-16,mobile_app,cancelled
4669,36,5,2026-02-17,web,completed
4670,509,1,2026-08-26,marketplace,completed
4671,145,3,2026-08-08,mobile_app,completed
4672,460,3,2026-05-20,mobile_app,cancelled
4673,575,1,2026-09-14,mobile_app,cancelled
4674,282,3,2025-08-09,marketplace,completed
4675,334,5,2025-11-05,marketplace,completed
4676,4,8,2026-03-07,mobile_app,completed
4677,59,3,2026-05-30,marketplace,completed
4678,351,4,2026-08-20,marketplace,refunded
4679,161,4,2026-09-03,web,completed
4680,469,5,2026-05-22,mobile_app,completed
4681,364,1,2026-08-30,marketplace,completed
4682,234,7,2026-07-29,mobile_app,completed
4683,272,7,2026-08-06,marketplace,completed
4684,169,2,2026-08-10,web,completed
4685,413,7,2026-09-16,web,completed
4686,417,3,2026-05-31,mobile_app,completed
4687,98,4,2025-10-29,marketplace,completed
4688,49,1,2026-02-09,mobile_app,cancelled
4689,427,7,2026-02-01,web,completed
4690,403,1,2026-06-20,mobile_app,refunded
4691,542,8,2026-07-05,mobile_app,completed
4692,320,8,2026-09-20,marketplace,completed
4693,567,5,2026-06-10,marketplace,completed
4694,573,4,2026-08-05,web,completed
4695,164,7,2026-01-23,mobile_app,completed
4696,132,8,2026-07-18,marketplace,completed
4697,246,8,2026-06-26,web,completed
4698,336,6,2025-10-20,marketplace,refunded
4699,319,7,2026-04-07,web,completed
4700,23,7,2026-06-10,web,completed
4701,516,4,2025-12-15,web,completed
4702,422,7,2026-06-05,marketplace,cancelled
4703,187,2,2026-07-05,mobile_app,refunded
4704,193,2,2026-05-09,mobile_app,cancelled
4705,313,5,2026-06-22,mobile_app,completed
4706,275,7,2026-09-06,mobile_app,completed
4707,409,7,2026-09-17,web,completed
4708,162,7,2026-06-24,web,refunded
4709,468,3,2026-08-25,mobile_app,completed
4710,599,6,2026-04-20,web,completed
4711,381,5,2026-08-22,web,completed
4712,363,8,2026-08-12,web,refunded
4713,129,3,2026-08-21,mobile_app,completed
4714,475,6,2026-08-20,marketplace,cancelled
4715,443,8,2026-05-14,marketplace,refunded
4716,287,3,2025-08-14,web,completed
4717,187,7,2026-05-19,mobile_app,completed
4718,180,4,2026-04-18,mobile_app,completed
4719,431,2,2026-07-27,web,completed
4720,570,3,2026-07-05,mobile_app,completed
4721,162,4,2026-05-25,marketplace,cancelled
4722,403,6,2026-05-30,web,refunded
4723,384,7,2026-03-23,marketplace,cancelled
4724,355,5,2026-07-26,marketplace,completed
4725,58,1,2025-06-25,web,completed
4726,512,7,2026-04-08,mobile_app,completed
4727,399,4,2026-08-25,mobile_app,completed
4728,105,7,2026-03-22,marketplace,completed
4729,65,2,2026-08-27,web,completed
4730,585,5,2026-06-02,mobile_app,cancelled
4731,455,8,2026-04-17,marketplace,completed
4732,440,7,2026-09-04,web,completed
4733,598,6,2026-09-16,web,completed
4734,41,2,2026-08-05,mobile_app,completed
4735,340,4,2025-12-24,marketplace,cancelled
4736,249,1,2025-05-03,web,completed
4737,191,3,2026-04-19,marketplace,completed
4738,595,3,2026-09-17,web,completed
4739,270,7,2025-11-22,mobile_app,cancelled
4740,182,8,2026-02-25,mobile_app,completed
4741,346,4,2026-08-25,web,completed
4742,175,1,2026-04-10,mobile_app,completed
4743,540,7,2026-03-22,web,completed
4744,201,3,2026-01-15,web,refunded
4745,192,8,2026-01-12,marketplace,completed
4746,441,2,2026-06-01,web,completed
4747,95,8,2025-12-07,web,refunded
4748,212,3,2025-06-18,web,completed
4749,71,3,2026-06-14,web,refunded
4750,236,8,2026-09-18,web,completed
4751,8,8,2026-06-03,marketplace,cancelled
4752,383,2,2026-04-18,web,refunded
4753,125,5,2026-09-20,web,completed
4754,570,6,2026-06-17,mobile_app,completed
4755,156,8,2026-07-19,web,cancelled
4756,281,2,2026-05-01,mobile_app,completed
4757,524,7,2025-07-31,marketplace,cancelled
4758,82,2,2026-09-10,mobile_app,completed
4759,292,4,2026-08-03,web,completed
4760,278,7,2026-03-10,mobile_app,completed
4761,301,3,2025-12-24,mobile_app,refunded
4762,594,8,2025-08-02,mobile_app,cancelled
4763,166,6,2026-02-13,marketplace,refunded
4764,188,4,2026-07-24,mobile_app,completed
4765,485,1,2026-07-20,mobile_app,cancelled
4766,280,2,2026-03-09,marketplace,completed
4767,268,5,2025-12-08,mobile_app,refunded
4768,308,3,2026-02-15,marketplace,completed
4769,31,8,2025-10-28,web,completed
4770,194,3,2026-08-23,web,completed
4771,350,3,2026-07-18,marketplace,refunded
4772,49,7,2025-10-18,web,completed
4773,318,8,2025-11-05,mobile_app,completed
4774,542,5,2026-07-17,web,completed
4775,418,3,2025-11-26,web,refunded
4776,572,2,2026-02-22,web,refunded
4777,159,1,2025-12-29,mobile_app,completed
4778,591,6,2026-08-21,marketplace,completed
4779,265,8,2025-12-02,web,refunded
4780,279,7,2026-07-24,web,completed
4781,48,2,2025-09-19,marketplace,refunded
4782,500,8,2026-08-09,marketplace,completed
4783,46,5,2026-04-27,marketplace,completed
4784,262,4,2025-09-19,mobile_app,completed
4785,470,7,2026-09-11,web,refunded
4786,592,2,2025-11-05,marketplace,completed
4787,101,2,2026-04-13,marketplace,completed
4788,566,6,2025-09-26,mobile_app,completed
4789,252,2,2026-02-18,marketplace,completed
4790,495,5,2026-09-11,web,completed
4791,112,3,2026-05-24,web,completed
4792,475,8,2026-06-23,web,cancelled
4793,232,4,2025-11-25,mobile_app,completed
4794,261,6,2026-04-12,web,completed
4795,585,5,2026-05-23,web,completed
4796,241,5,2026-06-03,marketplace,refunded
4797,582,4,2026-05-19,mobile_app,completed
4798,439,5,2025-10-21,mobile_app,completed
4799,353,5,2026-03-15,mobile_app,completed
4800,539,1,2026-09-15,web,completed
4801,207,7,2026-06-25,marketplace,completed
4802,276,1,2026-05-11,marketplace,completed
4803,22,7,2026-04-22,web,completed
4804,195,1,2026-08-31,mobile_app,cancelled
4805,217,2,2025-08-23,marketplace,cancelled
4806,42,8,2025-12-08,web,completed
4807,395,5,2026-06-01,web,completed
4808,219,2,2026-09-14,marketplace,refunded
4809,111,5,2026-08-27,web,completed
4810,220,6,2026-08-16,marketplace,completed
4811,231,2,2025-12-17,marketplace,completed
4812,51,2,2026-07-25,marketplace,completed
4813,507,1,2026-05-12,mobile_app,cancelled
4814,42,3,2025-09-15,marketplace,completed
4815,273,8,2025-10-04,mobile_app,completed
4816,7,8,2026-05-02,web,cancelled
4817,315,2,2026-07-20,marketplace,completed
4818,173,2,2026-03-20,web,completed
4819,484,2,2026-01-19,web,completed
4820,263,5,2026-04-06,mobile_app,completed
4821,581,3,2026-03-02,mobile_app,completed
4822,314,6,2026-06-14,web,completed
4823,175,3,2026-09-17,mobile_app,completed
4824,237,5,2026-01-22,mobile_app,completed
4825,444,4,2026-05-27,web,completed
4826,382,2,2025-07-10,marketplace,refunded
4827,521,4,2026-08-06,web,refunded
4828,337,6,2026-08-04,marketplace,completed
4829,106,2,2026-08-12,marketplace,cancelled
4830,59,2,2026-09-11,mobile_app,completed
4831,352,6,2026-04-11,marketplace,refunded
4832,199,6,2026-02-02,marketplace,completed
4833,577,6,2026-02-27,mobile_app,completed
4834,572,2,2026-04-18,web,completed
4835,291,2,2026-09-17,marketplace,completed
4836,11,4,2025-09-23,marketplace,completed
4837,478,1,2026-07-25,marketplace,cancelled
4838,79,5,2026-07-10,marketplace,completed
4839,560,7,2026-04-05,marketplace,completed
4840,529,5,2026-07-02,web,completed
4841,86,1,2026-04-07,mobile_app,completed
4842,205,1,2026-02-05,marketplace,completed
4843,390,1,2026-03-09,web,completed
4844,395,7,2026-07-04,marketplace,completed
4845,150,1,2025-08-08,web,cancelled
4846,46,5,2025-11-29,marketplace,completed
4847,165,6,2026-02-12,web,completed
4848,456,3,2026-06-23,web,completed
4849,247,4,2026-07-01,mobile_app,completed
4850,575,2,2026-03-09,mobile_app,completed
4851,430,5,2026-09-12,web,completed
4852,459,3,2026-08-15,web,completed
4853,274,1,2026-02-05,web,completed
4854,349,5,2026-08-09,web,cancelled
4855,286,8,2026-06-27,web,completed
4856,563,6,2026-04-04,marketplace,refunded
4857,450,3,2026-04-26,web,completed
4858,343,5,2026-06-13,mobile_app,completed
4859,397,5,2026-01-25,web,cancelled
4860,103,5,2025-09-26,marketplace,cancelled
4861,420,3,2026-07-30,marketplace,completed
4862,410,3,2025-09-14,web,completed
4863,36,5,2026-08-14,mobile_app,completed
4864,353,7,2026-08-05,mobile_app,completed
4865,284,8,2026-07-18,web,refunded
4866,216,5,2026-07-01,marketplace,completed
4867,152,2,2026-01-29,web,completed
4868,136,1,2026-09-04,web,completed
4869,305,3,2026-09-20,web,cancelled
4870,51,6,2026-05-05,web,completed
4871,440,7,2026-04-18,web,completed
4872,593,5,2026-06-02,marketplace,cancelled
4873,452,2,2026-08-20,web,refunded
4874,171,3,2025-12-19,web,cancelled
4875,314,1,2026-06-27,mobile_app,completed
4876,300,6,2026-09-12,marketplace,completed
4877,423,8,2025-11-02,marketplace,completed
4878,552,2,2026-02-23,web,cancelled
4879,39,5,2026-03-19,web,cancelled
4880,103,2,2025-09-20,mobile_app,cancelled
4881,444,4,2026-06-23,mobile_app,completed
4882,112,1,2026-07-11,web,completed
4883,364,7,2026-08-30,web,completed
4884,76,2,2026-07-15,web,refunded
4885,511,2,2026-05-25,mobile_app,completed
4886,559,5,2026-08-25,mobile_app,cancelled
4887,599,8,2026-07-04,web,completed
4888,156,2,2025-10-28,marketplace,completed
4889,389,2,2026-09-13,web,completed
4890,299,3,2026-08-07,web,cancelled
4891,436,8,2026-09-07,mobile_app,completed
4892,114,1,2026-02-11,mobile_app,completed
4893,245,7,2026-09-09,web,completed
4894,347,4,2025-12-27,web,completed
4895,415,7,2026-06-04,web,cancelled
4896,121,5,2026-01-04,web,completed
4897,153,2,2026-09-01,mobile_app,refunded
4898,476,2,2025-10-04,web,completed
4899,159,5,2025-09-25,web,refunded
4900,221,4,2026-08-23,marketplace,completed
4901,303,8,2026-07-11,mobile_app,refunded
4902,197,7,2026-05-23,marketplace,completed
4903,330,3,2026-09-19,mobile_app,completed
4904,457,2,2026-09-08,web,completed
4905,387,3,2026-07-30,mobile_app,completed
4906,370,2,2026-06-14,web,completed
4907,235,4,2026-01-06,mobile_app,completed
4908,168,2,2026-04-23,marketplace,refunded
4909,114,1,2026-06-10,web,refunded
4910,339,7,2026-06-09,marketplace,completed
4911,371,3,2026-06-11,web,completed
4912,160,1,2026-03-18,web,completed
4913,162,5,2026-09-16,marketplace,completed
4914,242,7,2026-07-29,marketplace,completed
4915,452,6,2026-07-29,mobile_app,completed
4916,434,8,2026-03-26,mobile_app,refunded
4917,56,8,2026-04-14,web,completed
4918,560,8,2025-12-19,mobile_app,completed
4919,280,1,2026-09-15,web,completed
4920,29,8,2026-04-27,web,completed
4921,485,6,2025-12-22,web,completed
4922,267,8,2025-05-19,marketplace,cancelled
4923,235,4,2025-07-05,marketplace,refunded
4924,127,3,2026-05-15,web,cancelled
4925,77,7,2026-02-09,mobile_app,completed
4926,29,4,2026-06-27,web,completed
4927,231,3,2026-01-19,mobile_app,completed
4928,81,2,2026-05-07,web,refunded
4929,550,7,2026-07-09,marketplace,refunded
4930,384,7,2026-04-03,mobile_app,completed
4931,567,5,2026-05-02,mobile_app,completed
4932,154,2,2026-08-20,web,completed
4933,225,2,2026-09-12,web,completed
4934,521,5,2026-03-14,mobile_app,completed
4935,577,2,2026-08-02,web,cancelled
4936,136,3,2026-08-11,web,completed
4937,546,8,2026-05-17,marketplace,completed
4938,440,4,2026-08-19,web,completed
4939,505,7,2025-10-19,marketplace,completed
4940,483,2,2026-08-19,web,completed
4941,595,6,2026-08-24,web,completed
4942,442,3,2026-08-14,web,refunded
4943,33,6,2026-07-13,mobile_app,completed
4944,256,5,2026-02-26,marketplace,refunded
4945,131,6,2025-10-25,mobile_app,completed
4946,447,7,2026-06-10,marketplace,completed
4947,61,3,2026-06-15,mobile_app,cancelled
4948,73,4,2026-06-20,web,completed
4949,98,4,2026-03-20,mobile_app,completed
4950,99,2,2026-05-05,mobile_app,refunded
4951,452,2,2026-08-22,web,cancelled
4952,22,1,2025-12-17,marketplace,refunded
4953,154,4,2026-06-17,web,completed
4954,447,6,2026-05-10,marketplace,completed
4955,569,2,2026-08-25,marketplace,cancelled
4956,452,6,2026-07-27,web,cancelled
4957,486,2,2026-06-14,mobile_app,refunded
4958,334,7,2026-03-14,web,completed
4959,394,7,2026-02-11,marketplace,refunded
4960,246,2,2026-06-02,marketplace,completed
4961,446,2,2026-06-04,marketplace,refunded
4962,588,6,2026-05-10,web,completed
4963,372,8,2026-07-02,mobile_app,refunded
4964,171,7,2026-08-10,web,completed
4965,246,8,2026-09-11,web,cancelled
4966,40,3,2026-09-17,marketplace,completed
4967,106,5,2026-08-10,mobile_app,completed
4968,280,8,2026-08-10,mobile_app,completed
4969,328,3,2026-09-06,mobile_app,completed
4970,94,7,2026-09-15,marketplace,completed
4971,112,4,2026-03-28,marketplace,completed
4972,111,4,2026-08-14,mobile_app,completed
4973,56,2,2026-07-21,web,completed
4974,587,1,2026-06-13,marketplace,completed
4975,85,7,2026-04-16,web,completed
4976,519,2,2026-06-26,mobile_app,completed
4977,184,6,2026-08-25,marketplace,completed
4978,583,5,2026-07-13,mobile_app,completed
4979,391,1,2025-12-28,marketplace,completed
4980,38,7,2025-12-17,marketplace,completed
4981,110,4,2026-08-11,mobile_app,completed
4982,267,1,2026-04-06,marketplace,cancelled
4983,387,5,2026-09-06,mobile_app,cancelled
4984,482,1,2026-04-11,mobile_app,completed
4985,15,4,2026-06-07,marketplace,completed
4986,183,5,2026-06-29,mobile_app,completed
4987,295,7,2026-09-05,marketplace,completed
4988,292,6,2026-06-14,mobile_app,completed
4989,595,4,2026-09-09,marketplace,refunded
4990,36,7,2025-12-25,mobile_app,completed
4991,329,1,2026-03-23,web,completed
4992,92,8,2026-06-07,marketplace,cancelled
4993,21,2,2026-05-11,marketplace,completed
4994,534,3,2026-08-09,mobile_app,completed
4995,533,6,2026-09-20,mobile_app,cancelled
4996,90,7,2026-08-01,marketplace,completed
4997,48,2,2025-08-29,mobile_app,cancelled
4998,199,5,2026-08-12,marketplace,completed
4999,277,5,2026-06-10,mobile_app,cancelled
5000,542,4,2026-07-30,mobile_app,completed
5001,458,8,2026-01-21,marketplace,completed
5002,254,2,2026-07-05,marketplace,completed
5003,225,8,2026-09-11,mobile_app,completed
5004,257,7,2026-04-22,web,refunded
5005,578,3,2026-04-01,marketplace,completed
5006,4,8,2026-08-01,marketplace,cancelled
5007,587,3,2025-12-18,mobile_app,cancelled
5008,188,4,2026-06-21,marketplace,completed
5009,134,4,2025-10-29,web,completed
5010,183,6,2026-03-10,web,refunded
5011,513,6,2026-01-11,marketplace,cancelled
5012,153,4,2026-07-23,marketplace,completed
5013,473,3,2026-05-22,marketplace,completed
5014,112,1,2026-03-13,mobile_app,refunded
5015,49,3,2026-02-24,web,completed
5016,87,4,2025-10-09,mobile_app,cancelled
5017,371,8,2026-03-11,marketplace,completed
5018,125,7,2026-09-17,web,completed
5019,498,4,2025-06-04,mobile_app,completed
5020,187,4,2026-01-05,marketplace,completed
5021,184,3,2026-07-11,marketplace,refunded
5022,140,2,2026-07-15,mobile_app,completed
5023,103,2,2026-07-08,mobile_app,completed
5024,87,6,2026-04-13,web,cancelled
5025,305,2,2026-09-20,mobile_app,cancelled
5026,312,8,2026-02-04,marketplace,completed
5027,215,8,2026-01-31,web,cancelled
5028,309,1,2026-09-18,mobile_app,completed
5029,561,8,2026-06-02,web,completed
5030,323,8,2026-05-03,marketplace,completed
5031,74,5,2026-08-07,mobile_app,completed
5032,357,6,2026-09-06,web,completed
5033,45,1,2026-09-06,mobile_app,cancelled
5034,145,5,2026-07-29,web,cancelled
5035,262,2,2025-11-01,mobile_app,cancelled
5036,341,8,2026-09-09,marketplace,completed
5037,350,5,2026-08-14,marketplace,cancelled
5038,278,5,2026-04-20,web,completed
5039,465,1,2026-09-01,marketplace,completed
5040,372,1,2026-08-15,web,completed
5041,374,8,2026-06-29,marketplace,completed
5042,309,3,2026-09-19,marketplace,cancelled
5043,375,2,2026-09-01,web,refunded
5044,588,8,2025-11-06,mobile_app,cancelled
5045,285,6,2026-08-18,web,refunded
5046,14,3,2026-09-09,mobile_app,refunded
5047,517,4,2026-02-03,web,completed
5048,378,7,2026-01-30,web,completed
5049,198,1,2026-01-05,web,completed
5050,414,2,2026-08-10,mobile_app,completed
5051,153,8,2026-08-11,mobile_app,cancelled
5052,434,7,2026-08-19,marketplace,cancelled
5053,402,2,2026-08-13,web,completed
5054,319,3,2026-02-27,marketplace,completed
5055,292,5,2026-08-15,web,completed
5056,393,4,2026-09-20,mobile_app,completed
5057,372,1,2026-08-03,marketplace,completed
5058,463,1,2026-08-17,web,completed
5059,146,7,2026-02-07,mobile_app,completed
5060,46,8,2026-04-25,marketplace,refunded
5061,422,8,2026-02-28,marketplace,cancelled
5062,161,3,2026-01-19,web,completed
5063,467,3,2026-06-28,mobile_app,completed
5064,75,6,2025-09-28,marketplace,completed
5065,119,7,2026-04-03,mobile_app,completed
5066,255,6,2026-07-20,web,completed
5067,427,2,2026-09-07,web,completed
5068,395,1,2026-04-06,mobile_app,completed
5069,399,2,2025-10-11,web,completed
5070,291,7,2026-09-19,web,completed
5071,21,1,2026-08-13,mobile_app,completed
5072,308,2,2026-04-04,web,completed
5073,449,2,2025-12-04,marketplace,completed
5074,412,4,2026-09-09,web,completed
5075,600,2,2026-03-27,mobile_app,completed
5076,404,6,2026-06-13,mobile_app,cancelled
5077,35,5,2026-07-30,web,cancelled
5078,182,7,2026-04-03,web,cancelled
5079,200,8,2025-11-30,web,completed
5080,71,7,2025-10-08,web,completed
5081,259,6,2026-07-25,web,completed
5082,599,1,2026-07-30,web,completed
5083,373,2,2026-09-01,mobile_app,refunded
5084,436,1,2026-03-11,mobile_app,completed
5085,81,4,2026-04-11,web,cancelled
5086,438,4,2026-03-22,web,completed
5087,352,5,2026-08-18,web,cancelled
5088,572,3,2026-07-16,web,completed
5089,387,8,2026-09-17,web,completed
5090,409,4,2026-09-16,web,completed
5091,15,8,2026-06-23,mobile_app,refunded
5092,172,1,2025-11-14,mobile_app,cancelled
5093,553,3,2026-07-21,web,completed
5094,557,5,2026-04-28,marketplace,completed
5095,480,4,2026-08-28,marketplace,cancelled
5096,10,5,2025-05-04,web,refunded
5097,202,1,2026-08-15,marketplace,cancelled
5098,508,8,2026-08-19,marketplace,completed
5099,560,5,2025-07-09,mobile_app,completed
5100,264,5,2026-07-24,web,completed
5101,122,7,2025-12-22,web,completed
5102,185,8,2026-08-29,marketplace,completed
5103,29,2,2026-04-19,web,refunded
5104,282,5,2026-01-13,mobile_app,completed
5105,68,4,2026-09-05,marketplace,completed
5106,60,4,2026-06-16,mobile_app,completed
5107,429,4,2025-12-31,web,refunded
5108,554,3,2026-07-19,mobile_app,completed
5109,208,4,2026-01-23,marketplace,cancelled
5110,476,2,2026-06-13,web,cancelled
5111,341,8,2026-09-12,mobile_app,refunded
5112,323,5,2026-08-13,web,refunded
5113,372,3,2026-09-13,marketplace,completed
5114,530,6,2026-01-06,marketplace,completed
5115,208,3,2026-08-02,mobile_app,completed
5116,585,3,2026-03-12,web,cancelled
5117,439,5,2026-09-01,marketplace,refunded
5118,386,7,2025-09-08,mobile_app,refunded
5119,259,7,2026-07-05,web,completed
5120,50,1,2026-07-31,marketplace,completed
5121,464,4,2026-02-27,mobile_app,completed
5122,74,6,2026-09-20,marketplace,cancelled
5123,91,2,2026-08-19,marketplace,completed
5124,373,7,2026-06-02,web,completed
5125,20,2,2026-03-31,marketplace,refunded
5126,57,1,2026-07-12,marketplace,refunded
5127,223,4,2026-06-17,mobile_app,cancelled
5128,380,3,2026-09-14,marketplace,refunded
5129,138,4,2025-05-30,mobile_app,refunded
5130,235,7,2025-07-05,web,completed
5131,71,3,2025-09-24,marketplace,cancelled
5132,128,2,2026-09-19,marketplace,completed
5133,134,4,2026-03-18,marketplace,completed
5134,484,6,2025-09-15,mobile_app,completed
5135,116,1,2026-08-12,mobile_app,completed
5136,307,2,2026-08-02,mobile_app,completed
5137,101,8,2026-05-09,marketplace,cancelled
5138,289,6,2026-07-30,web,completed
5139,262,8,2025-10-28,marketplace,completed
5140,323,4,2026-02-14,mobile_app,completed
5141,497,6,2025-08-04,web,completed
5142,134,8,2026-01-13,mobile_app,refunded
5143,302,8,2026-09-14,marketplace,completed
5144,600,7,2026-01-03,web,completed
5145,11,6,2026-03-25,web,completed
5146,108,4,2026-07-28,mobile_app,completed
5147,572,5,2026-06-15,mobile_app,completed
5148,250,3,2026-08-14,marketplace,completed
5149,141,8,2026-09-11,marketplace,completed
5150,54,6,2026-07-11,mobile_app,completed
5151,210,7,2025-11-17,mobile_app,completed
5152,313,1,2026-05-02,web,cancelled
5153,573,6,2026-06-18,web,completed
5154,453,3,2026-05-01,mobile_app,completed
5155,226,3,2026-07-18,mobile_app,refunded
5156,91,3,2026-08-30,web,completed
5157,539,1,2026-09-20,web,refunded
5158,426,2,2026-08-23,web,refunded
5159,280,1,2026-04-27,marketplace,completed
5160,330,6,2026-08-24,marketplace,completed
5161,331,5,2026-03-18,web,completed
5162,171,6,2026-04-01,web,completed
5163,97,4,2026-05-23,mobile_app,completed
5164,379,5,2026-03-30,mobile_app,completed
5165,348,3,2026-07-08,mobile_app,completed
5166,58,4,2026-03-30,marketplace,completed
5167,72,6,2026-09-08,marketplace,completed
5168,75,6,2025-11-05,mobile_app,completed
5169,60,1,2026-04-15,mobile_app,completed
5170,358,3,2026-04-25,marketplace,completed
5171,479,8,2026-09-18,marketplace,completed
5172,450,2,2026-05-16,mobile_app,refunded
5173,409,4,2026-09-05,marketplace,completed
5174,287,5,2026-07-09,web,refunded
5175,195,7,2026-04-30,web,completed
5176,456,8,2026-06-15,marketplace,cancelled
5177,54,7,2026-05-31,web,completed
5178,2,1,2026-08-06,web,completed
5179,573,1,2026-07-15,mobile_app,completed
5180,124,2,2026-07-24,mobile_app,refunded
5181,200,3,2025-05-26,mobile_app,completed
5182,459,6,2026-08-07,marketplace,completed
5183,278,6,2026-06-26,mobile_app,completed
5184,496,4,2026-04-08,marketplace,completed
5185,147,2,2025-12-29,mobile_app,completed
5186,436,6,2026-07-12,marketplace,completed
5187,478,8,2026-05-08,marketplace,completed
5188,234,2,2026-05-15,marketplace,refunded
5189,420,8,2026-08-23,mobile_app,cancelled
5190,387,8,2026-07-18,web,completed
5191,554,2,2026-08-09,marketplace,completed
5192,213,6,2026-03-04,marketplace,completed
5193,448,4,2026-06-12,mobile_app,cancelled
5194,209,7,2026-08-25,mobile_app,cancelled
5195,184,3,2026-08-23,web,completed
5196,548,7,2026-07-01,web,completed
5197,547,6,2026-08-12,web,completed
5198,505,3,2025-09-01,mobile_app,completed
5199,420,7,2026-08-23,mobile_app,refunded
5200,221,8,2026-03-15,web,completed
5201,457,5,2026-09-03,web,completed
5202,86,7,2025-09-04,marketplace,completed
5203,444,3,2026-08-10,web,cancelled
5204,532,5,2026-06-10,marketplace,refunded
5205,193,6,2026-03-15,mobile_app,refunded
5206,580,8,2026-09-02,web,completed
5207,93,5,2026-08-02,mobile_app,refunded
5208,12,6,2026-05-31,mobile_app,completed
5209,569,7,2026-08-07,marketplace,completed
5210,486,8,2026-08-30,mobile_app,completed
5211,492,1,2026-05-17,mobile_app,completed
5212,5,5,2026-07-05,mobile_app,completed
5213,75,7,2025-09-30,web,cancelled
5214,410,6,2025-12-11,mobile_app,completed
5215,74,1,2026-08-27,mobile_app,completed
5216,246,8,2026-06-26,marketplace,refunded
5217,158,2,2025-12-29,marketplace,completed
5218,47,5,2025-07-29,web,cancelled
5219,218,8,2026-02-02,mobile_app,refunded
5220,486,5,2026-06-14,web,completed
5221,254,5,2026-09-01,marketplace,completed
5222,223,8,2026-04-04,mobile_app,completed
5223,26,2,2026-09-09,marketplace,cancelled
5224,141,4,2026-05-03,web,cancelled
5225,269,1,2026-06-06,marketplace,completed
5226,85,6,2025-10-17,mobile_app,refunded
5227,237,5,2025-12-15,marketplace,refunded
5228,459,4,2026-09-15,mobile_app,completed
5229,355,7,2026-06-07,mobile_app,cancelled
5230,89,4,2026-08-07,web,completed
5231,381,4,2026-08-08,mobile_app,completed
5232,132,8,2026-01-09,web,completed
5233,236,1,2025-11-21,marketplace,cancelled
5234,101,6,2026-06-05,marketplace,completed
5235,539,4,2026-09-16,marketplace,completed
5236,378,7,2025-10-20,marketplace,completed
5237,249,1,2026-05-04,mobile_app,refunded
5238,101,7,2026-06-27,mobile_app,completed
5239,395,5,2026-04-27,mobile_app,cancelled
5240,599,1,2026-02-05,web,completed
5241,541,5,2026-09-03,marketplace,cancelled
5242,252,1,2025-08-24,mobile_app,refunded
5243,104,1,2025-09-25,mobile_app,completed
5244,88,8,2026-01-14,web,completed
5245,425,8,2026-06-29,marketplace,refunded
5246,449,8,2026-08-02,marketplace,refunded
5247,286,4,2026-06-20,mobile_app,completed
5248,355,7,2025-11-30,web,completed
5249,280,5,2026-04-21,marketplace,cancelled
5250,220,2,2026-07-10,mobile_app,completed
5251,486,1,2026-08-16,mobile_app,completed
5252,493,4,2026-06-03,mobile_app,completed
5253,526,3,2026-09-16,marketplace,completed
5254,345,4,2026-04-06,mobile_app,completed
5255,428,2,2026-02-05,mobile_app,completed
5256,449,7,2026-04-11,web,completed
5257,177,5,2026-02-09,web,completed
5258,154,8,2026-07-30,mobile_app,completed
5259,565,8,2026-07-17,mobile_app,cancelled
5260,485,7,2026-07-06,marketplace,cancelled
5261,302,3,2026-06-11,web,cancelled
5262,396,3,2026-07-25,marketplace,completed
5263,69,1,2026-07-24,mobile_app,completed
5264,51,4,2026-06-16,web,completed
5265,19,3,2026-04-28,web,completed
5266,347,7,2026-07-02,web,completed
5267,56,7,2026-07-01,mobile_app,completed
5268,257,8,2026-07-02,web,refunded
5269,450,1,2026-09-11,web,completed
5270,355,4,2025-12-22,mobile_app,completed
5271,199,1,2026-07-18,mobile_app,completed
5272,40,8,2026-09-12,web,completed
5273,17,1,2025-12-28,mobile_app,cancelled
5274,588,5,2025-08-23,marketplace,refunded
5275,178,6,2026-02-13,mobile_app,refunded
5276,394,4,2025-12-12,mobile_app,completed
5277,390,7,2026-08-13,marketplace,refunded
5278,299,3,2026-07-13,marketplace,cancelled
5279,194,7,2026-06-13,mobile_app,cancelled
5280,99,7,2026-03-27,marketplace,refunded
5281,371,1,2026-04-24,marketplace,completed
5282,451,3,2025-06-10,marketplace,completed
5283,402,1,2026-08-27,marketplace,completed
5284,583,7,2026-09-02,mobile_app,completed
5285,422,6,2025-11-08,web,completed
5286,31,2,2025-12-19,mobile_app,completed
5287,394,2,2026-08-06,web,completed
5288,564,3,2026-05-28,mobile_app,cancelled
5289,138,1,2025-07-27,mobile_app,refunded
5290,227,5,2026-09-11,mobile_app,completed
5291,524,3,2025-09-11,web,completed
5292,82,5,2026-06-11,mobile_app,refunded
5293,322,6,2026-09-05,mobile_app,completed
5294,134,4,2026-08-08,marketplace,completed
5295,462,3,2026-05-12,mobile_app,cancelled
5296,575,7,2026-09-02,marketplace,completed
5297,36,4,2026-08-23,web,refunded
5298,58,6,2026-03-10,web,completed
5299,466,8,2026-02-20,mobile_app,cancelled
5300,439,7,2025-08-27,marketplace,refunded
5301,149,5,2026-06-26,mobile_app,refunded
5302,21,8,2026-08-28,web,completed
5303,170,2,2025-12-30,marketplace,completed
5304,509,4,2026-09-20,marketplace,refunded
5305,225,2,2026-08-31,marketplace,completed
5306,540,5,2025-08-01,marketplace,refunded
5307,59,5,2026-02-09,marketplace,completed
5308,310,5,2026-03-11,mobile_app,completed
5309,477,1,2026-07-05,marketplace,completed
5310,552,8,2025-11-11,mobile_app,refunded
5311,459,2,2026-08-28,web,refunded
5312,439,8,2026-04-22,mobile_app,completed
5313,65,6,2025-12-10,web,refunded
5314,565,7,2026-08-27,marketplace,completed
5315,543,3,2026-08-26,mobile_app,refunded
5316,534,2,2026-06-14,web,completed
5317,321,3,2026-09-18,marketplace,completed
5318,58,5,2025-06-04,web,refunded
5319,267,4,2025-07-27,web,completed
5320,463,3,2026-05-16,mobile_app,cancelled
5321,280,8,2026-08-10,marketplace,refunded
5322,568,3,2026-09-05,mobile_app,completed
5323,397,6,2025-10-29,marketplace,cancelled
5324,392,7,2026-08-20,mobile_app,completed
5325,396,3,2026-05-30,web,completed
5326,530,8,2026-04-26,mobile_app,completed
5327,542,2,2026-06-14,marketplace,cancelled
5328,502,2,2026-08-06,mobile_app,cancelled
5329,210,4,2026-09-18,web,completed
5330,408,3,2026-09-12,web,completed
5331,596,2,2026-09-02,web,cancelled
5332,235,7,2026-01-21,mobile_app,completed
5333,449,3,2026-05-18,mobile_app,completed
5334,595,8,2026-09-10,web,completed
5335,144,2,2025-12-13,marketplace,cancelled
5336,154,3,2026-08-19,mobile_app,refunded
5337,116,2,2026-08-08,web,completed
5338,496,6,2026-02-27,marketplace,refunded
5339,504,4,2026-09-09,mobile_app,completed
5340,68,3,2026-05-09,mobile_app,completed
5341,479,3,2026-04-13,mobile_app,refunded
5342,137,3,2026-08-30,mobile_app,completed
5343,266,5,2026-08-11,marketplace,completed
5344,46,8,2026-08-23,web,completed
5345,412,7,2026-09-17,marketplace,completed
5346,176,1,2026-02-06,mobile_app,completed
5347,281,3,2026-02-15,mobile_app,refunded
5348,210,5,2026-04-15,marketplace,cancelled
5349,67,7,2026-08-14,mobile_app,cancelled
5350,313,7,2026-05-08,mobile_app,completed
5351,18,7,2026-03-24,mobile_app,completed
5352,404,5,2026-01-31,marketplace,completed
5353,375,2,2026-09-02,marketplace,cancelled
5354,182,6,2026-03-02,marketplace,completed
5355,100,2,2026-04-14,mobile_app,cancelled
5356,597,7,2026-07-03,marketplace,cancelled
5357,257,8,2026-03-17,web,completed
5358,238,6,2025-11-12,marketplace,cancelled
5359,66,6,2025-08-31,web,completed
5360,183,6,2026-01-18,mobile_app,completed
5361,122,6,2026-02-12,web,completed
5362,155,8,2026-03-16,marketplace,refunded
5363,320,8,2026-08-29,mobile_app,completed
5364,259,1,2026-07-13,mobile_app,completed
5365,301,2,2026-04-16,web,completed
5366,426,3,2026-09-02,marketplace,completed
5367,458,3,2026-04-05,mobile_app,cancelled
5368,291,3,2026-09-16,marketplace,refunded
5369,96,7,2026-02-11,web,completed
5370,586,3,2026-06-10,web,completed
5371,339,4,2026-07-18,marketplace,completed
5372,289,6,2026-08-25,marketplace,completed
5373,564,6,2026-09-19,marketplace,refunded
5374,57,4,2026-07-17,web,completed
5375,567,8,2026-07-29,marketplace,completed
5376,58,2,2026-09-04,web,completed
5377,459,5,2026-08-08,web,refunded
5378,351,1,2026-09-14,mobile_app,completed
5379,346,3,2026-02-11,marketplace,completed
5380,276,7,2026-09-02,mobile_app,completed
5381,233,1,2025-12-08,marketplace,completed
5382,348,4,2026-04-02,marketplace,cancelled
5383,159,2,2025-09-30,web,refunded
5384,298,2,2026-08-07,mobile_app,cancelled
5385,430,8,2026-05-12,web,completed
5386,439,7,2026-08-08,web,completed
5387,365,5,2026-08-08,mobile_app,cancelled
5388,160,4,2025-07-17,marketplace,completed
5389,308,4,2026-04-15,marketplace,completed
5390,283,8,2026-06-18,marketplace,completed
5391,582,8,2026-01-15,web,refunded
5392,499,3,2026-09-17,marketplace,refunded
5393,276,1,2026-08-09,marketplace,completed
5394,478,1,2026-05-27,web,completed
5395,256,3,2026-02-05,web,refunded
5396,453,5,2025-11-30,marketplace,completed
5397,287,3,2026-05-30,marketplace,completed
5398,304,7,2026-04-08,mobile_app,completed
5399,262,2,2025-09-22,mobile_app,cancelled
5400,372,6,2026-08-09,marketplace,completed
5401,569,2,2026-08-26,web,completed
5402,546,2,2025-12-12,web,completed
5403,464,2,2025-12-19,marketplace,completed
5404,97,3,2026-04-17,marketplace,completed
5405,262,5,2026-02-13,web,completed
5406,160,4,2025-07-22,web,refunded
5407,372,6,2026-08-02,web,completed
5408,59,3,2026-08-27,mobile_app,refunded
5409,35,3,2026-01-30,web,completed
5410,488,3,2026-08-09,web,refunded
5411,230,6,2026-09-14,marketplace,completed
5412,450,4,2026-08-05,mobile_app,refunded
5413,41,2,2026-08-06,marketplace,completed
5414,279,4,2026-07-27,mobile_app,refunded
5415,145,4,2026-09-08,mobile_app,completed
5416,301,5,2026-03-24,web,completed
5417,21,5,2026-07-25,mobile_app,completed
5418,29,4,2026-01-11,web,cancelled
5419,117,4,2026-08-02,marketplace,completed
5420,278,7,2026-02-10,web,refunded
5421,117,6,2026-04-19,web,cancelled
5422,354,4,2026-07-16,web,refunded
5423,210,5,2026-05-29,mobile_app,refunded
5424,562,3,2026-05-18,mobile_app,cancelled
5425,226,3,2026-09-13,mobile_app,completed
5426,292,6,2026-03-01,mobile_app,completed
5427,113,1,2025-12-19,web,completed
5428,61,5,2026-07-29,web,completed
5429,174,8,2026-07-16,marketplace,refunded
5430,135,1,2026-05-21,web,completed
5431,240,7,2026-08-17,mobile_app,completed
5432,501,2,2026-06-23,marketplace,refunded
5433,204,3,2026-09-05,marketplace,completed
5434,97,1,2026-06-09,marketplace,completed
5435,471,8,2026-07-14,mobile_app,completed
5436,88,8,2026-07-19,marketplace,completed
5437,115,3,2026-06-04,mobile_app,completed
5438,419,1,2026-06-20,marketplace,refunded
5439,124,2,2026-06-17,web,refunded
5440,131,6,2026-08-16,web,completed
5441,524,4,2026-07-27,web,completed
5442,26,6,2026-09-15,web,completed
5443,513,2,2026-02-21,mobile_app,cancelled
5444,518,1,2026-07-04,web,completed
5445,126,1,2026-01-16,mobile_app,completed
5446,141,7,2026-08-20,mobile_app,completed
5447,200,4,2025-07-15,marketplace,completed
5448,86,6,2026-01-07,mobile_app,completed
5449,396,2,2026-06-19,mobile_app,completed
5450,290,1,2026-08-22,web,completed
5451,535,4,2026-09-08,marketplace,refunded
5452,167,7,2026-04-08,mobile_app,completed
5453,457,2,2026-08-01,marketplace,refunded
5454,364,4,2026-09-13,mobile_app,completed
5455,294,3,2026-03-16,marketplace,refunded
5456,240,1,2026-07-21,marketplace,cancelled
5457,82,5,2026-04-21,marketplace,refunded
5458,506,8,2026-08-21,web,completed
5459,13,7,2026-08-22,mobile_app,completed
5460,366,6,2025-07-16,marketplace,completed
5461,167,6,2025-05-01,mobile_app,completed
5462,285,4,2026-05-03,marketplace,completed
5463,181,5,2025-12-19,mobile_app,completed
5464,126,4,2026-07-30,marketplace,completed
5465,512,5,2026-04-20,web,completed
5466,543,5,2026-09-12,marketplace,cancelled
5467,473,4,2026-06-02,mobile_app,completed
5468,425,4,2026-07-10,mobile_app,completed
5469,202,8,2026-04-16,web,completed
5470,600,6,2026-05-15,marketplace,completed
5471,309,3,2026-08-22,mobile_app,refunded
5472,475,8,2026-03-08,web,completed
5473,145,5,2026-09-06,mobile_app,completed
5474,42,1,2025-10-16,web,completed
5475,340,8,2026-07-07,web,completed
5476,178,4,2026-05-13,mobile_app,cancelled
5477,74,3,2026-09-03,web,completed
5478,521,2,2026-06-03,marketplace,completed
5479,508,2,2026-05-23,mobile_app,cancelled
5480,317,5,2025-12-16,mobile_app,completed
5481,598,4,2026-08-29,mobile_app,cancelled
5482,173,5,2026-05-29,marketplace,completed
5483,81,1,2026-07-21,marketplace,refunded
5484,241,3,2026-08-03,marketplace,refunded
5485,113,4,2025-12-08,marketplace,completed
5486,98,3,2025-08-02,mobile_app,cancelled
5487,183,4,2026-01-31,marketplace,cancelled
5488,469,5,2026-08-05,web,completed
5489,497,2,2026-07-25,web,refunded
5490,360,7,2026-05-05,mobile_app,refunded
5491,434,6,2026-02-04,marketplace,cancelled
5492,23,5,2026-04-14,mobile_app,completed
5493,304,1,2026-09-19,web,refunded
5494,575,1,2026-04-28,web,completed
5495,314,3,2026-05-12,marketplace,completed
5496,502,4,2026-08-02,marketplace,completed
5497,177,8,2026-05-06,marketplace,completed
5498,17,7,2026-01-20,marketplace,completed
5499,78,2,2026-08-27,mobile_app,refunded
5500,27,1,2026-04-11,marketplace,completed
5501,315,6,2026-06-24,mobile_app,completed
5502,70,5,2026-09-20,web,completed
5503,238,4,2026-08-13,web,completed
5504,498,3,2025-12-08,marketplace,refunded
5505,176,6,2026-09-08,mobile_app,completed
5506,194,1,2026-08-31,mobile_app,completed
5507,3,3,2025-11-22,web,refunded
5508,464,4,2026-08-19,web,completed
5509,61,7,2026-06-28,web,completed
5510,434,1,2026-07-12,marketplace,cancelled
5511,474,3,2025-12-19,web,completed
5512,483,1,2026-08-01,marketplace,refunded
5513,218,7,2026-08-19,marketplace,refunded
5514,588,8,2026-08-12,mobile_app,completed
5515,258,3,2026-04-07,marketplace,refunded
5516,81,3,2026-01-12,mobile_app,completed
5517,265,4,2026-03-03,mobile_app,completed
5518,227,2,2026-08-02,web,completed
5519,279,8,2025-12-08,mobile_app,completed
5520,496,5,2026-08-29,marketplace,completed
5521,250,4,2026-06-05,web,completed
5522,52,3,2026-09-04,mobile_app,refunded
5523,446,6,2025-08-29,mobile_app,completed
5524,261,1,2025-10-03,marketplace,cancelled
5525,161,5,2026-05-28,mobile_app,completed
5526,543,4,2026-09-07,marketplace,completed
5527,25,5,2026-08-19,mobile_app,completed
5528,438,3,2025-12-10,web,completed
5529,301,1,2025-12-19,mobile_app,completed
5530,304,8,2026-05-24,marketplace,completed
5531,6,8,2026-03-21,mobile_app,refunded
5532,128,6,2026-05-31,mobile_app,completed
5533,148,1,2025-09-30,marketplace,cancelled
5534,348,8,2026-09-14,marketplace,completed
5535,462,6,2026-06-09,web,refunded
5536,499,6,2026-08-30,web,refunded
5537,343,5,2026-07-25,marketplace,completed
5538,172,8,2025-09-20,mobile_app,completed
5539,250,4,2026-07-23,web,completed
5540,309,4,2026-09-11,web,completed
5541,196,4,2026-09-07,marketplace,completed
5542,566,3,2025-05-28,web,completed
5543,410,1,2026-08-24,web,refunded
5544,20,4,2026-06-16,mobile_app,completed
5545,552,2,2026-06-07,web,completed
5546,335,7,2026-01-08,web,refunded
5547,30,3,2026-06-16,web,completed
5548,426,6,2026-09-17,web,refunded
5549,241,3,2026-06-15,mobile_app,completed
5550,372,1,2026-08-13,marketplace,completed
5551,388,1,2026-02-22,web,refunded
5552,96,3,2026-03-23,marketplace,completed
5553,331,1,2026-08-22,marketplace,completed
5554,467,6,2025-12-08,web,completed
5555,62,4,2026-08-18,marketplace,completed
5556,246,5,2026-07-23,marketplace,cancelled
5557,489,2,2025-11-20,web,completed
5558,183,2,2026-02-22,mobile_app,completed
5559,286,6,2026-09-16,marketplace,completed
5560,264,7,2025-08-24,mobile_app,completed
5561,434,2,2025-08-17,web,completed
5562,484,7,2025-09-18,web,completed
5563,223,5,2026-04-09,mobile_app,completed
5564,543,8,2026-09-04,web,completed
5565,226,1,2026-08-25,marketplace,cancelled
5566,317,4,2026-06-30,marketplace,completed
5567,233,6,2026-03-18,marketplace,completed
5568,14,2,2026-04-08,marketplace,completed
5569,54,8,2026-08-20,marketplace,completed
5570,505,3,2026-09-12,mobile_app,completed
5571,347,7,2026-04-05,marketplace,completed
5572,112,3,2026-05-08,web,refunded
5573,468,3,2026-05-21,mobile_app,refunded
5574,40,2,2026-09-17,web,completed
5575,21,1,2026-06-28,web,completed
5576,134,4,2026-08-16,marketplace,completed
5577,267,8,2025-10-25,mobile_app,completed
5578,596,8,2026-08-08,mobile_app,completed
5579,406,3,2025-08-31,marketplace,cancelled
5580,232,3,2026-06-06,marketplace,cancelled
5581,358,3,2026-03-13,marketplace,completed
5582,1,8,2026-05-18,marketplace,completed
5583,548,2,2026-08-27,mobile_app,completed
5584,275,3,2026-08-09,web,refunded
5585,94,6,2026-07-21,mobile_app,completed
5586,373,2,2026-01-07,mobile_app,completed
5587,540,8,2025-06-25,web,cancelled
5588,64,6,2026-04-28,web,refunded
5589,356,3,2025-12-09,marketplace,cancelled
5590,558,7,2026-08-01,mobile_app,completed
5591,330,6,2026-08-23,marketplace,completed
5592,361,4,2026-06-16,web,completed
5593,115,7,2025-12-16,marketplace,completed
5594,338,8,2026-08-06,mobile_app,completed
5595,286,8,2026-07-26,marketplace,completed
5596,283,3,2026-07-15,mobile_app,completed
5597,599,8,2026-06-17,mobile_app,cancelled
5598,542,4,2026-08-23,marketplace,refunded
5599,69,8,2026-04-27,web,refunded
5600,373,5,2026-08-12,web,completed
5601,139,3,2026-07-02,web,completed
5602,346,7,2026-02-18,web,completed
5603,458,1,2026-08-18,mobile_app,cancelled
5604,497,1,2025-11-25,marketplace,cancelled
5605,419,7,2026-08-14,mobile_app,completed
5606,557,3,2026-05-28,marketplace,completed
5607,451,5,2026-08-25,marketplace,cancelled
5608,116,8,2026-09-17,mobile_app,completed
5609,490,3,2026-08-20,mobile_app,completed
5610,340,6,2026-08-22,web,completed
5611,49,5,2026-03-19,marketplace,completed
5612,386,4,2026-09-05,web,cancelled
5613,37,2,2026-06-30,marketplace,completed
5614,254,4,2026-07-08,mobile_app,completed
5615,145,2,2026-02-19,marketplace,cancelled
5616,407,4,2026-05-29,web,completed
5617,170,7,2026-03-11,marketplace,completed
5618,449,4,2025-09-11,mobile_app,completed
5619,73,2,2025-10-10,marketplace,completed
5620,458,5,2026-01-23,marketplace,completed
5621,426,2,2026-08-19,marketplace,cancelled
5622,171,1,2025-09-07,marketplace,cancelled
5623,486,1,2026-07-06,mobile_app,completed
5624,347,7,2026-05-31,web,refunded
5625,369,7,2025-12-07,mobile_app,completed
5626,462,7,2026-07-25,web,completed
5627,423,5,2026-01-07,mobile_app,completed
5628,394,5,2026-07-16,marketplace,refunded
5629,532,5,2026-05-25,mobile_app,refunded
5630,55,7,2026-05-05,mobile_app,cancelled
5631,305,1,2026-09-17,web,completed
5632,412,1,2026-08-15,marketplace,refunded
5633,423,5,2025-12-01,marketplace,completed
5634,12,7,2026-09-09,web,completed
5635,244,7,2026-06-14,mobile_app,completed
5636,262,5,2026-05-02,mobile_app,completed
5637,571,8,2026-07-28,web,completed
5638,90,4,2026-08-05,mobile_app,completed
5639,459,1,2026-09-13,web,cancelled
5640,445,7,2026-06-07,mobile_app,refunded
5641,178,2,2026-05-12,mobile_app,completed
5642,1,1,2026-01-13,marketplace,refunded
5643,502,2,2026-05-11,marketplace,completed
5644,40,8,2026-09-01,mobile_app,refunded
5645,311,3,2025-11-20,mobile_app,completed
5646,463,8,2026-06-25,marketplace,refunded
5647,262,6,2026-04-21,marketplace,completed
5648,206,8,2026-04-05,web,completed
5649,223,3,2026-05-11,marketplace,completed
5650,338,5,2026-04-11,mobile_app,cancelled
5651,208,3,2026-09-04,marketplace,completed
5652,152,8,2026-03-18,marketplace,completed
5653,9,2,2026-07-21,web,completed
5654,379,1,2026-07-21,marketplace,completed
5655,31,8,2026-03-22,mobile_app,completed
5656,280,4,2026-08-07,marketplace,cancelled
5657,252,3,2025-12-21,web,completed
5658,7,2,2025-08-16,mobile_app,completed
5659,339,2,2026-08-03,mobile_app,completed
5660,360,6,2026-05-01,web,refunded
5661,593,1,2025-07-30,marketplace,refunded
5662,207,3,2026-08-20,marketplace,completed
5663,8,4,2026-06-20,web,completed
5664,75,8,2026-01-15,mobile_app,completed
5665,32,1,2026-07-20,marketplace,refunded
5666,360,5,2026-07-30,web,cancelled
5667,402,6,2026-08-19,web,completed
5668,491,5,2026-09-03,mobile_app,cancelled
5669,444,4,2025-12-06,web,completed
5670,476,5,2025-10-08,marketplace,completed
5671,501,2,2026-01-31,web,completed
5672,361,6,2026-05-06,marketplace,completed
5673,575,3,2026-05-26,web,completed
5674,96,4,2026-08-06,web,completed
5675,170,4,2026-05-27,web,completed
5676,188,8,2026-06-22,mobile_app,completed
5677,403,7,2026-03-22,web,completed
5678,252,6,2025-05-03,marketplace,completed
5679,191,4,2026-05-25,marketplace,completed
5680,9,6,2026-05-06,mobile_app,refunded
5681,166,4,2026-08-06,marketplace,completed
5682,519,4,2026-02-08,marketplace,completed
5683,344,1,2025-08-14,web,completed
5684,377,7,2026-06-04,mobile_app,completed
5685,562,5,2026-07-04,web,refunded
5686,71,1,2026-01-14,mobile_app,completed
5687,189,7,2026-05-24,web,completed
5688,136,5,2026-08-19,mobile_app,completed
5689,513,8,2026-06-01,marketplace,refunded
5690,502,2,2026-06-30,marketplace,completed
5691,56,8,2026-03-18,web,cancelled
5692,521,3,2025-11-24,web,refunded
5693,523,2,2025-09-05,mobile_app,completed
5694,422,2,2025-10-01,web,completed
5695,595,7,2026-09-05,marketplace,completed
5696,343,2,2026-08-26,web,cancelled
5697,467,3,2026-04-02,marketplace,refunded
5698,228,8,2026-06-30,marketplace,completed
5699,330,3,2026-09-06,marketplace,completed
5700,133,2,2025-12-12,mobile_app,cancelled
5701,360,5,2026-06-20,mobile_app,completed
5702,224,6,2026-09-03,web,refunded
5703,130,1,2025-06-30,web,completed
5704,557,5,2026-06-04,web,completed
5705,491,4,2026-07-24,mobile_app,completed
5706,156,2,2026-08-17,mobile_app,cancelled
5707,295,7,2026-05-15,web,refunded
5708,36,5,2026-03-26,web,refunded
5709,95,8,2026-06-15,web,cancelled
5710,433,7,2026-09-15,mobile_app,completed
5711,359,8,2025-10-05,mobile_app,completed
5712,121,2,2026-03-24,web,completed
5713,318,4,2026-06-15,marketplace,refunded
5714,415,6,2026-05-08,marketplace,refunded
5715,409,7,2026-09-14,mobile_app,completed
5716,89,7,2026-04-01,marketplace,refunded
5717,572,8,2026-04-25,mobile_app,completed
5718,110,5,2026-09-02,mobile_app,completed
5719,133,3,2026-01-20,marketplace,completed
5720,211,1,2026-04-09,mobile_app,completed
5721,525,4,2026-06-09,marketplace,completed
5722,221,6,2025-09-25,web,completed
5723,445,4,2026-08-01,web,completed
5724,120,6,2026-05-24,web,completed
5725,116,1,2026-07-31,web,completed
5726,170,4,2026-03-12,mobile_app,completed
5727,325,8,2025-08-20,web,completed
5728,369,8,2026-07-15,marketplace,completed
5729,509,1,2026-07-14,mobile_app,completed
5730,249,1,2025-11-19,mobile_app,completed
5731,3,5,2025-12-08,marketplace,completed
5732,554,4,2026-07-07,web,completed
5733,310,5,2026-03-10,web,completed
5734,224,2,2026-08-22,marketplace,completed
5735,121,4,2026-06-09,marketplace,completed
5736,189,1,2026-04-02,mobile_app,completed
5737,588,2,2026-06-30,marketplace,completed
5738,364,3,2026-09-13,marketplace,completed
5739,355,1,2026-02-01,web,completed
5740,312,2,2026-04-29,mobile_app,cancelled
5741,214,5,2026-06-22,web,completed
5742,113,4,2025-10-11,mobile_app,cancelled
5743,166,4,2025-10-04,mobile_app,completed
5744,495,2,2026-08-12,web,completed
5745,52,3,2026-08-27,mobile_app,completed
5746,23,1,2026-02-17,web,completed
5747,1,7,2026-09-05,mobile_app,refunded
5748,550,6,2026-07-31,web,completed
5749,72,5,2026-08-27,marketplace,completed
5750,171,7,2025-07-29,web,cancelled
5751,523,6,2026-08-27,web,completed
5752,463,2,2026-09-12,mobile_app,completed
5753,18,5,2026-07-28,mobile_app,completed
5754,20,6,2026-05-11,mobile_app,completed
5755,334,3,2026-04-03,web,completed
5756,549,2,2026-05-19,mobile_app,cancelled
5757,422,1,2025-10-13,web,completed
5758,326,3,2026-05-24,marketplace,completed
5759,288,3,2026-08-20,web,completed
5760,195,4,2026-07-07,web,refunded
5761,329,5,2025-11-16,mobile_app,cancelled
5762,325,3,2026-03-22,web,refunded
5763,116,3,2026-08-07,web,completed
5764,402,3,2026-08-17,marketplace,completed
5765,365,8,2026-08-05,mobile_app,completed
5766,497,5,2026-01-24,web,cancelled
5767,151,7,2026-01-10,mobile_app,completed
5768,13,1,2025-11-11,web,completed
5769,379,8,2026-06-20,mobile_app,refunded
5770,162,5,2026-05-29,mobile_app,completed
5771,100,4,2026-01-29,marketplace,cancelled
5772,117,4,2025-11-28,mobile_app,completed
5773,192,3,2025-12-05,marketplace,completed
5774,35,8,2025-10-08,marketplace,cancelled
5775,496,5,2026-02-20,mobile_app,cancelled
5776,239,4,2026-03-27,mobile_app,completed
5777,152,4,2026-01-18,web,cancelled
5778,423,7,2026-01-11,marketplace,refunded
5779,415,2,2026-06-18,marketplace,refunded
5780,282,5,2025-07-30,web,completed
5781,533,3,2026-07-02,web,refunded
5782,83,3,2026-09-10,mobile_app,refunded
5783,126,8,2026-03-11,mobile_app,completed
5784,220,6,2026-08-13,marketplace,refunded
5785,375,5,2026-09-06,mobile_app,completed
5786,585,1,2026-03-18,mobile_app,completed
5787,217,1,2025-08-20,web,completed
5788,461,1,2026-02-03,marketplace,refunded
5789,150,7,2025-08-01,web,completed
5790,486,3,2026-07-24,web,refunded
5791,90,3,2026-09-09,marketplace,cancelled
5792,275,5,2026-09-14,web,completed
5793,567,8,2026-08-27,mobile_app,completed
5794,157,6,2026-07-24,marketplace,completed
5795,125,2,2026-09-16,web,completed
5796,308,8,2025-12-11,marketplace,completed
5797,4,4,2025-08-31,marketplace,completed
5798,463,7,2026-09-08,marketplace,completed
5799,347,5,2026-09-19,marketplace,completed
5800,520,6,2026-07-14,web,completed
5801,378,5,2025-10-11,web,completed
5802,380,7,2026-08-20,web,refunded
5803,65,7,2025-09-11,marketplace,completed
5804,486,6,2026-05-12,web,refunded
5805,413,2,2026-07-15,web,completed
5806,117,5,2026-03-03,mobile_app,completed
5807,385,6,2026-09-14,mobile_app,completed
5808,116,4,2026-09-10,mobile_app,cancelled
5809,529,6,2026-09-08,marketplace,completed
5810,535,6,2026-05-05,mobile_app,completed
5811,53,6,2026-02-22,web,completed
5812,141,5,2026-01-25,mobile_app,refunded
5813,444,6,2026-09-11,web,cancelled
5814,469,1,2025-11-16,marketplace,completed
5815,242,6,2026-07-05,mobile_app,completed
5816,36,2,2026-04-20,web,refunded
5817,116,5,2026-09-20,mobile_app,cancelled
5818,583,8,2026-09-13,mobile_app,completed
5819,127,7,2026-07-17,web,completed
5820,586,6,2025-07-22,web,completed
5821,406,6,2026-04-15,marketplace,completed
5822,28,5,2026-07-18,mobile_app,completed
5823,596,1,2026-06-05,marketplace,cancelled
5824,237,7,2026-01-06,marketplace,completed
5825,454,6,2026-07-04,web,completed
5826,347,8,2026-07-27,mobile_app,completed
5827,157,5,2026-08-29,web,cancelled
5828,365,2,2026-07-20,mobile_app,refunded
5829,223,2,2026-07-26,web,completed
5830,214,1,2026-06-11,marketplace,completed
5831,401,4,2026-01-04,marketplace,completed
5832,101,3,2026-08-23,web,completed
5833,571,3,2026-05-08,web,completed
5834,165,6,2026-09-09,marketplace,completed
5835,5,1,2026-07-16,mobile_app,completed
5836,120,8,2026-04-01,marketplace,completed
5837,41,2,2026-08-28,web,refunded
5838,191,4,2026-05-01,web,completed
5839,594,2,2026-02-18,marketplace,refunded
5840,160,7,2026-04-15,web,completed
5841,406,8,2026-05-12,marketplace,refunded
5842,74,4,2026-08-12,marketplace,completed
5843,297,7,2026-07-16,mobile_app,completed
5844,53,3,2025-11-06,web,refunded
5845,122,2,2026-04-18,web,refunded
5846,138,8,2026-01-17,marketplace,completed
5847,476,6,2026-04-16,marketplace,completed
5848,7,1,2025-07-07,marketplace,completed
5849,570,1,2025-07-28,mobile_app,completed
5850,151,2,2025-09-14,web,completed
5851,260,6,2026-07-10,web,completed
5852,299,1,2026-05-12,marketplace,completed
5853,189,2,2026-08-20,mobile_app,completed
5854,172,3,2026-06-07,marketplace,refunded
5855,453,8,2025-12-17,marketplace,completed
5856,42,3,2025-08-25,marketplace,refunded
5857,465,2,2026-09-16,mobile_app,completed
5858,592,4,2026-01-01,marketplace,refunded
5859,377,3,2026-08-10,mobile_app,completed
5860,169,4,2026-06-11,mobile_app,refunded
5861,206,1,2026-01-19,mobile_app,completed
5862,418,8,2026-05-31,web,completed
5863,550,6,2026-07-17,mobile_app,cancelled
5864,176,3,2026-08-25,marketplace,cancelled
5865,595,1,2026-08-27,web,completed
5866,544,8,2026-09-08,marketplace,refunded
5867,264,7,2026-09-13,mobile_app,refunded
5868,174,8,2026-09-16,marketplace,completed
5869,205,7,2025-11-01,web,completed
5870,25,6,2025-07-29,mobile_app,completed
5871,584,1,2026-08-28,marketplace,completed
5872,229,8,2026-04-03,marketplace,refunded
5873,592,8,2026-05-20,marketplace,cancelled
5874,107,6,2026-08-16,mobile_app,cancelled
5875,139,2,2026-05-12,mobile_app,refunded
5876,212,2,2025-09-05,web,completed
5877,39,5,2026-08-18,mobile_app,completed
5878,298,8,2026-08-24,web,completed
5879,158,8,2025-10-29,web,completed
5880,161,4,2026-07-06,web,completed
5881,458,6,2026-09-17,web,completed
5882,143,2,2025-10-19,mobile_app,completed
5883,252,1,2026-06-18,marketplace,completed
5884,331,6,2026-06-05,web,completed
5885,178,6,2026-08-15,marketplace,completed
5886,88,1,2026-07-08,web,completed
5887,313,8,2026-06-07,marketplace,completed
5888,141,5,2026-03-01,web,completed
5889,322,3,2026-05-04,web,refunded
5890,269,1,2025-11-13,marketplace,completed
5891,62,7,2026-06-13,mobile_app,cancelled
5892,374,3,2026-09-09,web,refunded
5893,175,1,2026-08-17,marketplace,refunded
5894,217,7,2026-06-28,marketplace,completed
5895,106,7,2026-08-20,marketplace,cancelled
5896,146,2,2026-03-26,marketplace,refunded
5897,405,3,2026-09-20,mobile_app,completed
5898,23,1,2026-08-30,web,completed
5899,50,5,2026-06-19,web,cancelled
5900,500,8,2026-01-22,mobile_app,completed
5901,557,5,2026-08-03,mobile_app,cancelled
5902,333,5,2026-08-16,web,completed
5903,14,6,2026-08-21,web,refunded
5904,534,1,2026-08-06,marketplace,refunded
5905,137,5,2026-06-12,web,completed
5906,434,4,2026-07-17,marketplace,completed
5907,39,4,2026-05-25,marketplace,completed
5908,251,8,2026-09-10,mobile_app,refunded
5909,242,4,2026-08-11,web,completed
5910,273,4,2026-07-07,web,completed
5911,530,5,2025-12-08,mobile_app,completed
5912,5,7,2026-06-28,mobile_app,cancelled
5913,175,6,2026-06-09,marketplace,cancelled
5914,209,4,2026-06-18,marketplace,completed
5915,92,4,2026-03-01,marketplace,completed
5916,364,5,2026-09-17,marketplace,completed
5917,112,1,2026-07-17,mobile_app,completed
5918,175,5,2026-08-22,mobile_app,completed
5919,280,6,2026-05-03,marketplace,completed
5920,324,6,2026-06-29,marketplace,refunded
5921,439,7,2026-04-01,mobile_app,completed
5922,458,6,2026-04-11,marketplace,completed
5923,367,3,2026-04-15,marketplace,completed
5924,488,8,2026-06-28,mobile_app,refunded
5925,24,4,2026-02-15,marketplace,completed
5926,218,3,2026-03-29,web,completed
5927,7,5,2026-06-06,mobile_app,refunded
5928,128,6,2026-08-21,mobile_app,completed
5929,457,3,2026-07-18,web,refunded
5930,424,1,2026-05-31,marketplace,completed
5931,99,8,2026-05-14,mobile_app,completed
5932,15,5,2026-04-27,mobile_app,completed
5933,109,8,2026-05-03,web,completed
5934,194,3,2026-06-26,mobile_app,completed
5935,304,1,2026-05-09,web,cancelled
5936,450,7,2026-04-30,web,completed
5937,575,4,2026-03-11,mobile_app,completed
5938,537,3,2025-12-12,mobile_app,completed
5939,119,2,2026-04-24,marketplace,cancelled
5940,312,1,2026-01-27,mobile_app,completed
5941,205,2,2026-08-19,mobile_app,cancelled
5942,568,8,2026-09-10,mobile_app,refunded
5943,291,8,2026-09-19,web,refunded
5944,432,2,2026-07-09,mobile_app,cancelled
5945,567,6,2026-09-07,web,refunded
5946,600,2,2026-06-04,web,refunded
5947,252,2,2025-06-05,marketplace,completed
5948,487,8,2026-04-24,web,refunded
5949,176,7,2026-02-18,marketplace,completed
5950,135,4,2026-05-08,marketplace,completed
5951,38,4,2025-12-06,marketplace,refunded
5952,295,5,2026-03-14,mobile_app,completed
5953,215,5,2026-01-09,mobile_app,refunded
5954,292,7,2026-09-07,marketplace,completed
5955,371,4,2025-10-08,mobile_app,completed
5956,24,6,2025-11-28,marketplace,completed
5957,520,8,2026-02-22,marketplace,cancelled
5958,88,3,2026-07-01,web,completed
5959,153,2,2026-08-16,marketplace,completed
5960,14,7,2026-08-23,web,completed
5961,476,4,2026-05-03,mobile_app,completed
5962,156,6,2025-11-06,web,completed
5963,557,6,2026-06-11,marketplace,cancelled
5964,454,3,2026-04-02,mobile_app,completed
5965,183,7,2026-08-16,mobile_app,completed
5966,395,3,2026-02-11,mobile_app,refunded
5967,235,5,2026-04-18,marketplace,refunded
5968,196,4,2026-03-20,marketplace,completed
5969,96,2,2026-02-14,web,completed
5970,350,8,2026-06-22,marketplace,cancelled
5971,559,2,2025-09-01,mobile_app,completed
5972,336,3,2026-06-07,mobile_app,completed
5973,218,2,2026-03-31,marketplace,completed
5974,560,3,2026-09-20,marketplace,refunded
5975,158,6,2026-02-08,marketplace,completed
5976,179,2,2026-09-03,web,refunded
5977,85,8,2025-12-22,web,completed
5978,45,6,2026-09-07,web,completed
5979,74,1,2026-08-20,marketplace,completed
5980,501,2,2026-05-26,marketplace,cancelled
5981,99,3,2026-01-07,mobile_app,refunded
5982,450,5,2026-08-10,web,completed
5983,464,1,2026-08-30,marketplace,completed
5984,214,1,2026-07-16,web,completed
5985,106,5,2026-08-16,marketplace,cancelled
5986,155,3,2025-10-01,web,completed
5987,580,7,2026-08-09,mobile_app,refunded
5988,562,6,2026-06-04,web,completed
5989,341,5,2026-06-06,marketplace,completed
5990,334,1,2026-05-17,marketplace,completed
5991,357,7,2025-12-11,web,cancelled
5992,284,8,2025-11-10,mobile_app,completed
5993,92,8,2025-12-07,mobile_app,completed
5994,590,4,2026-08-18,web,completed
5995,384,3,2026-02-12,mobile_app,completed
5996,424,2,2026-07-19,web,completed
5997,180,4,2026-07-18,mobile_app,completed
5998,570,5,2026-04-28,web,completed
5999,55,7,2026-08-17,web,completed
6000,92,1,2026-09-13,marketplace,completed
