order_item_id,order_id,product_id,quantity,unit_price_cents,discount_pct
1,1,143,2,3379,0
2,1,97,3,31743,0
3,2,105,1,5388,10
4,2,32,2,34048,15
5,2,71,2,6424,0
6,2,70,1,23703,0
7,2,122,1,5675,5
8,3,92,3,1168,0
9,3,18,2,69910,20
10,3,148,1,23262,15
11,4,64,1,11154,0
12,4,134,3,3277,10
13,5,18,2,69910,5
14,6,35,2,3958,15
15,7,49,1,5982,10
16,7,36,1,6799,0
17,7,118,1,2198,0
18,7,136,2,18015,15
19,7,16,1,11167,0
20,8,149,1,21714,15
21,8,74,2,5168,10
22,9,42,1,12253,0
23,9,46,3,24848,20
24,9,90,3,2547,0
25,9,12,3,8038,0
26,9,8,3,7533,5
27,10,131,2,18705,5
28,10,66,1,14182,15
29,10,109,1,7325,0
30,11,39,1,11179,20
31,11,84,2,13163,10
32,11,85,3,96244,0
33,11,92,2,1168,0
34,11,108,2,83584,0
35,12,104,1,1014,20
36,12,115,2,3558,10
37,12,67,3,1118,0
38,13,135,2,4575,10
39,13,6,2,2386,0
40,13,25,1,21576,10
41,14,77,2,16368,0
42,14,145,2,2749,15
43,14,3,2,4862,20
44,14,29,2,5679,0
45,15,77,3,16368,0
46,15,20,3,12448,15
47,15,104,3,1014,0
48,15,137,1,98300,0
49,15,123,2,5135,0
50,16,138,1,5435,0
51,16,108,3,83584,0
52,16,136,2,18015,10
53,16,12,2,8038,0
54,16,13,3,6575,10
55,17,80,3,25826,5
56,17,90,3,2547,10
57,17,137,2,98300,5
58,17,138,1,5435,0
59,18,129,2,22197,15
60,19,46,3,24848,0
61,19,142,1,7481,10
62,19,103,3,5734,0
63,19,40,1,8292,0
64,20,111,3,5235,5
65,20,136,3,18015,15
66,21,130,2,3932,0
67,21,142,2,7481,10
68,21,101,2,104734,10
69,22,80,3,25826,0
70,22,60,3,87675,15
71,22,77,2,16368,0
72,23,147,2,7155,5
73,24,92,2,1168,15
74,25,38,1,61947,0
75,25,29,3,5679,10
76,25,65,1,4314,15
77,26,27,1,5124,5
78,26,38,3,61947,5
79,26,2,2,4027,15
80,26,148,1,23262,20
81,27,63,1,32668,0
82,27,144,2,6276,20
83,27,11,2,12063,0
84,27,47,3,26189,20
85,27,112,2,8812,0
86,28,124,2,802,0
87,28,147,3,7155,5
88,28,142,2,7481,0
89,29,50,2,76133,10
90,29,4,3,9654,20
91,29,90,1,2547,0
92,30,50,1,76133,5
93,31,122,2,5675,0
94,31,72,3,56852,15
95,32,17,2,22827,0
96,32,32,1,34048,5
97,33,59,3,11729,10
98,33,37,2,13473,5
99,33,130,3,3932,10
100,33,42,2,12253,20
101,33,124,3,802,20
102,34,143,1,3379,20
103,34,96,3,31762,10
104,34,21,1,22149,10
105,34,30,3,64462,0
106,35,133,3,7704,5
107,35,25,1,21576,5
108,36,82,1,20813,15
109,36,6,1,2386,10
110,36,107,1,2852,0
111,36,69,2,1763,0
112,37,77,2,16368,0
113,38,122,1,5675,15
114,38,101,2,104734,0
115,38,22,1,7737,10
116,38,146,2,2879,10
117,39,126,3,44365,5
118,39,147,1,7155,0
119,39,116,2,49805,0
120,40,5,1,12605,10
121,40,65,1,4314,5
122,40,55,3,11943,15
123,40,19,3,8855,20
124,41,146,1,2879,0
125,41,58,3,5881,0
126,42,86,1,5085,5
127,42,64,2,11154,0
128,42,81,1,1827,10
129,42,39,3,11179,15
130,42,141,1,20886,15
131,43,142,1,7481,0
132,43,85,2,96244,0
133,43,112,3,8812,5
134,43,110,1,1902,20
135,44,111,2,5235,10
136,45,22,1,7737,10
137,45,123,3,5135,20
138,45,99,1,10798,0
139,46,58,1,5881,20
140,46,130,2,3932,0
141,47,66,3,14182,0
142,47,55,2,11943,5
143,47,107,2,2852,10
144,47,65,3,4314,0
145,48,128,2,8256,0
146,49,5,3,12605,10
147,49,70,3,23703,15
148,50,66,2,14182,20
149,50,135,2,4575,15
150,50,148,3,23262,15
151,50,90,2,2547,5
152,51,17,1,22827,5
153,51,142,1,7481,20
154,51,9,3,10988,0
155,51,21,1,22149,15
156,51,14,1,34891,0
157,52,131,3,18705,5
158,52,132,1,29436,0
159,52,5,3,12605,15
160,52,2,2,4027,10
161,52,144,2,6276,0
162,53,142,1,7481,0
163,54,22,3,7737,0
164,54,100,3,10475,0
165,54,109,2,7325,15
166,54,125,1,106692,15
167,55,16,2,11167,20
168,55,3,2,4862,15
169,55,46,2,24848,10
170,55,23,1,12370,10
171,56,21,3,22149,0
172,57,56,3,39996,0
173,58,146,3,2879,15
174,58,88,1,2914,10
175,58,104,3,1014,0
176,58,38,1,61947,0
177,59,107,2,2852,0
178,59,87,2,6253,10
179,59,8,2,7533,5
180,59,73,1,4391,15
181,59,123,3,5135,15
182,60,23,2,12370,0
183,61,85,1,96244,0
184,61,96,2,31762,0
185,61,29,2,5679,0
186,61,25,1,21576,0
187,62,24,2,22479,10
188,63,78,2,25106,5
189,64,46,2,24848,5
190,64,103,1,5734,0
191,64,38,1,61947,5
192,64,72,2,56852,5
193,64,81,2,1827,5
194,65,53,2,6141,0
195,65,125,2,106692,0
196,65,29,3,5679,5
197,65,37,2,13473,5
198,66,54,1,23925,5
199,66,130,2,3932,0
200,66,84,3,13163,15
201,67,106,3,8943,0
202,67,97,3,31743,10
203,67,31,1,18801,15
204,68,120,3,22987,0
205,68,78,2,25106,15
206,69,116,1,49805,5
207,69,101,3,104734,5
208,70,96,3,31762,20
209,71,94,3,24419,10
210,71,45,1,4793,10
211,72,27,2,5124,0
212,73,106,1,8943,0
213,73,126,1,44365,5
214,73,136,1,18015,0
215,74,91,3,4612,5
216,74,124,2,802,5
217,74,55,1,11943,5
218,75,6,2,2386,15
219,76,149,2,21714,10
220,76,43,2,69132,5
221,77,107,3,2852,5
222,77,8,2,7533,0
223,77,53,3,6141,0
224,77,123,1,5135,0
225,78,53,2,6141,15
226,78,125,2,106692,10
227,78,31,3,18801,0
228,79,125,3,106692,10
229,79,47,1,26189,15
230,79,80,1,25826,0
231,80,138,2,5435,10
232,80,105,1,5388,10
233,81,133,1,7704,0
234,81,77,2,16368,20
235,82,37,3,13473,5
236,82,52,2,10374,15
237,82,104,2,1014,5
238,82,137,3,98300,20
239,83,9,3,10988,0
240,83,74,1,5168,20
241,83,60,2,87675,10
242,84,97,1,31743,5
243,84,146,1,2879,15
244,84,12,3,8038,20
245,84,120,1,22987,0
246,84,147,1,7155,5
247,85,64,1,11154,20
248,86,38,2,61947,10
249,86,55,3,11943,0
250,86,17,2,22827,15
251,86,93,2,44770,0
252,86,144,3,6276,0
253,87,74,3,5168,0
254,88,133,2,7704,5
255,88,39,1,11179,15
256,88,72,1,56852,5
257,88,112,3,8812,15
258,89,87,3,6253,15
259,89,1,3,22303,0
260,89,25,1,21576,20
261,89,125,3,106692,5
262,90,76,3,21281,0
263,90,90,3,2547,20
264,90,148,2,23262,20
265,91,43,2,69132,5
266,92,43,3,69132,0
267,92,74,2,5168,0
268,92,25,2,21576,15
269,93,117,3,16602,0
270,93,25,1,21576,0
271,94,3,3,4862,0
272,94,91,2,4612,0
273,94,32,1,34048,5
274,94,116,1,49805,15
275,95,37,3,13473,0
276,95,39,3,11179,15
277,95,19,1,8855,5
278,95,143,2,3379,15
279,96,27,1,5124,20
280,97,38,3,61947,0
281,97,67,1,1118,10
282,97,74,3,5168,10
283,98,138,1,5435,5
284,98,51,2,17314,0
285,98,106,1,8943,5
286,98,79,3,7718,10
287,98,15,1,4792,10
288,99,115,1,3558,0
289,99,97,3,31743,0
290,99,147,1,7155,0
291,99,47,1,26189,0
292,99,128,1,8256,20
293,100,23,1,12370,0
294,100,145,1,2749,10
295,100,42,1,12253,20
296,100,75,1,15710,10
297,101,65,2,4314,0
298,101,16,2,11167,10
299,101,66,3,14182,0
300,101,24,2,22479,15
301,102,44,2,35472,0
302,103,35,1,3958,0
303,103,72,2,56852,0
304,103,32,3,34048,0
305,104,96,1,31762,0
306,104,16,1,11167,10
307,104,135,3,4575,15
308,104,45,1,4793,0
309,104,99,3,10798,10
310,105,128,2,8256,5
311,106,60,3,87675,0
312,106,86,2,5085,20
313,106,67,1,1118,10
314,106,112,2,8812,0
315,107,127,2,7024,20
316,108,54,3,23925,10
317,108,78,1,25106,5
318,108,81,2,1827,10
319,109,110,1,1902,0
320,110,101,3,104734,15
321,111,17,1,22827,0
322,111,39,3,11179,5
323,111,75,3,15710,0
324,111,25,2,21576,15
325,112,21,1,22149,0
326,112,17,2,22827,20
327,112,119,2,5947,20
328,112,36,2,6799,15
329,113,37,1,13473,0
330,113,29,1,5679,5
331,114,82,1,20813,0
332,114,126,3,44365,0
333,114,71,3,6424,15
334,114,32,3,34048,0
335,115,139,1,36748,0
336,115,14,2,34891,20
337,115,80,2,25826,10
338,115,70,3,23703,10
339,116,17,1,22827,0
340,117,70,3,23703,5
341,117,21,1,22149,0
342,117,6,2,2386,0
343,117,18,1,69910,5
344,117,53,1,6141,0
345,118,103,3,5734,5
346,119,122,3,5675,10
347,119,41,3,62050,0
348,119,9,3,10988,0
349,120,75,2,15710,0
350,121,5,2,12605,0
351,121,103,3,5734,10
352,121,95,2,5785,5
353,121,130,2,3932,0
354,121,147,1,7155,0
355,122,143,1,3379,0
356,122,95,3,5785,0
357,122,63,2,32668,10
358,122,43,3,69132,0
359,123,48,3,4231,0
360,123,64,3,11154,15
361,124,39,1,11179,5
362,124,51,1,17314,0
363,124,134,1,3277,0
364,124,146,3,2879,0
365,124,83,1,4219,10
366,125,48,1,4231,0
367,125,86,3,5085,15
368,125,17,1,22827,20
369,126,107,2,2852,0
370,126,27,1,5124,0
371,126,90,3,2547,5
372,127,47,1,26189,15
373,127,101,1,104734,15
374,127,82,3,20813,5
375,127,79,3,7718,0
376,127,35,1,3958,10
377,128,28,1,5795,0
378,128,135,2,4575,0
379,128,39,3,11179,0
380,128,88,3,2914,15
381,128,21,3,22149,15
382,129,93,2,44770,20
383,130,45,2,4793,10
384,130,111,2,5235,0
385,130,134,2,3277,20
386,130,101,3,104734,15
387,131,85,2,96244,0
388,132,148,1,23262,0
389,133,43,1,69132,0
390,133,15,2,4792,15
391,133,27,3,5124,15
392,133,88,3,2914,10
393,134,106,3,8943,10
394,135,79,3,7718,15
395,136,22,2,7737,20
396,136,129,2,22197,5
397,136,31,2,18801,15
398,137,103,2,5734,0
399,137,99,2,10798,5
400,137,50,2,76133,0
401,138,23,3,12370,0
402,139,105,3,5388,5
403,140,129,1,22197,5
404,140,80,3,25826,0
405,141,47,1,26189,0
406,141,45,2,4793,0
407,141,57,3,43577,5
408,141,52,1,10374,20
409,142,107,3,2852,5
410,142,149,1,21714,20
411,142,87,3,6253,10
412,142,74,3,5168,10
413,143,27,2,5124,0
414,143,29,2,5679,15
415,143,77,2,16368,10
416,143,145,3,2749,5
417,143,92,1,1168,0
418,144,88,2,2914,0
419,144,64,1,11154,0
420,144,14,2,34891,0
421,144,129,2,22197,20
422,145,121,3,31449,5
423,145,86,3,5085,15
424,145,72,1,56852,0
425,146,140,1,13494,0
426,146,100,2,10475,15
427,146,16,3,11167,5
428,146,139,1,36748,20
429,147,67,1,1118,5
430,148,126,3,44365,0
431,148,137,3,98300,0
432,148,107,1,2852,0
433,149,93,2,44770,0
434,149,92,2,1168,0
435,149,44,1,35472,20
436,149,70,3,23703,20
437,149,25,1,21576,20
438,150,139,1,36748,15
439,150,6,1,2386,10
440,150,3,1,4862,0
441,150,129,2,22197,10
442,151,68,3,21251,10
443,151,58,3,5881,5
444,151,127,3,7024,0
445,151,81,1,1827,10
446,152,131,1,18705,0
447,153,51,1,17314,0
448,153,41,3,62050,5
449,153,140,3,13494,0
450,154,109,2,7325,15
451,154,105,3,5388,0
452,154,11,3,12063,10
453,154,51,3,17314,20
454,155,49,3,5982,0
455,155,79,3,7718,20
456,155,26,3,19472,20
457,155,128,1,8256,15
458,155,35,2,3958,15
459,156,100,2,10475,20
460,156,70,1,23703,5
461,156,79,1,7718,20
462,157,136,3,18015,5
463,157,32,3,34048,0
464,158,91,3,4612,5
465,158,110,1,1902,0
466,159,84,1,13163,5
467,159,16,2,11167,0
468,160,119,2,5947,5
469,160,117,2,16602,5
470,161,143,3,3379,0
471,161,51,3,17314,15
472,161,5,1,12605,0
473,162,82,2,20813,5
474,162,45,3,4793,10
475,162,18,3,69910,10
476,162,13,2,6575,5
477,162,80,3,25826,0
478,163,5,1,12605,15
479,163,62,1,12613,10
480,163,60,3,87675,0
481,163,36,1,6799,0
482,164,14,2,34891,5
483,164,29,1,5679,10
484,164,6,2,2386,5
485,164,31,3,18801,0
486,164,112,1,8812,15
487,165,73,3,4391,10
488,165,38,1,61947,0
489,165,115,1,3558,20
490,165,28,1,5795,5
491,165,138,1,5435,10
492,166,79,2,7718,0
493,166,44,3,35472,5
494,166,12,2,8038,0
495,166,148,1,23262,0
496,167,138,1,5435,15
497,168,126,1,44365,20
498,168,14,1,34891,20
499,168,27,2,5124,0
500,169,38,3,61947,15
501,170,25,1,21576,0
502,170,100,2,10475,5
503,170,91,2,4612,0
504,171,30,3,64462,15
505,171,36,1,6799,20
506,172,49,3,5982,20
507,172,103,3,5734,0
508,172,95,2,5785,5
509,172,8,1,7533,5
510,173,60,2,87675,15
511,173,90,3,2547,0
512,173,140,2,13494,0
513,173,141,3,20886,15
514,173,26,3,19472,5
515,174,137,2,98300,20
516,174,128,1,8256,0
517,175,60,1,87675,5
518,175,148,2,23262,20
519,175,101,3,104734,5
520,175,109,1,7325,20
521,175,64,2,11154,5
522,176,111,1,5235,20
523,176,11,3,12063,10
524,176,148,3,23262,0
525,176,1,3,22303,10
526,177,60,2,87675,0
527,178,31,2,18801,0
528,178,26,3,19472,20
529,178,59,2,11729,10
530,178,1,3,22303,0
531,179,29,1,5679,20
532,179,69,2,1763,0
533,179,53,2,6141,20
534,179,51,1,17314,15
535,180,34,2,19613,0
536,180,123,3,5135,15
537,180,125,1,106692,10
538,180,137,2,98300,20
539,180,37,3,13473,5
540,181,28,3,5795,10
541,181,105,3,5388,0
542,182,91,1,4612,5
543,182,79,3,7718,15
544,182,123,3,5135,10
545,182,37,2,13473,20
546,183,78,3,25106,0
547,183,92,3,1168,15
548,184,94,3,24419,5
549,185,141,1,20886,0
550,186,44,1,35472,20
551,186,77,1,16368,15
552,186,68,2,21251,0
553,187,60,3,87675,15
554,187,105,1,5388,5
555,187,64,2,11154,5
556,187,138,3,5435,0
557,187,77,3,16368,0
558,188,147,2,7155,5
559,188,53,1,6141,15
560,188,52,1,10374,0
561,189,75,3,15710,20
562,189,71,2,6424,0
563,189,36,2,6799,5
564,189,44,3,35472,0
565,190,81,3,1827,0
566,190,133,3,7704,0
567,190,148,1,23262,10
568,190,95,1,5785,20
569,190,20,3,12448,0
570,191,57,2,43577,0
571,191,88,2,2914,0
572,192,122,1,5675,15
573,192,65,2,4314,5
574,192,66,1,14182,5
575,193,139,2,36748,0
576,193,138,2,5435,15
577,193,122,1,5675,0
578,194,2,1,4027,0
579,194,18,3,69910,20
580,194,56,3,39996,15
581,194,57,2,43577,15
582,194,116,1,49805,15
583,195,20,1,12448,0
584,196,105,2,5388,0
585,196,123,2,5135,15
586,196,109,1,7325,10
587,196,118,1,2198,15
588,197,29,2,5679,5
589,197,78,2,25106,20
590,197,81,3,1827,0
591,197,24,2,22479,0
592,197,76,3,21281,0
593,198,80,1,25826,10
594,198,100,3,10475,0
595,199,23,2,12370,15
596,199,82,3,20813,0
597,199,56,1,39996,0
598,199,92,1,1168,10
599,199,57,2,43577,0
600,200,148,2,23262,0
601,200,20,1,12448,15
602,200,78,3,25106,5
603,200,19,2,8855,0
604,201,132,3,29436,15
605,201,123,2,5135,15
606,201,88,3,2914,0
607,202,84,1,13163,20
608,203,37,2,13473,5
609,203,88,2,2914,20
610,203,130,2,3932,5
611,204,145,2,2749,15
612,204,53,3,6141,0
613,205,109,3,7325,10
614,205,57,2,43577,15
615,205,11,1,12063,0
616,205,149,2,21714,0
617,205,70,3,23703,15
618,206,136,3,18015,15
619,206,3,1,4862,20
620,206,65,3,4314,0
621,207,95,1,5785,0
622,207,12,2,8038,0
623,207,59,1,11729,0
624,207,132,3,29436,0
625,208,86,1,5085,15
626,209,47,2,26189,5
627,209,101,1,104734,10
628,209,97,2,31743,0
629,209,21,2,22149,5
630,209,140,2,13494,10
631,210,75,2,15710,10
632,210,57,3,43577,20
633,210,41,1,62050,15
634,210,50,1,76133,5
635,210,43,2,69132,15
636,211,44,1,35472,10
637,211,111,3,5235,0
638,211,6,1,2386,15
639,211,66,3,14182,0
640,211,13,3,6575,0
641,212,5,2,12605,10
642,212,76,2,21281,20
643,212,23,2,12370,0
644,212,58,1,5881,20
645,213,71,1,6424,5
646,213,45,2,4793,0
647,213,91,1,4612,0
648,213,124,1,802,10
649,213,19,3,8855,15
650,214,11,2,12063,15
651,214,144,1,6276,10
652,214,136,3,18015,20
653,214,32,1,34048,20
654,214,25,3,21576,15
655,215,117,3,16602,20
656,215,62,3,12613,20
657,215,131,3,18705,10
658,215,103,1,5734,5
659,215,93,1,44770,0
660,216,147,3,7155,15
661,216,110,1,1902,10
662,216,69,3,1763,0
663,216,51,3,17314,0
664,216,2,2,4027,15
665,217,68,3,21251,0
666,217,70,3,23703,0
667,217,145,3,2749,5
668,217,116,1,49805,5
669,218,131,3,18705,0
670,218,68,3,21251,0
671,218,82,3,20813,0
672,218,92,2,1168,20
673,218,107,3,2852,0
674,219,15,1,4792,5
675,219,44,3,35472,5
676,219,105,1,5388,0
677,219,2,2,4027,0
678,219,25,2,21576,0
679,220,77,1,16368,0
680,220,16,3,11167,20
681,220,47,3,26189,0
682,220,134,1,3277,0
683,220,120,3,22987,10
684,221,1,1,22303,0
685,221,43,2,69132,0
686,222,25,3,21576,0
687,223,52,1,10374,5
688,223,124,3,802,0
689,223,109,3,7325,0
690,223,2,3,4027,0
691,223,70,2,23703,0
692,224,101,2,104734,15
693,224,131,2,18705,10
694,224,66,1,14182,5
695,224,90,1,2547,0
696,225,84,2,13163,10
697,225,111,3,5235,0
698,226,21,2,22149,0
699,226,149,2,21714,0
700,226,48,3,4231,0
701,227,64,2,11154,0
702,227,65,1,4314,0
703,228,134,3,3277,0
704,229,134,1,3277,20
705,229,74,3,5168,0
706,229,133,2,7704,0
707,230,9,2,10988,0
708,230,136,3,18015,10
709,230,92,2,1168,0
710,230,106,3,8943,0
711,230,47,1,26189,15
712,231,70,2,23703,5
713,231,50,3,76133,0
714,231,148,2,23262,0
715,231,71,2,6424,5
716,231,64,1,11154,5
717,232,36,1,6799,15
718,232,62,2,12613,20
719,233,129,1,22197,5
720,233,3,2,4862,0
721,234,14,3,34891,0
722,234,107,1,2852,0
723,234,27,2,5124,5
724,235,69,2,1763,0
725,235,92,2,1168,20
726,235,6,3,2386,10
727,236,138,1,5435,5
728,236,132,3,29436,0
729,236,122,2,5675,15
730,237,109,1,7325,0
731,237,20,2,12448,15
732,237,22,2,7737,15
733,237,44,2,35472,10
734,237,91,3,4612,5
735,238,141,1,20886,0
736,238,123,3,5135,0
737,238,111,3,5235,0
738,238,45,3,4793,15
739,238,50,3,76133,0
740,239,148,3,23262,20
741,239,15,1,4792,0
742,239,7,2,1137,10
743,239,107,1,2852,0
744,240,36,1,6799,0
745,240,142,1,7481,15
746,241,73,1,4391,10
747,241,148,3,23262,5
748,241,121,3,31449,15
749,241,37,3,13473,10
750,241,146,2,2879,10
751,242,24,2,22479,0
752,242,121,2,31449,0
753,243,128,3,8256,5
754,243,144,2,6276,0
755,243,3,1,4862,20
756,244,100,1,10475,0
757,244,51,3,17314,15
758,244,111,3,5235,5
759,244,119,2,5947,0
760,244,107,2,2852,0
761,245,72,1,56852,0
762,245,111,1,5235,15
763,245,51,2,17314,10
764,245,19,2,8855,0
765,245,49,3,5982,10
766,246,6,1,2386,15
767,246,50,2,76133,15
768,246,28,1,5795,0
769,246,76,1,21281,0
770,246,72,1,56852,5
771,247,9,1,10988,0
772,247,88,2,2914,0
773,247,22,3,7737,5
774,247,40,1,8292,0
775,248,104,1,1014,15
776,248,121,1,31449,0
777,249,83,3,4219,10
778,249,86,3,5085,0
779,249,43,2,69132,5
780,249,12,3,8038,0
781,250,119,1,5947,0
782,250,87,2,6253,10
783,251,129,1,22197,5
784,251,42,1,12253,15
785,251,100,3,10475,0
786,251,24,3,22479,0
787,251,67,1,1118,0
788,252,63,3,32668,0
789,252,85,1,96244,15
790,252,92,2,1168,0
791,252,120,3,22987,0
792,253,146,3,2879,0
793,253,133,3,7704,0
794,253,51,2,17314,15
795,254,42,2,12253,5
796,254,123,1,5135,20
797,254,79,3,7718,10
798,254,71,2,6424,15
799,254,146,1,2879,0
800,255,105,1,5388,10
801,255,51,2,17314,0
802,255,142,2,7481,15
803,255,135,2,4575,0
804,255,149,1,21714,10
805,256,54,1,23925,5
806,257,142,1,7481,10
807,257,69,3,1763,0
808,257,14,1,34891,0
809,257,97,3,31743,5
810,258,112,1,8812,15
811,258,99,1,10798,20
812,258,16,2,11167,0
813,258,72,1,56852,10
814,258,143,1,3379,0
815,259,48,3,4231,0
816,259,112,3,8812,10
817,260,49,2,5982,10
818,260,148,2,23262,15
819,261,148,2,23262,20
820,261,87,3,6253,5
821,261,100,3,10475,0
822,262,96,2,31762,0
823,262,123,3,5135,0
824,262,122,2,5675,10
825,263,59,1,11729,20
826,263,57,3,43577,20
827,263,84,2,13163,10
828,264,38,2,61947,10
829,264,71,1,6424,0
830,265,21,2,22149,0
831,265,87,2,6253,20
832,266,103,2,5734,5
833,266,22,1,7737,20
834,266,16,1,11167,15
835,266,89,3,32102,20
836,266,93,3,44770,0
837,267,41,1,62050,15
838,267,87,3,6253,5
839,267,136,2,18015,20
840,267,59,3,11729,10
841,267,42,3,12253,0
842,268,90,2,2547,10
843,268,23,3,12370,0
844,269,36,2,6799,5
845,269,37,3,13473,10
846,269,131,1,18705,10
847,269,53,3,6141,15
848,270,24,2,22479,0
849,270,30,2,64462,0
850,270,111,2,5235,0
851,271,40,1,8292,15
852,271,120,2,22987,0
853,271,13,3,6575,20
854,271,63,1,32668,0
855,272,91,3,4612,20
856,273,145,1,2749,10
857,273,57,3,43577,20
858,274,101,3,104734,15
859,275,73,2,4391,15
860,275,15,1,4792,0
861,276,78,3,25106,5
862,277,144,3,6276,5
863,277,24,3,22479,15
864,277,50,1,76133,0
865,277,53,1,6141,10
866,278,94,3,24419,0
867,278,81,1,1827,15
868,278,64,2,11154,5
869,279,106,3,8943,5
870,279,38,3,61947,15
871,279,24,3,22479,20
872,280,88,1,2914,0
873,280,122,3,5675,0
874,280,146,3,2879,10
875,281,43,1,69132,10
876,281,85,3,96244,15
877,282,85,2,96244,5
878,283,29,1,5679,0
879,283,36,3,6799,10
880,284,63,2,32668,0
881,284,7,3,1137,20
882,285,50,2,76133,0
883,285,105,1,5388,0
884,285,133,1,7704,0
885,286,54,1,23925,0
886,286,55,2,11943,20
887,287,12,3,8038,15
888,287,103,3,5734,10
889,287,84,3,13163,10
890,287,106,3,8943,15
891,288,140,2,13494,15
892,288,145,1,2749,10
893,289,120,2,22987,5
894,289,107,1,2852,5
895,289,81,2,1827,10
896,290,25,3,21576,15
897,290,136,3,18015,0
898,290,30,2,64462,5
899,290,49,2,5982,5
900,291,68,2,21251,15
901,292,96,3,31762,20
902,292,23,3,12370,10
903,292,142,1,7481,5
904,292,104,3,1014,5
905,293,48,2,4231,0
906,293,15,2,4792,15
907,294,1,1,22303,5
908,294,68,2,21251,20
909,295,129,2,22197,5
910,295,124,1,802,10
911,296,56,3,39996,0
912,296,14,1,34891,0
913,296,50,1,76133,15
914,296,40,3,8292,20
915,296,16,3,11167,0
916,297,76,2,21281,15
917,297,48,3,4231,0
918,298,19,2,8855,5
919,298,117,1,16602,0
920,298,148,3,23262,20
921,298,18,2,69910,0
922,299,29,3,5679,15
923,300,85,3,96244,10
924,300,70,2,23703,10
925,300,142,3,7481,15
926,300,94,2,24419,5
927,300,36,1,6799,10
928,301,7,2,1137,15
929,302,89,2,32102,10
930,303,82,2,20813,10
931,304,91,1,4612,0
932,304,107,2,2852,20
933,304,8,2,7533,15
934,305,125,2,106692,5
935,305,145,2,2749,15
936,306,5,1,12605,0
937,306,56,1,39996,0
938,306,88,2,2914,15
939,306,94,3,24419,20
940,306,18,1,69910,10
941,307,9,1,10988,5
942,307,73,1,4391,0
943,307,111,2,5235,20
944,308,11,2,12063,10
945,308,54,1,23925,20
946,308,25,2,21576,10
947,309,83,3,4219,0
948,309,87,1,6253,15
949,309,39,1,11179,5
950,309,27,2,5124,15
951,309,140,3,13494,0
952,310,13,1,6575,10
953,310,28,2,5795,15
954,310,141,1,20886,0
955,310,83,1,4219,0
956,311,73,1,4391,0
957,312,93,3,44770,20
958,312,148,2,23262,10
959,312,85,1,96244,0
960,312,73,1,4391,0
961,312,39,3,11179,0
962,313,29,2,5679,0
963,314,83,3,4219,20
964,314,89,3,32102,20
965,314,53,3,6141,0
966,315,83,1,4219,0
967,315,127,3,7024,0
968,315,128,2,8256,5
969,315,63,1,32668,15
970,316,8,2,7533,5
971,316,18,2,69910,20
972,316,129,1,22197,0
973,316,30,2,64462,10
974,317,87,3,6253,15
975,318,111,2,5235,5
976,318,65,1,4314,0
977,318,66,1,14182,20
978,318,148,3,23262,10
979,318,43,2,69132,20
980,319,132,1,29436,10
981,320,109,3,7325,20
982,320,19,3,8855,20
983,320,29,2,5679,0
984,321,1,3,22303,0
985,321,40,2,8292,10
986,322,85,3,96244,20
987,322,80,3,25826,0
988,323,3,1,4862,0
989,323,138,3,5435,0
990,323,109,1,7325,15
991,323,35,3,3958,20
992,323,79,2,7718,0
993,324,103,3,5734,0
994,324,109,3,7325,0
995,324,119,2,5947,0
996,325,77,1,16368,0
997,325,35,1,3958,15
998,326,37,2,13473,20
999,326,23,3,12370,10
1000,326,38,2,61947,10
1001,326,112,1,8812,5
1002,327,60,3,87675,0
1003,327,50,3,76133,5
1004,327,116,3,49805,0
1005,328,131,3,18705,0
1006,329,75,3,15710,0
1007,329,127,1,7024,5
1008,329,140,3,13494,15
1009,329,22,3,7737,15
1010,329,141,1,20886,15
1011,330,3,2,4862,0
1012,330,128,2,8256,0
1013,330,124,1,802,0
1014,330,139,3,36748,10
1015,330,88,3,2914,0
1016,331,15,3,4792,10
1017,331,78,1,25106,0
1018,332,36,2,6799,0
1019,332,75,3,15710,0
1020,332,74,3,5168,0
1021,333,132,3,29436,20
1022,333,49,1,5982,0
1023,334,104,1,1014,10
1024,334,64,3,11154,20
1025,334,120,2,22987,0
1026,334,45,3,4793,0
1027,335,129,2,22197,15
1028,335,144,3,6276,5
1029,335,63,2,32668,0
1030,336,103,1,5734,10
1031,336,84,3,13163,0
1032,336,143,2,3379,10
1033,336,12,3,8038,20
1034,337,106,2,8943,15
1035,337,126,3,44365,0
1036,337,65,2,4314,10
1037,337,52,1,10374,15
1038,337,141,1,20886,20
1039,338,93,1,44770,0
1040,338,59,1,11729,10
1041,338,76,1,21281,0
1042,338,68,3,21251,15
1043,339,36,2,6799,5
1044,339,101,3,104734,0
1045,339,50,3,76133,5
1046,339,30,2,64462,20
1047,339,68,2,21251,15
1048,340,103,2,5734,0
1049,341,19,1,8855,15
1050,341,133,2,7704,0
1051,341,54,1,23925,10
1052,341,106,2,8943,0
1053,342,20,3,12448,15
1054,343,11,3,12063,5
1055,344,139,3,36748,20
1056,345,1,3,22303,20
1057,345,104,2,1014,0
1058,346,108,2,83584,10
1059,346,16,2,11167,0
1060,346,25,2,21576,20
1061,347,80,1,25826,15
1062,347,105,3,5388,0
1063,348,38,1,61947,0
1064,348,11,3,12063,10
1065,349,123,2,5135,20
1066,349,5,3,12605,0
1067,349,11,2,12063,0
1068,349,90,1,2547,20
1069,349,16,3,11167,15
1070,350,63,3,32668,0
1071,350,20,2,12448,10
1072,350,11,1,12063,0
1073,350,39,3,11179,15
1074,350,133,1,7704,0
1075,351,46,2,24848,10
1076,351,18,3,69910,0
1077,351,29,1,5679,20
1078,351,31,1,18801,5
1079,352,13,2,6575,0
1080,352,47,1,26189,0
1081,353,120,3,22987,0
1082,353,66,1,14182,0
1083,354,2,1,4027,0
1084,355,55,3,11943,0
1085,355,39,3,11179,5
1086,356,135,3,4575,20
1087,356,24,2,22479,0
1088,357,26,2,19472,20
1089,357,96,3,31762,15
1090,357,146,1,2879,0
1091,357,137,1,98300,0
1092,357,59,1,11729,20
1093,358,43,1,69132,15
1094,358,13,2,6575,0
1095,359,15,3,4792,0
1096,360,121,2,31449,0
1097,360,87,3,6253,15
1098,361,64,3,11154,5
1099,362,132,3,29436,5
1100,362,15,1,4792,5
1101,362,119,2,5947,0
1102,362,40,2,8292,15
1103,362,58,1,5881,15
1104,363,17,2,22827,5
1105,363,75,1,15710,20
1106,363,37,2,13473,0
1107,363,30,2,64462,10
1108,363,127,1,7024,20
1109,364,141,2,20886,0
1110,364,133,1,7704,15
1111,364,58,2,5881,15
1112,364,129,1,22197,0
1113,365,112,1,8812,0
1114,366,106,1,8943,0
1115,366,130,3,3932,20
1116,366,27,1,5124,15
1117,366,123,3,5135,5
1118,366,134,1,3277,0
1119,367,82,2,20813,5
1120,367,44,1,35472,20
1121,367,125,3,106692,5
1122,367,7,1,1137,20
1123,368,104,3,1014,0
1124,369,146,3,2879,15
1125,369,56,2,39996,0
1126,369,22,1,7737,5
1127,369,89,2,32102,5
1128,369,16,3,11167,0
1129,370,38,1,61947,10
1130,370,89,1,32102,15
1131,371,72,2,56852,0
1132,371,136,1,18015,0
1133,371,116,2,49805,5
1134,372,144,1,6276,5
1135,372,78,1,25106,0
1136,372,123,2,5135,0
1137,372,99,2,10798,0
1138,372,18,1,69910,0
1139,373,141,2,20886,5
1140,373,6,3,2386,10
1141,374,78,1,25106,0
1142,375,91,2,4612,5
1143,375,87,2,6253,10
1144,375,132,1,29436,20
1145,375,143,2,3379,0
1146,375,148,2,23262,0
1147,376,76,3,21281,0
1148,376,124,3,802,10
1149,376,45,2,4793,0
1150,377,31,2,18801,10
1151,377,12,1,8038,5
1152,378,92,2,1168,10
1153,378,40,1,8292,10
1154,378,100,2,10475,0
1155,379,42,3,12253,0
1156,379,2,3,4027,15
1157,379,147,2,7155,5
1158,380,130,1,3932,0
1159,381,122,1,5675,0
1160,381,95,1,5785,10
1161,382,23,3,12370,20
1162,383,85,2,96244,0
1163,383,138,3,5435,20
1164,383,16,2,11167,0
1165,383,96,2,31762,0
1166,384,24,1,22479,20
1167,384,58,3,5881,5
1168,384,121,3,31449,5
1169,384,112,1,8812,20
1170,384,77,3,16368,10
1171,385,18,1,69910,5
1172,385,101,3,104734,0
1173,385,24,2,22479,0
1174,386,103,3,5734,5
1175,386,78,1,25106,20
1176,387,1,1,22303,0
1177,388,133,1,7704,0
1178,388,66,2,14182,5
1179,389,70,3,23703,15
1180,389,129,3,22197,0
1181,389,32,2,34048,0
1182,389,100,3,10475,0
1183,390,15,2,4792,5
1184,390,73,3,4391,0
1185,391,49,3,5982,20
1186,391,26,1,19472,10
1187,392,26,1,19472,0
1188,392,144,1,6276,10
1189,392,94,2,24419,0
1190,393,42,1,12253,20
1191,393,136,1,18015,20
1192,394,21,2,22149,0
1193,394,31,2,18801,15
1194,394,36,2,6799,0
1195,394,5,2,12605,10
1196,395,8,1,7533,20
1197,395,32,3,34048,0
1198,395,59,3,11729,0
1199,396,21,1,22149,20
1200,397,139,3,36748,0
1201,398,3,3,4862,0
1202,398,26,3,19472,0
1203,398,34,1,19613,15
1204,399,94,3,24419,10
1205,399,44,1,35472,10
1206,399,136,3,18015,0
1207,400,52,1,10374,20
1208,400,76,3,21281,0
1209,401,50,2,76133,5
1210,401,120,1,22987,10
1211,401,29,1,5679,5
1212,401,49,1,5982,20
1213,401,94,2,24419,0
1214,402,12,2,8038,0
1215,402,23,2,12370,0
1216,402,87,2,6253,10
1217,403,110,2,1902,15
1218,403,78,2,25106,0
1219,403,117,1,16602,15
1220,403,51,2,17314,15
1221,403,19,1,8855,5
1222,404,107,3,2852,10
1223,404,108,1,83584,15
1224,405,109,1,7325,20
1225,405,34,2,19613,15
1226,406,95,3,5785,0
1227,406,129,1,22197,20
1228,406,109,2,7325,0
1229,406,132,1,29436,0
1230,407,15,1,4792,5
1231,408,26,2,19472,20
1232,408,21,2,22149,0
1233,408,141,2,20886,15
1234,409,5,2,12605,0
1235,409,9,2,10988,5
1236,409,118,2,2198,0
1237,409,32,1,34048,0
1238,409,104,3,1014,15
1239,410,132,3,29436,10
1240,410,30,3,64462,5
1241,410,133,2,7704,10
1242,410,149,1,21714,10
1243,411,76,1,21281,10
1244,411,86,1,5085,0
1245,411,17,2,22827,0
1246,412,117,2,16602,0
1247,413,83,3,4219,0
1248,413,23,2,12370,0
1249,414,116,1,49805,15
1250,414,139,2,36748,10
1251,414,115,1,3558,0
1252,414,72,2,56852,10
1253,415,90,3,2547,20
1254,415,135,3,4575,0
1255,416,21,2,22149,0
1256,416,145,2,2749,10
1257,416,57,2,43577,20
1258,416,77,1,16368,10
1259,417,73,2,4391,5
1260,417,19,1,8855,0
1261,417,143,1,3379,15
1262,418,84,3,13163,10
1263,418,54,2,23925,15
1264,418,112,3,8812,0
1265,418,108,1,83584,15
1266,418,68,3,21251,10
1267,419,119,2,5947,0
1268,419,17,1,22827,0
1269,419,141,3,20886,15
1270,419,54,2,23925,20
1271,419,97,2,31743,5
1272,420,44,2,35472,0
1273,420,69,1,1763,0
1274,420,64,1,11154,0
1275,421,54,1,23925,0
1276,422,48,1,4231,0
1277,422,12,3,8038,0
1278,422,132,1,29436,5
1279,422,6,2,2386,15
1280,422,16,3,11167,0
1281,423,142,3,7481,0
1282,423,68,2,21251,0
1283,423,135,3,4575,15
1284,423,25,2,21576,20
1285,423,64,3,11154,15
1286,424,74,2,5168,0
1287,424,120,3,22987,0
1288,425,116,2,49805,5
1289,425,129,3,22197,0
1290,425,67,2,1118,0
1291,425,75,3,15710,10
1292,425,40,1,8292,20
1293,426,104,1,1014,20
1294,426,83,2,4219,5
1295,426,96,1,31762,5
1296,426,34,2,19613,0
1297,426,144,1,6276,20
1298,427,110,1,1902,20
1299,427,9,2,10988,5
1300,427,74,3,5168,5
1301,428,137,2,98300,10
1302,428,18,3,69910,20
1303,428,94,3,24419,15
1304,429,121,1,31449,5
1305,429,37,1,13473,15
1306,430,140,3,13494,15
1307,430,36,2,6799,20
1308,431,87,1,6253,0
1309,431,76,2,21281,0
1310,432,62,1,12613,5
1311,433,117,2,16602,0
1312,433,70,3,23703,0
1313,433,41,1,62050,15
1314,433,24,3,22479,5
1315,434,77,1,16368,5
1316,434,134,1,3277,10
1317,434,103,1,5734,20
1318,435,40,1,8292,10
1319,435,8,2,7533,0
1320,435,78,2,25106,10
1321,435,71,3,6424,15
1322,436,57,1,43577,0
1323,436,104,3,1014,0
1324,436,116,1,49805,0
1325,436,69,1,1763,5
1326,437,99,2,10798,0
1327,437,36,3,6799,5
1328,437,12,2,8038,5
1329,437,48,1,4231,0
1330,438,84,1,13163,0
1331,439,71,2,6424,0
1332,439,140,2,13494,15
1333,439,84,2,13163,20
1334,440,41,1,62050,0
1335,440,15,1,4792,5
1336,441,12,2,8038,5
1337,441,121,1,31449,20
1338,441,95,3,5785,20
1339,441,132,1,29436,0
1340,442,138,3,5435,15
1341,442,73,3,4391,0
1342,443,67,2,1118,15
1343,444,29,1,5679,0
1344,444,86,2,5085,20
1345,444,42,3,12253,15
1346,445,88,1,2914,15
1347,446,76,2,21281,20
1348,447,69,1,1763,0
1349,447,48,1,4231,0
1350,447,65,2,4314,20
1351,447,108,2,83584,0
1352,448,36,2,6799,10
1353,448,95,1,5785,5
1354,448,26,2,19472,5
1355,449,99,1,10798,0
1356,449,50,3,76133,0
1357,449,119,2,5947,15
1358,449,117,1,16602,15
1359,450,119,1,5947,0
1360,450,22,3,7737,0
1361,450,130,1,3932,10
1362,450,80,2,25826,0
1363,451,138,2,5435,5
1364,452,22,1,7737,15
1365,452,136,3,18015,5
1366,452,5,1,12605,20
1367,453,84,3,13163,20
1368,453,124,2,802,0
1369,453,123,1,5135,0
1370,454,119,3,5947,0
1371,455,125,3,106692,20
1372,455,109,3,7325,0
1373,455,132,3,29436,15
1374,455,81,3,1827,15
1375,456,30,3,64462,0
1376,456,5,1,12605,0
1377,457,51,2,17314,5
1378,457,24,1,22479,0
1379,457,81,1,1827,0
1380,457,126,3,44365,15
1381,457,40,2,8292,5
1382,458,106,1,8943,0
1383,458,15,3,4792,20
1384,458,89,3,32102,5
1385,459,108,3,83584,0
1386,459,132,3,29436,0
1387,459,139,2,36748,10
1388,459,63,2,32668,10
1389,460,134,3,3277,15
1390,461,52,2,10374,0
1391,461,128,3,8256,0
1392,461,92,3,1168,15
1393,462,105,2,5388,20
1394,462,112,1,8812,10
1395,462,96,1,31762,0
1396,463,133,1,7704,0
1397,463,27,3,5124,0
1398,463,112,1,8812,0
1399,463,134,2,3277,0
1400,463,81,3,1827,0
1401,464,31,2,18801,0
1402,464,62,2,12613,20
1403,464,32,2,34048,20
1404,464,60,1,87675,20
1405,465,120,2,22987,20
1406,466,137,1,98300,0
1407,467,121,3,31449,20
1408,467,137,1,98300,0
1409,467,135,3,4575,0
1410,468,2,2,4027,10
1411,468,66,1,14182,0
1412,468,129,2,22197,0
1413,468,91,3,4612,20
1414,469,115,2,3558,5
1415,469,62,3,12613,20
1416,469,38,3,61947,0
1417,469,117,1,16602,5
1418,469,111,1,5235,20
1419,470,84,2,13163,0
1420,470,108,2,83584,20
1421,470,45,1,4793,15
1422,471,149,1,21714,20
1423,471,81,2,1827,10
1424,471,84,3,13163,0
1425,471,92,3,1168,5
1426,472,109,1,7325,0
1427,472,53,3,6141,0
1428,472,81,2,1827,15
1429,473,138,3,5435,0
1430,474,146,3,2879,0
1431,475,100,2,10475,15
1432,476,2,1,4027,20
1433,476,124,3,802,10
1434,476,90,3,2547,15
1435,477,38,2,61947,10
1436,477,101,3,104734,0
1437,477,141,2,20886,5
1438,477,67,1,1118,0
1439,477,28,3,5795,5
1440,478,57,3,43577,10
1441,478,122,2,5675,10
1442,478,21,3,22149,10
1443,478,99,2,10798,20
1444,479,112,1,8812,5
1445,479,44,3,35472,5
1446,479,39,1,11179,15
1447,479,137,3,98300,20
1448,480,43,3,69132,0
1449,481,12,1,8038,0
1450,481,141,2,20886,0
1451,481,42,2,12253,0
1452,482,14,1,34891,20
1453,482,82,3,20813,5
1454,482,76,1,21281,0
1455,482,58,3,5881,0
1456,483,90,1,2547,10
1457,483,101,3,104734,5
1458,483,129,2,22197,15
1459,483,36,2,6799,0
1460,484,107,3,2852,0
1461,484,90,3,2547,5
1462,485,83,3,4219,15
1463,486,15,1,4792,0
1464,486,141,3,20886,10
1465,486,51,1,17314,0
1466,486,129,2,22197,20
1467,486,136,1,18015,0
1468,487,13,1,6575,5
1469,487,133,1,7704,20
1470,487,6,3,2386,0
1471,487,91,2,4612,0
1472,487,119,1,5947,0
1473,488,24,2,22479,15
1474,488,42,1,12253,0
1475,488,82,3,20813,0
1476,489,85,1,96244,5
1477,490,65,2,4314,10
1478,490,64,3,11154,5
1479,491,18,3,69910,0
1480,491,131,1,18705,0
1481,491,8,3,7533,10
1482,491,110,3,1902,0
1483,492,136,1,18015,20
1484,493,116,3,49805,0
1485,493,123,3,5135,0
1486,493,12,1,8038,0
1487,493,1,2,22303,0
1488,493,126,3,44365,0
1489,494,76,2,21281,0
1490,494,13,2,6575,15
1491,494,44,1,35472,20
1492,494,144,1,6276,15
1493,494,19,3,8855,0
1494,495,70,1,23703,15
1495,495,123,2,5135,0
1496,495,73,1,4391,5
1497,496,129,1,22197,0
1498,497,22,3,7737,0
1499,497,21,2,22149,20
1500,497,145,2,2749,20
1501,497,8,3,7533,0
1502,497,121,2,31449,0
1503,498,59,3,11729,0
1504,499,63,2,32668,0
1505,499,134,2,3277,5
1506,500,136,3,18015,0
1507,500,134,3,3277,15
1508,500,46,3,24848,15
1509,501,35,2,3958,10
1510,502,144,3,6276,0
1511,503,86,2,5085,20
1512,504,140,1,13494,0
1513,504,13,2,6575,10
1514,504,60,2,87675,0
1515,505,60,3,87675,5
1516,506,26,1,19472,5
1517,507,29,1,5679,0
1518,507,129,1,22197,20
1519,508,120,1,22987,0
1520,508,26,2,19472,0
1521,508,122,3,5675,0
1522,508,34,1,19613,0
1523,508,23,2,12370,0
1524,509,79,2,7718,5
1525,510,3,3,4862,10
1526,510,124,1,802,0
1527,510,104,3,1014,15
1528,510,126,1,44365,5
1529,510,117,3,16602,0
1530,511,35,2,3958,0
1531,511,138,2,5435,5
1532,512,83,3,4219,15
1533,512,119,2,5947,0
1534,513,83,1,4219,10
1535,513,91,3,4612,15
1536,513,78,3,25106,0
1537,513,99,1,10798,0
1538,514,54,2,23925,0
1539,514,19,3,8855,5
1540,515,115,1,3558,5
1541,515,88,1,2914,5
1542,515,44,1,35472,0
1543,516,88,1,2914,20
1544,516,101,1,104734,0
1545,516,55,1,11943,0
1546,516,108,2,83584,0
1547,517,96,1,31762,0
1548,517,13,2,6575,15
1549,517,8,1,7533,0
1550,517,53,3,6141,0
1551,517,76,1,21281,0
1552,518,103,2,5734,0
1553,518,30,2,64462,5
1554,519,119,1,5947,0
1555,519,18,3,69910,5
1556,519,32,3,34048,0
1557,519,39,2,11179,10
1558,519,36,2,6799,15
1559,520,41,1,62050,15
1560,520,87,2,6253,20
1561,520,67,1,1118,20
1562,521,128,3,8256,10
1563,522,126,3,44365,5
1564,522,48,3,4231,5
1565,522,86,2,5085,0
1566,522,100,3,10475,5
1567,522,142,3,7481,20
1568,523,64,2,11154,5
1569,523,107,3,2852,0
1570,523,58,2,5881,0
1571,523,82,3,20813,0
1572,524,12,2,8038,5
1573,524,127,2,7024,5
1574,524,139,2,36748,20
1575,524,90,2,2547,0
1576,524,117,2,16602,5
1577,525,95,1,5785,0
1578,526,27,1,5124,0
1579,526,32,1,34048,10
1580,527,74,3,5168,15
1581,527,51,3,17314,0
1582,527,38,1,61947,20
1583,528,4,1,9654,0
1584,528,128,3,8256,15
1585,528,139,1,36748,5
1586,528,41,1,62050,10
1587,528,107,3,2852,20
1588,529,84,1,13163,5
1589,530,35,3,3958,0
1590,530,82,2,20813,20
1591,531,145,3,2749,20
1592,531,80,1,25826,0
1593,531,87,1,6253,0
1594,531,6,3,2386,15
1595,532,18,2,69910,0
1596,532,144,2,6276,10
1597,532,104,2,1014,15
1598,532,51,2,17314,0
1599,533,133,2,7704,0
1600,533,7,1,1137,0
1601,533,50,2,76133,15
1602,533,53,3,6141,0
1603,533,19,2,8855,0
1604,534,43,2,69132,5
1605,534,30,3,64462,0
1606,534,36,2,6799,20
1607,534,145,1,2749,0
1608,535,83,1,4219,0
1609,535,54,1,23925,5
1610,535,136,1,18015,20
1611,535,125,2,106692,10
1612,535,74,1,5168,10
1613,536,12,3,8038,20
1614,536,25,3,21576,20
1615,536,77,2,16368,5
1616,536,124,3,802,20
1617,536,92,1,1168,5
1618,537,49,1,5982,20
1619,537,26,1,19472,0
1620,537,106,3,8943,10
1621,537,13,2,6575,15
1622,538,149,1,21714,10
1623,538,34,2,19613,5
1624,538,99,2,10798,0
1625,538,21,2,22149,0
1626,539,103,2,5734,0
1627,539,91,1,4612,0
1628,539,108,1,83584,15
1629,539,52,1,10374,0
1630,540,120,2,22987,20
1631,540,38,2,61947,20
1632,541,34,1,19613,0
1633,541,144,3,6276,20
1634,541,106,1,8943,15
1635,542,144,1,6276,5
1636,543,121,1,31449,20
1637,543,15,2,4792,20
1638,543,2,1,4027,0
1639,544,4,2,9654,20
1640,545,45,2,4793,10
1641,545,13,1,6575,20
1642,546,146,2,2879,0
1643,546,107,1,2852,0
1644,547,4,2,9654,0
1645,547,105,1,5388,15
1646,547,57,2,43577,15
1647,548,135,3,4575,0
1648,548,28,2,5795,0
1649,548,145,3,2749,0
1650,549,85,1,96244,0
1651,549,131,1,18705,10
1652,550,4,1,9654,15
1653,550,63,2,32668,20
1654,550,6,1,2386,10
1655,550,34,1,19613,0
1656,550,83,1,4219,0
1657,551,64,3,11154,10
1658,552,12,3,8038,20
1659,552,141,2,20886,20
1660,552,112,1,8812,0
1661,553,59,3,11729,0
1662,553,103,1,5734,5
1663,554,39,1,11179,0
1664,555,22,3,7737,0
1665,555,117,1,16602,5
1666,555,127,1,7024,10
1667,555,83,1,4219,0
1668,555,45,2,4793,10
1669,556,107,2,2852,5
1670,556,101,2,104734,10
1671,556,45,3,4793,15
1672,557,117,1,16602,10
1673,557,23,3,12370,0
1674,557,80,2,25826,5
1675,557,145,2,2749,0
1676,558,37,1,13473,0
1677,558,128,1,8256,0
1678,558,53,3,6141,15
1679,559,104,3,1014,10
1680,559,133,1,7704,5
1681,559,82,1,20813,0
1682,560,138,3,5435,0
1683,560,133,3,7704,5
1684,560,99,2,10798,15
1685,561,40,2,8292,10
1686,562,25,3,21576,15
1687,563,116,2,49805,0
1688,563,45,3,4793,0
1689,564,29,3,5679,10
1690,565,82,1,20813,0
1691,565,2,1,4027,20
1692,565,46,3,24848,5
1693,565,133,3,7704,5
1694,566,37,2,13473,0
1695,566,53,3,6141,0
1696,567,49,1,5982,0
1697,568,22,1,7737,5
1698,568,79,1,7718,0
1699,569,27,1,5124,15
1700,569,3,3,4862,20
1701,569,17,1,22827,0
1702,569,72,1,56852,10
1703,570,90,2,2547,20
1704,570,117,1,16602,0
1705,570,99,3,10798,5
1706,570,91,2,4612,10
1707,571,108,3,83584,0
1708,571,38,3,61947,20
1709,571,7,1,1137,0
1710,571,34,2,19613,10
1711,572,5,3,12605,0
1712,572,96,3,31762,5
1713,572,13,1,6575,10
1714,573,129,3,22197,0
1715,573,27,3,5124,0
1716,573,104,3,1014,10
1717,573,79,3,7718,10
1718,574,127,3,7024,10
1719,574,46,1,24848,0
1720,574,122,1,5675,0
1721,574,31,3,18801,15
1722,574,131,1,18705,0
1723,575,59,3,11729,0
1724,575,69,3,1763,0
1725,575,129,3,22197,15
1726,576,18,1,69910,0
1727,576,91,2,4612,0
1728,576,101,2,104734,0
1729,576,103,1,5734,0
1730,576,119,2,5947,15
1731,577,103,1,5734,10
1732,577,1,3,22303,0
1733,577,83,2,4219,5
1734,578,59,2,11729,0
1735,578,29,1,5679,20
1736,578,107,2,2852,20
1737,578,3,1,4862,5
1738,578,145,3,2749,5
1739,579,83,2,4219,20
1740,579,136,3,18015,10
1741,579,34,2,19613,15
1742,580,42,3,12253,15
1743,580,56,1,39996,20
1744,580,60,1,87675,20
1745,581,106,2,8943,5
1746,581,90,1,2547,10
1747,581,116,3,49805,0
1748,581,129,2,22197,15
1749,581,93,1,44770,15
1750,582,81,2,1827,15
1751,583,56,3,39996,0
1752,583,58,3,5881,15
1753,584,101,3,104734,20
1754,584,117,1,16602,0
1755,585,139,3,36748,0
1756,586,32,1,34048,5
1757,587,24,3,22479,15
1758,587,126,2,44365,0
1759,587,103,1,5734,0
1760,587,74,1,5168,0
1761,588,130,2,3932,15
1762,588,74,3,5168,5
1763,588,26,2,19472,10
1764,588,49,1,5982,0
1765,588,104,2,1014,0
1766,589,145,3,2749,10
1767,589,143,3,3379,20
1768,589,133,3,7704,0
1769,589,18,1,69910,15
1770,589,140,1,13494,0
1771,590,35,3,3958,0
1772,591,137,2,98300,0
1773,592,13,3,6575,10
1774,592,140,2,13494,0
1775,592,79,3,7718,5
1776,593,138,1,5435,0
1777,593,56,1,39996,0
1778,593,27,1,5124,0
1779,593,13,3,6575,10
1780,593,64,1,11154,10
1781,594,69,2,1763,0
1782,594,70,2,23703,15
1783,594,103,2,5734,15
1784,594,44,1,35472,10
1785,594,108,1,83584,0
1786,595,138,1,5435,0
1787,595,44,2,35472,5
1788,595,115,1,3558,10
1789,596,110,2,1902,20
1790,596,18,2,69910,0
1791,596,88,1,2914,0
1792,596,24,1,22479,0
1793,596,96,2,31762,0
1794,597,82,3,20813,10
1795,597,133,2,7704,10
1796,597,26,2,19472,10
1797,597,143,1,3379,0
1798,597,93,1,44770,0
1799,598,35,3,3958,0
1800,598,70,1,23703,5
1801,598,3,3,4862,15
1802,598,139,2,36748,0
1803,598,42,3,12253,15
1804,599,49,3,5982,0
1805,599,120,2,22987,5
1806,599,94,3,24419,15
1807,599,127,1,7024,0
1808,600,21,3,22149,0
1809,601,149,2,21714,15
1810,601,134,3,3277,15
1811,601,3,1,4862,5
1812,602,51,3,17314,0
1813,603,12,1,8038,0
1814,603,122,2,5675,20
1815,603,46,1,24848,10
1816,603,142,2,7481,0
1817,603,60,2,87675,5
1818,604,146,2,2879,0
1819,604,32,2,34048,0
1820,605,139,3,36748,20
1821,605,11,2,12063,0
1822,605,126,2,44365,0
1823,606,50,1,76133,0
1824,606,108,2,83584,5
1825,606,94,1,24419,0
1826,607,2,2,4027,5
1827,607,42,2,12253,0
1828,607,68,2,21251,5
1829,607,60,1,87675,10
1830,608,94,1,24419,0
1831,608,119,3,5947,0
1832,609,88,2,2914,15
1833,609,9,2,10988,0
1834,609,44,2,35472,5
1835,609,53,3,6141,5
1836,610,36,1,6799,0
1837,610,30,2,64462,10
1838,610,29,1,5679,20
1839,610,6,3,2386,0
1840,611,119,2,5947,0
1841,612,42,1,12253,20
1842,612,138,2,5435,15
1843,612,50,1,76133,15
1844,612,67,2,1118,0
1845,612,75,2,15710,15
1846,613,62,1,12613,5
1847,613,32,1,34048,0
1848,614,103,2,5734,10
1849,615,117,3,16602,5
1850,615,130,3,3932,0
1851,615,17,2,22827,0
1852,616,67,1,1118,0
1853,616,85,1,96244,15
1854,616,14,3,34891,0
1855,616,49,1,5982,0
1856,617,68,2,21251,0
1857,617,133,2,7704,0
1858,618,96,1,31762,15
1859,618,143,2,3379,0
1860,618,100,3,10475,5
1861,619,51,3,17314,10
1862,619,52,2,10374,0
1863,619,122,3,5675,5
1864,619,27,1,5124,10
1865,619,21,3,22149,0
1866,620,97,2,31743,0
1867,620,122,2,5675,5
1868,620,32,3,34048,10
1869,621,17,3,22827,0
1870,622,138,3,5435,0
1871,622,104,1,1014,0
1872,622,105,1,5388,0
1873,622,108,3,83584,0
1874,623,79,3,7718,0
1875,623,72,1,56852,0
1876,624,75,2,15710,20
1877,624,37,1,13473,15
1878,625,99,3,10798,10
1879,625,87,2,6253,15
1880,625,23,1,12370,5
1881,626,75,2,15710,0
1882,626,48,3,4231,15
1883,627,149,1,21714,0
1884,627,55,2,11943,0
1885,627,121,3,31449,15
1886,628,130,2,3932,0
1887,628,25,2,21576,0
1888,629,6,1,2386,20
1889,629,83,2,4219,15
1890,629,44,3,35472,0
1891,630,27,3,5124,0
1892,630,142,2,7481,5
1893,630,38,1,61947,0
1894,630,4,1,9654,20
1895,631,4,1,9654,10
1896,631,3,3,4862,20
1897,632,44,1,35472,0
1898,632,82,1,20813,10
1899,632,88,3,2914,0
1900,632,130,3,3932,10
1901,633,28,1,5795,0
1902,633,138,1,5435,0
1903,633,112,1,8812,5
1904,634,30,1,64462,0
1905,634,133,2,7704,0
1906,634,46,3,24848,0
1907,634,60,1,87675,0
1908,635,143,1,3379,15
1909,635,89,3,32102,0
1910,635,49,3,5982,20
1911,635,116,2,49805,0
1912,636,1,1,22303,20
1913,637,19,1,8855,0
1914,637,30,2,64462,0
1915,637,117,1,16602,20
1916,637,75,2,15710,0
1917,638,38,2,61947,10
1918,638,66,2,14182,10
1919,638,104,3,1014,5
1920,639,115,2,3558,0
1921,639,142,1,7481,20
1922,639,59,1,11729,0
1923,639,24,3,22479,5
1924,639,64,1,11154,0
1925,640,39,1,11179,20
1926,640,149,1,21714,0
1927,640,115,3,3558,0
1928,640,66,1,14182,15
1929,641,29,3,5679,10
1930,642,97,1,31743,0
1931,642,39,1,11179,0
1932,643,143,2,3379,5
1933,643,80,3,25826,0
1934,644,42,1,12253,15
1935,645,124,2,802,15
1936,645,149,1,21714,5
1937,645,70,1,23703,0
1938,645,136,1,18015,10
1939,646,59,2,11729,0
1940,647,109,1,7325,20
1941,647,103,2,5734,15
1942,647,45,2,4793,0
1943,648,8,1,7533,10
1944,648,65,1,4314,0
1945,648,76,1,21281,10
1946,649,65,2,4314,0
1947,650,84,1,13163,0
1948,651,84,3,13163,0
1949,651,106,1,8943,15
1950,652,7,2,1137,10
1951,652,103,1,5734,0
1952,653,63,1,32668,20
1953,654,90,2,2547,10
1954,654,78,2,25106,0
1955,655,135,3,4575,20
1956,655,26,1,19472,5
1957,655,4,1,9654,5
1958,655,39,2,11179,0
1959,655,83,2,4219,0
1960,656,48,3,4231,20
1961,657,34,1,19613,0
1962,657,132,2,29436,5
1963,658,139,1,36748,15
1964,658,84,2,13163,10
1965,658,100,2,10475,0
1966,659,3,1,4862,0
1967,659,42,2,12253,0
1968,660,25,2,21576,0
1969,660,93,1,44770,0
1970,660,127,3,7024,0
1971,660,144,2,6276,20
1972,661,132,1,29436,0
1973,661,57,2,43577,0
1974,661,129,3,22197,0
1975,662,103,1,5734,20
1976,663,6,2,2386,0
1977,663,116,3,49805,0
1978,664,123,1,5135,15
1979,664,115,2,3558,0
1980,664,142,1,7481,0
1981,665,93,2,44770,5
1982,665,115,3,3558,15
1983,666,53,1,6141,0
1984,666,21,2,22149,0
1985,666,40,2,8292,20
1986,666,86,2,5085,0
1987,666,85,3,96244,5
1988,667,26,2,19472,15
1989,667,11,3,12063,20
1990,667,58,1,5881,10
1991,667,51,2,17314,0
1992,668,5,3,12605,20
1993,668,81,1,1827,15
1994,668,82,2,20813,15
1995,669,141,2,20886,5
1996,669,89,2,32102,0
1997,669,31,3,18801,10
1998,669,48,1,4231,10
1999,670,27,1,5124,15
2000,670,24,1,22479,10
2001,670,28,2,5795,0
2002,671,136,1,18015,0
2003,671,9,2,10988,10
2004,671,78,2,25106,0
2005,671,115,1,3558,20
2006,672,2,2,4027,0
2007,672,100,3,10475,0
2008,672,60,2,87675,20
2009,672,137,2,98300,15
2010,673,7,1,1137,20
2011,674,118,3,2198,5
2012,674,65,1,4314,10
2013,675,47,1,26189,5
2014,675,109,1,7325,0
2015,675,85,3,96244,20
2016,675,140,1,13494,10
2017,676,86,1,5085,0
2018,676,55,1,11943,5
2019,677,147,2,7155,15
2020,677,22,3,7737,20
2021,677,103,2,5734,0
2022,677,7,1,1137,15
2023,677,36,1,6799,0
2024,678,74,1,5168,0
2025,679,34,2,19613,0
2026,679,29,1,5679,0
2027,679,39,2,11179,20
2028,679,76,2,21281,20
2029,680,132,3,29436,0
2030,681,44,1,35472,15
2031,681,49,3,5982,15
2032,681,80,3,25826,20
2033,681,3,1,4862,0
2034,682,69,1,1763,10
2035,682,34,3,19613,20
2036,682,52,1,10374,0
2037,682,8,2,7533,0
2038,682,145,1,2749,0
2039,683,131,2,18705,15
2040,683,54,3,23925,15
2041,683,25,2,21576,5
2042,684,47,2,26189,0
2043,684,53,3,6141,20
2044,684,75,3,15710,0
2045,685,116,3,49805,5
2046,685,73,2,4391,0
2047,685,85,3,96244,0
2048,685,29,2,5679,15
2049,686,110,2,1902,5
2050,686,79,1,7718,0
2051,686,143,1,3379,20
2052,687,58,3,5881,0
2053,688,3,2,4862,10
2054,688,88,2,2914,0
2055,688,57,3,43577,0
2056,689,75,2,15710,0
2057,689,21,1,22149,0
2058,689,115,2,3558,5
2059,689,119,1,5947,0
2060,689,85,2,96244,0
2061,690,64,3,11154,20
2062,690,6,3,2386,0
2063,690,76,2,21281,0
2064,690,5,1,12605,20
2065,691,19,2,8855,0
2066,692,84,2,13163,10
2067,693,100,3,10475,0
2068,694,86,3,5085,15
2069,695,145,2,2749,20
2070,695,2,1,4027,0
2071,695,15,1,4792,0
2072,696,38,1,61947,0
2073,696,125,2,106692,20
2074,697,65,3,4314,5
2075,697,130,1,3932,0
2076,697,133,2,7704,20
2077,697,75,2,15710,15
2078,697,86,1,5085,0
2079,698,21,2,22149,0
2080,699,132,2,29436,0
2081,699,28,3,5795,20
2082,700,42,1,12253,0
2083,700,137,2,98300,5
2084,700,29,3,5679,10
2085,700,36,1,6799,20
2086,701,28,1,5795,15
2087,701,40,1,8292,0
2088,701,126,1,44365,5
2089,702,32,2,34048,5
2090,702,148,1,23262,0
2091,702,23,2,12370,10
2092,703,27,3,5124,5
2093,703,14,1,34891,0
2094,703,103,1,5734,5
2095,704,29,1,5679,0
2096,704,14,1,34891,0
2097,704,67,3,1118,0
2098,704,30,1,64462,0
2099,705,27,1,5124,0
2100,705,59,1,11729,0
2101,705,72,3,56852,0
2102,705,134,3,3277,10
2103,706,65,3,4314,0
2104,706,46,1,24848,0
2105,706,84,2,13163,5
2106,707,48,2,4231,0
2107,708,133,1,7704,5
2108,709,136,2,18015,20
2109,709,45,3,4793,0
2110,709,40,2,8292,5
2111,709,26,3,19472,0
2112,709,27,3,5124,0
2113,710,89,1,32102,0
2114,710,140,3,13494,10
2115,710,131,3,18705,15
2116,711,95,1,5785,0
2117,711,135,3,4575,15
2118,712,29,3,5679,0
2119,712,74,2,5168,15
2120,712,147,2,7155,0
2121,712,123,2,5135,10
2122,713,91,2,4612,0
2123,713,34,1,19613,5
2124,713,118,3,2198,0
2125,713,124,2,802,15
2126,713,92,1,1168,10
2127,714,18,2,69910,0
2128,714,79,1,7718,0
2129,714,4,3,9654,0
2130,715,14,2,34891,0
2131,716,39,3,11179,0
2132,716,53,2,6141,0
2133,716,118,1,2198,5
2134,717,27,1,5124,10
2135,717,70,2,23703,15
2136,717,81,2,1827,20
2137,717,83,3,4219,0
2138,718,23,3,12370,0
2139,718,80,2,25826,20
2140,718,126,2,44365,0
2141,719,127,2,7024,5
2142,719,94,2,24419,5
2143,719,117,1,16602,10
2144,720,66,1,14182,10
2145,720,139,3,36748,10
2146,720,100,2,10475,0
2147,721,125,3,106692,0
2148,721,15,2,4792,10
2149,721,23,1,12370,20
2150,721,16,2,11167,10
2151,721,73,2,4391,15
2152,722,140,3,13494,15
2153,722,39,2,11179,0
2154,723,132,3,29436,15
2155,724,141,1,20886,0
2156,725,34,2,19613,5
2157,726,34,1,19613,0
2158,726,118,3,2198,15
2159,726,40,1,8292,0
2160,726,6,3,2386,15
2161,727,134,2,3277,15
2162,728,116,2,49805,0
2163,728,40,3,8292,5
2164,728,8,1,7533,10
2165,728,76,2,21281,0
2166,729,125,2,106692,10
2167,729,74,3,5168,0
2168,729,3,2,4862,15
2169,729,43,3,69132,5
2170,730,90,2,2547,0
2171,730,125,3,106692,5
2172,730,38,2,61947,5
2173,730,75,3,15710,15
2174,730,81,1,1827,10
2175,731,93,3,44770,0
2176,731,109,1,7325,0
2177,731,19,3,8855,0
2178,731,13,2,6575,15
2179,731,8,2,7533,0
2180,732,104,1,1014,0
2181,732,115,3,3558,0
2182,733,8,1,7533,15
2183,733,47,2,26189,5
2184,733,86,1,5085,15
2185,734,77,2,16368,20
2186,734,60,3,87675,20
2187,734,54,1,23925,0
2188,734,44,3,35472,0
2189,735,110,2,1902,0
2190,735,147,3,7155,15
2191,735,20,3,12448,15
2192,736,136,1,18015,5
2193,736,94,2,24419,15
2194,736,95,2,5785,20
2195,736,38,1,61947,10
2196,737,135,1,4575,0
2197,738,95,1,5785,10
2198,738,19,3,8855,0
2199,738,43,3,69132,10
2200,738,77,3,16368,0
2201,739,71,2,6424,0
2202,739,8,1,7533,0
2203,739,9,1,10988,0
2204,739,90,1,2547,10
2205,740,11,3,12063,5
2206,740,92,1,1168,0
2207,740,20,3,12448,0
2208,740,112,1,8812,0
2209,740,22,2,7737,10
2210,741,16,1,11167,20
2211,742,149,2,21714,0
2212,743,148,1,23262,10
2213,743,38,2,61947,0
2214,743,31,1,18801,0
2215,743,120,2,22987,0
2216,744,145,1,2749,0
2217,744,13,1,6575,0
2218,744,4,2,9654,0
2219,744,67,2,1118,0
2220,745,107,3,2852,0
2221,745,130,3,3932,0
2222,746,59,2,11729,20
2223,746,121,3,31449,0
2224,746,81,3,1827,0
2225,747,111,1,5235,0
2226,747,132,1,29436,20
2227,747,75,3,15710,0
2228,748,11,3,12063,5
2229,748,64,3,11154,20
2230,749,104,1,1014,0
2231,749,80,3,25826,5
2232,749,23,2,12370,0
2233,750,50,3,76133,0
2234,750,118,1,2198,10
2235,750,144,2,6276,0
2236,750,15,3,4792,20
2237,751,119,1,5947,10
2238,751,117,2,16602,15
2239,751,16,3,11167,0
2240,752,127,2,7024,20
2241,752,64,3,11154,0
2242,752,36,1,6799,0
2243,752,4,3,9654,0
2244,753,68,2,21251,10
2245,753,4,3,9654,0
2246,753,34,2,19613,20
2247,754,11,2,12063,0
2248,754,95,3,5785,0
2249,754,130,2,3932,10
2250,754,58,3,5881,0
2251,755,35,3,3958,15
2252,755,62,1,12613,0
2253,755,47,1,26189,15
2254,755,40,1,8292,0
2255,756,17,2,22827,0
2256,756,70,3,23703,20
2257,757,21,3,22149,5
2258,758,100,1,10475,0
2259,758,112,2,8812,10
2260,758,20,2,12448,0
2261,758,117,2,16602,15
2262,758,76,2,21281,5
2263,759,41,3,62050,0
2264,759,7,2,1137,10
2265,759,29,3,5679,20
2266,760,9,1,10988,10
2267,760,41,3,62050,10
2268,760,103,3,5734,10
2269,760,22,3,7737,5
2270,760,21,3,22149,15
2271,761,141,3,20886,0
2272,761,120,1,22987,0
2273,761,85,1,96244,20
2274,761,72,2,56852,0
2275,761,52,2,10374,0
2276,762,94,3,24419,10
2277,763,62,2,12613,15
2278,763,35,3,3958,15
2279,763,145,1,2749,10
2280,763,66,2,14182,20
2281,764,137,1,98300,5
2282,764,40,1,8292,0
2283,764,134,1,3277,5
2284,764,53,2,6141,20
2285,765,7,3,1137,20
2286,765,45,3,4793,5
2287,765,20,2,12448,0
2288,765,36,1,6799,5
2289,766,29,3,5679,0
2290,766,13,2,6575,5
2291,766,20,3,12448,5
2292,767,138,1,5435,0
2293,767,23,3,12370,10
2294,768,48,1,4231,0
2295,768,138,2,5435,0
2296,768,75,1,15710,10
2297,768,26,3,19472,10
2298,769,104,1,1014,0
2299,769,85,3,96244,15
2300,769,48,1,4231,5
2301,770,76,2,21281,0
2302,770,45,2,4793,5
2303,770,32,1,34048,0
2304,771,39,3,11179,20
2305,771,26,3,19472,20
2306,771,55,1,11943,0
2307,772,7,3,1137,5
2308,772,99,3,10798,5
2309,772,55,3,11943,0
2310,772,76,2,21281,0
2311,773,134,2,3277,15
2312,773,71,3,6424,0
2313,773,24,2,22479,20
2314,773,38,1,61947,15
2315,774,139,2,36748,0
2316,774,20,3,12448,20
2317,774,84,3,13163,0
2318,774,11,1,12063,20
2319,775,66,1,14182,10
2320,776,132,3,29436,5
2321,776,50,2,76133,0
2322,777,19,1,8855,5
2323,777,133,3,7704,0
2324,777,56,3,39996,5
2325,777,48,3,4231,10
2326,778,78,2,25106,20
2327,778,132,3,29436,5
2328,779,77,2,16368,5
2329,780,85,3,96244,0
2330,780,31,2,18801,20
2331,780,92,2,1168,10
2332,780,107,2,2852,15
2333,781,86,2,5085,15
2334,782,70,3,23703,0
2335,782,15,2,4792,15
2336,782,72,1,56852,0
2337,782,132,2,29436,5
2338,783,88,1,2914,10
2339,784,89,2,32102,20
2340,785,53,2,6141,20
2341,785,43,1,69132,0
2342,785,145,2,2749,5
2343,785,107,1,2852,10
2344,785,62,3,12613,0
2345,786,132,2,29436,0
2346,786,12,1,8038,15
2347,786,43,3,69132,0
2348,786,76,1,21281,0
2349,787,23,3,12370,15
2350,787,21,3,22149,20
2351,787,20,3,12448,5
2352,788,106,3,8943,15
2353,788,52,1,10374,0
2354,788,83,2,4219,5
2355,788,86,1,5085,0
2356,788,116,2,49805,15
2357,789,110,2,1902,0
2358,789,75,3,15710,10
2359,790,100,1,10475,10
2360,790,147,1,7155,5
2361,790,29,1,5679,5
2362,790,123,2,5135,5
2363,791,26,3,19472,0
2364,792,129,2,22197,0
2365,792,141,2,20886,0
2366,792,63,3,32668,0
2367,792,17,1,22827,0
2368,793,56,2,39996,0
2369,793,133,3,7704,0
2370,793,147,2,7155,5
2371,794,101,1,104734,20
2372,795,120,1,22987,5
2373,795,31,2,18801,0
2374,796,79,1,7718,5
2375,797,45,3,4793,15
2376,797,39,1,11179,20
2377,797,78,3,25106,15
2378,798,45,3,4793,20
2379,798,142,2,7481,0
2380,799,83,3,4219,0
2381,800,17,3,22827,5
2382,801,52,2,10374,0
2383,802,69,3,1763,0
2384,802,146,1,2879,15
2385,802,54,1,23925,0
2386,802,21,1,22149,0
2387,803,74,1,5168,0
2388,803,129,1,22197,20
2389,803,56,3,39996,0
2390,803,46,1,24848,0
2391,803,1,2,22303,20
2392,804,120,3,22987,20
2393,804,116,1,49805,0
2394,804,128,3,8256,5
2395,804,87,2,6253,20
2396,804,81,2,1827,15
2397,805,57,1,43577,15
2398,806,133,3,7704,0
2399,806,68,1,21251,0
2400,806,32,2,34048,20
2401,806,119,2,5947,20
2402,807,48,2,4231,0
2403,807,3,3,4862,0
2404,807,53,1,6141,10
2405,808,4,2,9654,0
2406,808,73,3,4391,15
2407,808,9,2,10988,0
2408,808,74,3,5168,0
2409,808,130,3,3932,20
2410,809,129,1,22197,0
2411,809,147,2,7155,0
2412,810,32,2,34048,0
2413,810,16,3,11167,0
2414,810,121,1,31449,15
2415,810,17,3,22827,15
2416,811,97,1,31743,15
2417,811,140,2,13494,5
2418,812,23,1,12370,0
2419,812,47,3,26189,0
2420,812,121,3,31449,10
2421,813,93,2,44770,10
2422,813,32,3,34048,0
2423,813,91,3,4612,5
2424,814,50,2,76133,10
2425,815,125,2,106692,20
2426,815,22,3,7737,15
2427,815,67,1,1118,15
2428,816,38,1,61947,20
2429,816,84,1,13163,0
2430,816,111,1,5235,0
2431,817,94,2,24419,20
2432,817,97,3,31743,15
2433,817,93,1,44770,0
2434,817,141,3,20886,5
2435,818,56,3,39996,20
2436,818,91,3,4612,20
2437,818,136,2,18015,0
2438,819,31,3,18801,15
2439,820,101,1,104734,0
2440,820,9,2,10988,5
2441,820,86,2,5085,0
2442,820,28,3,5795,0
2443,820,95,1,5785,0
2444,821,124,1,802,0
2445,821,119,3,5947,0
2446,821,108,3,83584,0
2447,821,129,2,22197,15
2448,822,115,2,3558,20
2449,823,45,1,4793,15
2450,823,80,2,25826,20
2451,823,142,1,7481,0
2452,823,53,2,6141,20
2453,823,38,1,61947,20
2454,824,54,2,23925,0
2455,824,47,1,26189,0
2456,825,100,1,10475,5
2457,825,2,3,4027,15
2458,825,130,2,3932,15
2459,825,43,1,69132,5
2460,825,92,3,1168,5
2461,826,85,2,96244,20
2462,826,37,2,13473,0
2463,827,7,2,1137,0
2464,827,59,3,11729,20
2465,827,48,1,4231,10
2466,827,64,3,11154,20
2467,827,99,2,10798,0
2468,828,119,2,5947,15
2469,828,25,1,21576,5
2470,828,90,1,2547,0
2471,829,115,2,3558,15
2472,829,48,3,4231,20
2473,829,44,1,35472,5
2474,830,4,3,9654,10
2475,830,44,2,35472,15
2476,830,85,2,96244,0
2477,830,35,2,3958,15
2478,831,31,2,18801,20
2479,831,123,2,5135,15
2480,831,136,2,18015,20
2481,832,104,3,1014,10
2482,832,22,2,7737,0
2483,832,41,3,62050,20
2484,832,2,3,4027,15
2485,832,90,2,2547,5
2486,833,97,2,31743,0
2487,833,14,3,34891,0
2488,833,99,1,10798,10
2489,833,68,2,21251,0
2490,834,11,3,12063,0
2491,834,30,3,64462,15
2492,834,95,2,5785,0
2493,835,134,2,3277,0
2494,835,118,2,2198,15
2495,836,87,2,6253,0
2496,837,22,1,7737,0
2497,837,90,3,2547,0
2498,837,81,3,1827,15
2499,837,116,3,49805,0
2500,837,108,2,83584,0
2501,838,146,1,2879,20
2502,838,66,2,14182,0
2503,838,14,3,34891,15
2504,838,100,1,10475,0
2505,838,129,3,22197,15
2506,839,73,1,4391,0
2507,839,2,2,4027,15
2508,839,110,1,1902,0
2509,840,60,3,87675,0
2510,840,5,1,12605,0
2511,841,129,2,22197,20
2512,841,4,2,9654,0
2513,841,91,2,4612,20
2514,841,85,3,96244,5
2515,842,22,3,7737,5
2516,843,84,1,13163,0
2517,843,123,3,5135,10
2518,843,127,1,7024,10
2519,844,133,2,7704,10
2520,844,64,1,11154,0
2521,844,101,2,104734,0
2522,844,145,1,2749,0
2523,844,36,3,6799,0
2524,845,94,2,24419,20
2525,845,58,2,5881,15
2526,845,115,1,3558,15
2527,845,75,3,15710,15
2528,846,134,1,3277,20
2529,846,126,1,44365,5
2530,846,77,2,16368,0
2531,846,123,3,5135,20
2532,847,104,3,1014,15
2533,848,38,1,61947,10
2534,848,136,3,18015,15
2535,849,128,3,8256,10
2536,849,25,1,21576,20
2537,849,99,1,10798,5
2538,849,6,2,2386,15
2539,849,105,1,5388,0
2540,850,18,3,69910,5
2541,850,8,2,7533,0
2542,850,55,3,11943,10
2543,851,88,1,2914,0
2544,852,110,3,1902,5
2545,853,32,3,34048,0
2546,853,144,2,6276,20
2547,853,7,2,1137,20
2548,853,120,3,22987,20
2549,853,131,1,18705,0
2550,854,28,1,5795,20
2551,855,97,3,31743,0
2552,855,111,1,5235,0
2553,856,125,3,106692,5
2554,857,88,3,2914,0
2555,857,123,1,5135,0
2556,857,70,3,23703,0
2557,857,74,1,5168,0
2558,858,82,3,20813,5
2559,858,129,3,22197,0
2560,859,78,1,25106,10
2561,859,104,2,1014,0
2562,859,69,3,1763,0
2563,859,62,2,12613,0
2564,859,8,3,7533,10
2565,860,136,3,18015,0
2566,860,84,2,13163,20
2567,861,103,1,5734,0
2568,861,4,1,9654,0
2569,861,18,1,69910,0
2570,861,91,3,4612,20
2571,862,4,3,9654,0
2572,862,142,2,7481,15
2573,862,62,1,12613,0
2574,862,54,3,23925,0
2575,862,97,2,31743,10
2576,863,141,3,20886,0
2577,863,67,3,1118,15
2578,863,66,1,14182,0
2579,863,69,3,1763,15
2580,864,25,1,21576,10
2581,864,51,2,17314,0
2582,864,18,1,69910,0
2583,865,145,1,2749,0
2584,866,53,3,6141,5
2585,866,27,2,5124,10
2586,866,146,1,2879,10
2587,866,58,2,5881,20
2588,867,124,2,802,15
2589,867,1,1,22303,0
2590,867,68,3,21251,5
2591,867,110,3,1902,0
2592,867,73,3,4391,0
2593,868,136,2,18015,0
2594,868,83,2,4219,10
2595,868,120,2,22987,5
2596,868,30,1,64462,0
2597,868,49,1,5982,20
2598,869,49,2,5982,10
2599,869,52,2,10374,0
2600,869,29,3,5679,5
2601,869,63,1,32668,15
2602,869,57,2,43577,10
2603,870,43,3,69132,5
2604,870,87,3,6253,10
2605,871,99,2,10798,15
2606,871,40,2,8292,20
2607,871,82,3,20813,0
2608,872,109,1,7325,5
2609,873,56,2,39996,20
2610,873,69,2,1763,0
2611,874,54,1,23925,0
2612,874,58,1,5881,0
2613,874,136,2,18015,15
2614,874,120,2,22987,15
2615,874,74,3,5168,5
2616,875,101,1,104734,15
2617,875,17,2,22827,0
2618,875,27,3,5124,0
2619,876,87,3,6253,5
2620,877,120,1,22987,0
2621,878,78,2,25106,20
2622,878,6,2,2386,15
2623,878,38,1,61947,0
2624,878,19,2,8855,5
2625,878,84,1,13163,5
2626,879,6,2,2386,20
2627,879,38,2,61947,20
2628,879,32,1,34048,20
2629,879,111,3,5235,0
2630,879,117,3,16602,0
2631,880,145,3,2749,0
2632,880,133,3,7704,0
2633,880,76,3,21281,0
2634,881,139,3,36748,5
2635,881,24,3,22479,15
2636,882,123,1,5135,15
2637,882,41,3,62050,0
2638,882,88,2,2914,10
2639,882,20,3,12448,15
2640,883,105,2,5388,0
2641,883,5,2,12605,20
2642,883,3,1,4862,10
2643,883,60,3,87675,20
2644,883,86,2,5085,10
2645,884,42,1,12253,0
2646,884,51,1,17314,10
2647,884,40,3,8292,20
2648,884,55,1,11943,20
2649,884,82,1,20813,10
2650,885,54,1,23925,5
2651,885,81,2,1827,0
2652,886,101,1,104734,5
2653,887,55,3,11943,20
2654,887,103,1,5734,0
2655,888,32,3,34048,10
2656,888,133,2,7704,15
2657,889,130,1,3932,5
2658,889,69,1,1763,0
2659,889,138,2,5435,20
2660,890,83,3,4219,0
2661,890,18,1,69910,15
2662,890,119,1,5947,15
2663,891,13,1,6575,10
2664,891,39,1,11179,0
2665,891,67,3,1118,0
2666,892,79,3,7718,5
2667,892,100,1,10475,5
2668,893,97,1,31743,0
2669,893,30,2,64462,0
2670,894,8,1,7533,5
2671,894,7,1,1137,15
2672,894,88,1,2914,5
2673,895,4,2,9654,0
2674,896,112,3,8812,20
2675,896,145,3,2749,0
2676,896,120,2,22987,5
2677,896,37,2,13473,0
2678,897,130,2,3932,15
2679,898,23,3,12370,5
2680,898,26,2,19472,10
2681,899,88,3,2914,10
2682,899,126,2,44365,20
2683,899,141,1,20886,0
2684,900,14,1,34891,15
2685,900,53,1,6141,20
2686,900,49,1,5982,0
2687,900,4,2,9654,0
2688,901,109,3,7325,5
2689,901,123,1,5135,15
2690,901,57,2,43577,15
2691,901,124,3,802,0
2692,901,71,2,6424,0
2693,902,26,1,19472,20
2694,902,91,2,4612,5
2695,902,140,3,13494,0
2696,902,71,3,6424,0
2697,903,79,2,7718,10
2698,903,35,1,3958,20
2699,903,92,3,1168,0
2700,903,82,2,20813,20
2701,903,123,3,5135,0
2702,904,142,3,7481,0
2703,904,41,3,62050,0
2704,904,143,3,3379,0
2705,905,60,3,87675,10
2706,905,41,2,62050,20
2707,906,141,2,20886,0
2708,906,115,3,3558,0
2709,906,129,1,22197,0
2710,906,127,2,7024,15
2711,907,38,1,61947,5
2712,907,39,1,11179,15
2713,907,131,2,18705,5
2714,907,44,3,35472,0
2715,908,34,1,19613,15
2716,908,41,2,62050,20
2717,908,55,2,11943,0
2718,908,121,3,31449,0
2719,909,80,1,25826,0
2720,909,34,3,19613,0
2721,909,146,2,2879,0
2722,909,124,2,802,20
2723,910,132,1,29436,10
2724,910,78,1,25106,0
2725,911,115,3,3558,15
2726,911,16,2,11167,0
2727,911,28,3,5795,10
2728,911,75,2,15710,5
2729,912,66,3,14182,0
2730,912,134,1,3277,20
2731,912,59,3,11729,5
2732,912,119,3,5947,10
2733,913,29,2,5679,10
2734,913,27,3,5124,15
2735,913,26,3,19472,5
2736,913,32,2,34048,15
2737,913,65,3,4314,0
2738,914,11,3,12063,0
2739,914,108,1,83584,15
2740,914,118,2,2198,0
2741,914,7,2,1137,5
2742,914,58,1,5881,15
2743,915,74,1,5168,0
2744,915,122,2,5675,15
2745,916,93,2,44770,0
2746,916,47,3,26189,10
2747,916,135,3,4575,20
2748,916,24,1,22479,0
2749,917,84,1,13163,0
2750,917,135,3,4575,5
2751,917,50,2,76133,0
2752,917,103,2,5734,0
2753,918,83,2,4219,10
2754,918,137,3,98300,0
2755,918,79,1,7718,0
2756,918,145,1,2749,15
2757,918,48,3,4231,15
2758,919,107,1,2852,20
2759,919,37,3,13473,20
2760,919,104,2,1014,10
2761,920,66,3,14182,0
2762,921,120,1,22987,0
2763,921,58,2,5881,0
2764,922,149,3,21714,5
2765,922,52,3,10374,10
2766,922,111,2,5235,15
2767,922,50,2,76133,15
2768,922,140,2,13494,20
2769,923,95,3,5785,10
2770,923,21,1,22149,0
2771,923,37,3,13473,15
2772,923,86,2,5085,10
2773,923,67,2,1118,0
2774,924,15,2,4792,10
2775,924,125,2,106692,0
2776,924,120,1,22987,0
2777,925,40,3,8292,0
2778,925,18,3,69910,0
2779,925,94,3,24419,10
2780,925,74,2,5168,5
2781,926,81,1,1827,20
2782,926,88,3,2914,15
2783,926,63,3,32668,0
2784,926,138,1,5435,10
2785,926,110,1,1902,15
2786,927,143,2,3379,15
2787,928,134,3,3277,0
2788,929,110,2,1902,0
2789,929,103,1,5734,0
2790,929,129,2,22197,0
2791,929,38,3,61947,5
2792,930,62,3,12613,15
2793,930,93,1,44770,0
2794,931,17,3,22827,0
2795,932,104,3,1014,10
2796,932,82,2,20813,20
2797,932,8,1,7533,0
2798,933,92,3,1168,0
2799,933,26,3,19472,0
2800,934,121,3,31449,0
2801,934,8,3,7533,20
2802,935,49,1,5982,5
2803,935,140,1,13494,10
2804,935,45,1,4793,10
2805,936,149,1,21714,0
2806,937,12,3,8038,15
2807,937,95,3,5785,0
2808,937,17,3,22827,0
2809,937,130,3,3932,15
2810,938,37,2,13473,15
2811,938,122,2,5675,5
2812,938,53,2,6141,5
2813,939,131,3,18705,15
2814,939,105,1,5388,10
2815,939,82,1,20813,0
2816,939,135,1,4575,0
2817,939,77,3,16368,15
2818,940,144,1,6276,0
2819,941,138,3,5435,15
2820,941,142,1,7481,0
2821,941,48,1,4231,5
2822,941,99,1,10798,0
2823,942,4,2,9654,0
2824,942,13,1,6575,15
2825,942,103,2,5734,0
2826,942,55,2,11943,20
2827,942,31,1,18801,0
2828,943,116,3,49805,15
2829,943,83,2,4219,5
2830,943,55,3,11943,0
2831,944,3,3,4862,20
2832,944,107,2,2852,0
2833,944,12,3,8038,15
2834,945,19,1,8855,15
2835,945,49,2,5982,15
2836,945,145,3,2749,15
2837,945,87,2,6253,0
2838,946,107,1,2852,0
2839,947,29,2,5679,0
2840,947,30,1,64462,20
2841,947,62,3,12613,20
2842,947,11,1,12063,0
2843,948,12,1,8038,10
2844,948,136,1,18015,0
2845,948,51,2,17314,20
2846,948,56,2,39996,0
2847,948,85,2,96244,5
2848,949,78,1,25106,0
2849,949,137,1,98300,15
2850,950,19,3,8855,0
2851,950,66,1,14182,10
2852,950,143,2,3379,0
2853,950,77,1,16368,15
2854,951,86,1,5085,0
2855,951,99,1,10798,15
2856,952,32,1,34048,15
2857,952,60,2,87675,10
2858,952,11,3,12063,5
2859,952,147,2,7155,15
2860,952,20,3,12448,5
2861,953,92,1,1168,5
2862,953,124,3,802,0
2863,953,130,1,3932,0
2864,954,99,2,10798,20
2865,954,6,2,2386,0
2866,955,94,2,24419,5
2867,955,56,2,39996,5
2868,956,87,3,6253,10
2869,956,108,1,83584,0
2870,956,37,1,13473,15
2871,957,110,1,1902,5
2872,957,100,1,10475,10
2873,957,82,3,20813,5
2874,957,57,2,43577,20
2875,957,106,3,8943,5
2876,958,140,1,13494,15
2877,958,118,1,2198,5
2878,958,49,3,5982,15
2879,958,121,1,31449,0
2880,959,41,2,62050,5
2881,959,111,1,5235,20
2882,960,143,1,3379,0
2883,960,11,1,12063,0
2884,960,26,1,19472,0
2885,960,18,2,69910,0
2886,960,23,3,12370,0
2887,961,122,3,5675,0
2888,961,129,2,22197,0
2889,961,90,1,2547,20
2890,962,32,3,34048,10
2891,962,144,3,6276,5
2892,962,110,3,1902,0
2893,962,43,3,69132,20
2894,963,12,1,8038,5
2895,964,120,1,22987,5
2896,964,49,3,5982,10
2897,964,122,2,5675,0
2898,965,80,3,25826,0
2899,965,106,2,8943,15
2900,965,41,1,62050,0
2901,965,30,3,64462,20
2902,965,53,2,6141,0
2903,966,75,1,15710,0
2904,966,141,3,20886,0
2905,966,7,3,1137,0
2906,966,133,2,7704,5
2907,966,85,2,96244,0
2908,967,89,3,32102,0
2909,968,5,2,12605,5
2910,968,81,1,1827,15
2911,968,103,3,5734,0
2912,968,54,3,23925,5
2913,968,128,2,8256,0
2914,969,70,2,23703,0
2915,969,149,2,21714,0
2916,969,52,2,10374,15
2917,970,6,1,2386,20
2918,971,64,1,11154,0
2919,971,24,3,22479,0
2920,972,125,3,106692,0
2921,972,88,1,2914,15
2922,972,29,1,5679,0
2923,972,34,1,19613,15
2924,972,16,1,11167,0
2925,973,143,1,3379,15
2926,973,52,2,10374,10
2927,973,129,3,22197,0
2928,974,137,1,98300,0
2929,974,2,1,4027,0
2930,975,21,1,22149,0
2931,976,79,2,7718,0
2932,976,111,2,5235,15
2933,976,137,1,98300,10
2934,976,77,1,16368,15
2935,976,58,3,5881,0
2936,977,17,3,22827,20
2937,977,118,3,2198,5
2938,977,22,1,7737,15
2939,978,18,3,69910,20
2940,978,71,2,6424,0
2941,978,85,2,96244,0
2942,978,123,2,5135,0
2943,978,95,3,5785,15
2944,979,110,2,1902,20
2945,979,127,2,7024,5
2946,979,126,2,44365,5
2947,980,38,2,61947,5
2948,981,41,1,62050,0
2949,981,50,1,76133,5
2950,982,106,2,8943,0
2951,982,43,1,69132,5
2952,982,81,3,1827,15
2953,982,148,2,23262,5
2954,983,19,2,8855,15
2955,984,58,2,5881,15
2956,984,112,1,8812,0
2957,984,133,3,7704,0
2958,984,4,3,9654,10
2959,985,91,2,4612,10
2960,985,100,2,10475,0
2961,985,35,1,3958,5
2962,986,84,2,13163,10
2963,986,129,2,22197,10
2964,987,62,1,12613,0
2965,987,64,3,11154,0
2966,987,67,2,1118,20
2967,987,133,1,7704,10
2968,987,128,2,8256,0
2969,988,105,2,5388,20
2970,988,52,1,10374,5
2971,988,74,1,5168,0
2972,988,39,3,11179,0
2973,989,73,2,4391,0
2974,989,85,3,96244,10
2975,990,52,3,10374,20
2976,991,80,2,25826,0
2977,992,127,3,7024,5
2978,992,40,3,8292,0
2979,992,122,3,5675,5
2980,993,124,1,802,10
2981,993,76,1,21281,0
2982,994,99,3,10798,0
2983,994,39,3,11179,5
2984,994,84,3,13163,0
2985,994,101,2,104734,0
2986,995,86,1,5085,15
2987,995,12,3,8038,15
2988,995,138,1,5435,5
2989,996,64,2,11154,0
2990,996,25,2,21576,0
2991,997,17,3,22827,20
2992,997,142,1,7481,20
2993,997,112,1,8812,5
2994,997,107,1,2852,0
2995,997,42,2,12253,0
2996,998,130,1,3932,0
2997,998,12,1,8038,0
2998,999,5,1,12605,15
2999,999,138,3,5435,15
3000,999,78,2,25106,10
3001,999,134,1,3277,0
3002,1000,2,3,4027,20
3003,1000,93,1,44770,5
3004,1000,22,1,7737,0
3005,1000,99,3,10798,0
3006,1001,69,1,1763,0
3007,1001,89,2,32102,5
3008,1002,139,1,36748,5
3009,1002,109,1,7325,15
3010,1002,55,1,11943,0
3011,1002,50,3,76133,15
3012,1002,30,3,64462,0
3013,1003,68,3,21251,0
3014,1003,58,2,5881,0
3015,1004,87,2,6253,5
3016,1004,125,3,106692,10
3017,1004,106,2,8943,20
3018,1004,45,3,4793,20
3019,1005,14,2,34891,5
3020,1005,3,3,4862,10
3021,1005,74,1,5168,0
3022,1005,1,1,22303,0
3023,1005,81,1,1827,15
3024,1006,112,1,8812,0
3025,1006,6,2,2386,0
3026,1006,80,2,25826,5
3027,1007,4,1,9654,15
3028,1007,30,1,64462,5
3029,1008,130,3,3932,5
3030,1008,18,1,69910,0
3031,1008,42,2,12253,5
3032,1008,58,2,5881,5
3033,1008,107,1,2852,0
3034,1009,130,1,3932,15
3035,1009,54,2,23925,20
3036,1009,72,1,56852,0
3037,1010,133,2,7704,0
3038,1010,63,3,32668,0
3039,1010,14,2,34891,20
3040,1010,77,2,16368,10
3041,1011,146,1,2879,10
3042,1011,40,2,8292,0
3043,1011,86,2,5085,0
3044,1011,92,2,1168,0
3045,1011,110,3,1902,20
3046,1012,68,1,21251,0
3047,1013,137,3,98300,15
3048,1013,40,3,8292,0
3049,1013,91,3,4612,0
3050,1014,147,2,7155,10
3051,1014,12,3,8038,0
3052,1014,141,3,20886,0
3053,1014,28,3,5795,15
3054,1014,2,2,4027,5
3055,1015,141,3,20886,5
3056,1015,106,3,8943,20
3057,1015,59,1,11729,0
3058,1015,93,3,44770,15
3059,1016,137,1,98300,5
3060,1017,81,1,1827,0
3061,1017,56,1,39996,0
3062,1017,146,2,2879,0
3063,1017,26,1,19472,0
3064,1018,109,2,7325,5
3065,1018,3,2,4862,0
3066,1018,80,2,25826,5
3067,1019,93,3,44770,5
3068,1019,8,2,7533,20
3069,1019,69,3,1763,20
3070,1020,7,1,1137,5
3071,1020,103,2,5734,10
3072,1020,11,1,12063,0
3073,1020,132,1,29436,15
3074,1021,128,3,8256,20
3075,1021,9,2,10988,0
3076,1021,86,3,5085,5
3077,1021,83,1,4219,0
3078,1021,149,3,21714,0
3079,1022,105,2,5388,10
3080,1022,145,1,2749,15
3081,1022,14,3,34891,5
3082,1023,88,3,2914,0
3083,1023,117,1,16602,0
3084,1023,30,2,64462,5
3085,1024,81,1,1827,0
3086,1025,31,1,18801,15
3087,1025,27,3,5124,10
3088,1025,45,1,4793,5
3089,1025,38,2,61947,0
3090,1026,29,2,5679,10
3091,1026,115,3,3558,5
3092,1026,129,1,22197,0
3093,1026,9,1,10988,0
3094,1026,75,3,15710,0
3095,1027,7,1,1137,0
3096,1028,100,3,10475,5
3097,1028,71,1,6424,10
3098,1028,130,1,3932,0
3099,1028,19,1,8855,0
3100,1028,50,2,76133,0
3101,1029,72,2,56852,0
3102,1029,143,2,3379,20
3103,1029,3,1,4862,0
3104,1029,81,3,1827,5
3105,1029,38,2,61947,5
3106,1030,138,1,5435,5
3107,1030,40,3,8292,0
3108,1031,60,1,87675,20
3109,1031,71,2,6424,0
3110,1031,110,2,1902,20
3111,1032,60,2,87675,15
3112,1032,35,3,3958,0
3113,1032,130,1,3932,10
3114,1032,138,3,5435,0
3115,1033,23,3,12370,20
3116,1034,75,3,15710,10
3117,1034,126,2,44365,0
3118,1034,91,2,4612,10
3119,1034,81,2,1827,5
3120,1035,91,2,4612,15
3121,1035,144,2,6276,0
3122,1035,140,2,13494,10
3123,1035,18,3,69910,0
3124,1036,52,3,10374,5
3125,1036,89,2,32102,0
3126,1036,140,3,13494,5
3127,1037,51,3,17314,0
3128,1037,96,1,31762,20
3129,1037,146,2,2879,10
3130,1038,55,1,11943,15
3131,1038,90,2,2547,0
3132,1039,145,3,2749,0
3133,1039,91,2,4612,0
3134,1039,40,2,8292,20
3135,1039,69,3,1763,5
3136,1040,148,1,23262,0
3137,1040,74,1,5168,5
3138,1040,138,3,5435,5
3139,1040,115,3,3558,0
3140,1041,34,1,19613,0
3141,1041,96,1,31762,0
3142,1042,55,1,11943,0
3143,1042,12,3,8038,15
3144,1042,17,2,22827,0
3145,1042,3,2,4862,0
3146,1043,64,3,11154,10
3147,1043,41,2,62050,20
3148,1043,6,1,2386,0
3149,1044,73,2,4391,0
3150,1045,45,1,4793,0
3151,1045,47,1,26189,15
3152,1045,59,2,11729,5
3153,1045,75,3,15710,20
3154,1046,121,1,31449,10
3155,1046,41,2,62050,0
3156,1046,104,3,1014,5
3157,1046,103,2,5734,20
3158,1047,105,3,5388,0
3159,1047,121,3,31449,20
3160,1047,55,3,11943,15
3161,1047,100,2,10475,0
3162,1047,39,2,11179,0
3163,1048,63,1,32668,15
3164,1048,103,3,5734,0
3165,1048,128,3,8256,15
3166,1049,92,2,1168,15
3167,1049,96,2,31762,5
3168,1049,103,1,5734,5
3169,1049,6,2,2386,0
3170,1049,133,1,7704,0
3171,1050,59,3,11729,10
3172,1050,140,1,13494,20
3173,1051,25,1,21576,0
3174,1051,149,1,21714,10
3175,1052,50,2,76133,0
3176,1052,62,3,12613,0
3177,1052,110,1,1902,20
3178,1053,128,1,8256,10
3179,1053,116,3,49805,0
3180,1053,45,1,4793,20
3181,1053,64,1,11154,0
3182,1053,5,1,12605,10
3183,1054,42,1,12253,0
3184,1054,144,1,6276,0
3185,1055,16,2,11167,0
3186,1055,106,1,8943,0
3187,1055,37,3,13473,20
3188,1055,45,2,4793,10
3189,1055,14,2,34891,5
3190,1056,44,1,35472,5
3191,1056,12,1,8038,0
3192,1057,148,2,23262,15
3193,1057,146,3,2879,0
3194,1057,109,3,7325,10
3195,1057,142,3,7481,20
3196,1058,135,3,4575,0
3197,1058,35,2,3958,0
3198,1058,11,3,12063,5
3199,1058,55,2,11943,5
3200,1058,20,2,12448,0
3201,1059,40,2,8292,0
3202,1059,123,1,5135,0
3203,1059,38,1,61947,5
3204,1059,81,2,1827,5
3205,1060,36,1,6799,15
3206,1060,112,1,8812,0
3207,1060,15,2,4792,0
3208,1060,66,2,14182,5
3209,1061,79,1,7718,20
3210,1061,94,2,24419,0
3211,1061,139,2,36748,0
3212,1061,149,1,21714,0
3213,1061,130,3,3932,0
3214,1062,138,1,5435,15
3215,1063,125,1,106692,20
3216,1063,92,3,1168,10
3217,1063,87,1,6253,5
3218,1063,76,2,21281,5
3219,1063,99,3,10798,0
3220,1064,88,1,2914,20
3221,1064,120,1,22987,0
3222,1064,72,3,56852,5
3223,1064,39,2,11179,5
3224,1065,115,2,3558,20
3225,1065,52,1,10374,5
3226,1066,44,1,35472,0
3227,1067,31,3,18801,15
3228,1067,22,2,7737,20
3229,1067,125,2,106692,0
3230,1067,91,3,4612,10
3231,1068,142,3,7481,0
3232,1068,42,3,12253,20
3233,1068,141,1,20886,0
3234,1069,135,3,4575,0
3235,1069,109,2,7325,0
3236,1069,15,1,4792,10
3237,1070,27,3,5124,0
3238,1070,146,2,2879,15
3239,1071,44,3,35472,0
3240,1071,131,2,18705,0
3241,1072,8,2,7533,0
3242,1072,89,2,32102,5
3243,1072,99,2,10798,10
3244,1072,32,1,34048,5
3245,1073,90,3,2547,0
3246,1073,43,3,69132,5
3247,1074,117,1,16602,5
3248,1074,134,1,3277,0
3249,1074,25,1,21576,0
3250,1074,41,2,62050,15
3251,1074,15,3,4792,20
3252,1075,88,3,2914,0
3253,1075,27,1,5124,10
3254,1075,11,1,12063,20
3255,1076,78,3,25106,0
3256,1076,142,1,7481,0
3257,1076,20,2,12448,10
3258,1077,60,3,87675,0
3259,1077,76,3,21281,5
3260,1077,9,2,10988,0
3261,1077,106,3,8943,0
3262,1077,90,2,2547,15
3263,1078,56,1,39996,15
3264,1078,65,1,4314,0
3265,1078,126,1,44365,0
3266,1079,20,2,12448,15
3267,1079,76,2,21281,10
3268,1080,81,1,1827,5
3269,1080,56,1,39996,0
3270,1080,129,1,22197,0
3271,1080,9,1,10988,20
3272,1080,97,2,31743,5
3273,1081,123,3,5135,15
3274,1081,37,2,13473,15
3275,1081,87,2,6253,20
3276,1082,112,2,8812,0
3277,1082,25,1,21576,0
3278,1082,132,1,29436,10
3279,1083,3,3,4862,0
3280,1084,54,2,23925,10
3281,1084,57,2,43577,10
3282,1084,40,3,8292,10
3283,1084,89,3,32102,0
3284,1084,137,2,98300,20
3285,1085,13,2,6575,10
3286,1085,76,3,21281,20
3287,1085,89,1,32102,5
3288,1085,5,2,12605,5
3289,1086,80,3,25826,10
3290,1086,11,2,12063,5
3291,1086,62,2,12613,0
3292,1087,1,2,22303,10
3293,1087,118,3,2198,5
3294,1087,14,1,34891,10
3295,1087,21,3,22149,20
3296,1088,144,2,6276,20
3297,1088,149,1,21714,20
3298,1089,54,3,23925,0
3299,1089,4,2,9654,0
3300,1089,117,1,16602,0
3301,1089,22,3,7737,15
3302,1089,88,2,2914,0
3303,1090,96,2,31762,0
3304,1090,26,3,19472,15
3305,1091,65,1,4314,20
3306,1092,136,3,18015,5
3307,1093,25,2,21576,20
3308,1093,94,1,24419,10
3309,1093,48,2,4231,15
3310,1094,44,1,35472,5
3311,1094,141,3,20886,0
3312,1094,144,1,6276,0
3313,1095,51,3,17314,15
3314,1095,131,3,18705,0
3315,1096,99,1,10798,5
3316,1096,53,1,6141,0
3317,1096,12,3,8038,0
3318,1097,84,2,13163,0
3319,1098,129,3,22197,10
3320,1098,134,3,3277,20
3321,1099,66,2,14182,0
3322,1099,83,1,4219,20
3323,1099,145,1,2749,0
3324,1100,91,3,4612,0
3325,1100,111,1,5235,5
3326,1100,21,2,22149,15
3327,1101,25,3,21576,10
3328,1101,38,3,61947,20
3329,1102,34,3,19613,20
3330,1102,49,1,5982,0
3331,1102,57,1,43577,0
3332,1103,147,1,7155,0
3333,1103,80,2,25826,0
3334,1103,149,3,21714,0
3335,1103,27,2,5124,15
3336,1103,109,1,7325,0
3337,1104,12,3,8038,0
3338,1104,128,2,8256,0
3339,1104,96,3,31762,10
3340,1104,109,1,7325,0
3341,1105,128,1,8256,15
3342,1106,141,2,20886,10
3343,1107,105,3,5388,0
3344,1107,52,2,10374,0
3345,1108,34,2,19613,15
3346,1108,115,3,3558,5
3347,1109,35,3,3958,0
3348,1109,50,1,76133,15
3349,1109,32,1,34048,0
3350,1110,74,3,5168,0
3351,1110,30,3,64462,0
3352,1111,55,1,11943,15
3353,1111,122,3,5675,20
3354,1111,39,1,11179,20
3355,1112,74,2,5168,0
3356,1112,121,1,31449,20
3357,1112,54,3,23925,20
3358,1112,40,3,8292,0
3359,1112,55,2,11943,5
3360,1113,43,2,69132,0
3361,1113,17,2,22827,0
3362,1113,125,2,106692,0
3363,1113,142,2,7481,0
3364,1114,124,2,802,0
3365,1115,73,2,4391,0
3366,1115,44,1,35472,20
3367,1115,130,1,3932,15
3368,1115,59,2,11729,5
3369,1116,99,3,10798,0
3370,1116,141,2,20886,20
3371,1116,69,3,1763,10
3372,1117,68,1,21251,15
3373,1117,66,2,14182,10
3374,1117,143,1,3379,0
3375,1118,1,1,22303,0
3376,1118,131,3,18705,0
3377,1118,52,3,10374,20
3378,1119,108,1,83584,5
3379,1119,95,2,5785,10
3380,1120,65,1,4314,5
3381,1120,144,3,6276,0
3382,1120,89,3,32102,0
3383,1120,134,1,3277,10
3384,1121,111,3,5235,10
3385,1121,144,2,6276,15
3386,1121,20,1,12448,0
3387,1121,28,3,5795,0
3388,1122,110,1,1902,0
3389,1122,32,1,34048,10
3390,1122,75,1,15710,0
3391,1122,123,2,5135,20
3392,1122,56,3,39996,10
3393,1123,2,1,4027,20
3394,1123,133,2,7704,0
3395,1124,1,2,22303,20
3396,1124,117,2,16602,10
3397,1124,93,3,44770,0
3398,1125,52,1,10374,15
3399,1125,47,1,26189,15
3400,1125,43,1,69132,0
3401,1126,60,3,87675,15
3402,1126,37,1,13473,0
3403,1126,9,3,10988,20
3404,1126,32,2,34048,20
3405,1127,2,3,4027,0
3406,1127,46,3,24848,20
3407,1127,100,2,10475,0
3408,1127,9,1,10988,20
3409,1128,62,3,12613,10
3410,1128,45,3,4793,10
3411,1128,72,3,56852,10
3412,1128,141,2,20886,5
3413,1129,47,2,26189,10
3414,1129,121,1,31449,15
3415,1129,75,1,15710,0
3416,1129,84,2,13163,0
3417,1130,35,1,3958,0
3418,1131,37,1,13473,20
3419,1131,15,1,4792,0
3420,1131,140,1,13494,10
3421,1131,49,3,5982,10
3422,1131,145,1,2749,0
3423,1132,89,1,32102,0
3424,1132,148,2,23262,5
3425,1132,37,1,13473,0
3426,1133,20,3,12448,20
3427,1133,116,2,49805,5
3428,1133,147,1,7155,15
3429,1133,22,2,7737,20
3430,1134,8,1,7533,0
3431,1135,131,2,18705,20
3432,1135,27,3,5124,15
3433,1136,94,2,24419,15
3434,1136,84,1,13163,20
3435,1137,147,1,7155,10
3436,1138,41,1,62050,20
3437,1139,128,2,8256,0
3438,1139,12,1,8038,10
3439,1139,137,1,98300,0
3440,1139,119,3,5947,0
3441,1140,140,1,13494,5
3442,1140,74,2,5168,10
3443,1140,143,1,3379,0
3444,1141,14,1,34891,20
3445,1141,97,3,31743,5
3446,1141,83,3,4219,0
3447,1142,56,3,39996,0
3448,1142,65,1,4314,20
3449,1142,111,3,5235,20
3450,1142,125,3,106692,20
3451,1143,34,2,19613,0
3452,1144,48,2,4231,0
3453,1144,148,3,23262,0
3454,1144,129,2,22197,15
3455,1145,42,1,12253,15
3456,1145,18,2,69910,10
3457,1146,43,2,69132,20
3458,1146,6,3,2386,0
3459,1146,66,2,14182,15
3460,1147,126,1,44365,20
3461,1148,100,1,10475,5
3462,1148,78,1,25106,15
3463,1148,12,3,8038,0
3464,1149,23,2,12370,5
3465,1150,143,2,3379,0
3466,1150,137,3,98300,15
3467,1150,6,3,2386,10
3468,1150,60,1,87675,20
3469,1150,29,2,5679,0
3470,1151,11,2,12063,0
3471,1151,78,1,25106,0
3472,1151,16,1,11167,20
3473,1152,34,1,19613,20
3474,1152,107,1,2852,0
3475,1152,59,1,11729,15
3476,1153,53,1,6141,10
3477,1154,109,1,7325,0
3478,1154,86,2,5085,20
3479,1155,135,3,4575,20
3480,1155,87,2,6253,20
3481,1155,105,3,5388,15
3482,1155,26,3,19472,0
3483,1155,126,1,44365,0
3484,1156,89,2,32102,0
3485,1157,89,3,32102,0
3486,1157,128,3,8256,0
3487,1157,135,3,4575,5
3488,1157,71,1,6424,10
3489,1158,21,2,22149,10
3490,1159,78,2,25106,0
3491,1159,60,1,87675,10
3492,1159,63,1,32668,20
3493,1159,107,2,2852,0
3494,1159,143,1,3379,20
3495,1160,123,2,5135,0
3496,1160,74,2,5168,0
3497,1161,145,2,2749,0
3498,1161,110,2,1902,5
3499,1161,12,2,8038,5
3500,1161,97,3,31743,0
3501,1161,6,3,2386,15
3502,1162,52,1,10374,10
3503,1163,42,3,12253,0
3504,1163,124,1,802,0
3505,1163,20,1,12448,0
3506,1163,86,2,5085,0
3507,1164,29,3,5679,20
3508,1164,132,2,29436,0
3509,1164,116,3,49805,0
3510,1164,39,1,11179,0
3511,1164,56,2,39996,10
3512,1165,64,3,11154,10
3513,1165,130,1,3932,5
3514,1165,148,1,23262,0
3515,1166,99,2,10798,15
3516,1167,49,2,5982,10
3517,1167,5,1,12605,5
3518,1167,123,3,5135,15
3519,1168,101,3,104734,0
3520,1168,79,1,7718,10
3521,1168,149,2,21714,10
3522,1168,124,2,802,15
3523,1168,24,3,22479,0
3524,1169,83,1,4219,20
3525,1169,52,1,10374,0
3526,1169,47,1,26189,20
3527,1169,51,2,17314,5
3528,1169,29,3,5679,10
3529,1170,42,2,12253,0
3530,1170,107,3,2852,5
3531,1170,32,1,34048,15
3532,1170,125,1,106692,0
3533,1171,96,2,31762,20
3534,1171,66,1,14182,0
3535,1171,141,2,20886,15
3536,1171,38,1,61947,0
3537,1171,5,3,12605,10
3538,1172,95,1,5785,20
3539,1172,147,3,7155,5
3540,1172,40,3,8292,5
3541,1172,119,2,5947,5
3542,1172,72,3,56852,0
3543,1173,51,2,17314,10
3544,1173,143,2,3379,20
3545,1174,41,3,62050,0
3546,1174,65,1,4314,20
3547,1174,83,1,4219,5
3548,1174,138,1,5435,0
3549,1174,73,1,4391,15
3550,1175,31,2,18801,10
3551,1176,7,2,1137,10
3552,1176,14,1,34891,10
3553,1176,18,3,69910,0
3554,1177,15,1,4792,20
3555,1177,124,3,802,10
3556,1177,110,1,1902,20
3557,1178,59,1,11729,5
3558,1178,75,2,15710,5
3559,1178,73,3,4391,0
3560,1179,111,1,5235,10
3561,1179,36,1,6799,15
3562,1179,38,2,61947,15
3563,1179,92,3,1168,20
3564,1180,19,3,8855,10
3565,1180,71,2,6424,0
3566,1180,6,1,2386,0
3567,1180,107,1,2852,5
3568,1180,142,1,7481,0
3569,1181,108,3,83584,0
3570,1181,29,2,5679,0
3571,1181,127,1,7024,20
3572,1182,30,3,64462,15
3573,1182,59,2,11729,0
3574,1182,116,2,49805,5
3575,1182,64,3,11154,10
3576,1183,147,2,7155,0
3577,1184,14,2,34891,10
3578,1184,39,1,11179,20
3579,1184,107,1,2852,5
3580,1185,68,2,21251,5
3581,1185,28,3,5795,0
3582,1186,46,3,24848,0
3583,1186,50,2,76133,20
3584,1186,21,3,22149,10
3585,1186,4,1,9654,0
3586,1186,44,3,35472,0
3587,1187,147,2,7155,20
3588,1187,91,1,4612,20
3589,1187,133,3,7704,0
3590,1187,120,1,22987,20
3591,1187,63,3,32668,0
3592,1188,123,2,5135,15
3593,1188,6,1,2386,5
3594,1188,134,2,3277,15
3595,1188,147,1,7155,5
3596,1188,117,2,16602,0
3597,1189,1,1,22303,0
3598,1189,101,3,104734,20
3599,1189,146,1,2879,0
3600,1190,97,2,31743,0
3601,1190,4,3,9654,0
3602,1190,89,2,32102,10
3603,1190,146,1,2879,15
3604,1191,38,3,61947,10
3605,1191,87,3,6253,20
3606,1191,107,3,2852,0
3607,1191,124,1,802,5
3608,1191,12,3,8038,10
3609,1192,11,1,12063,10
3610,1192,88,3,2914,15
3611,1193,36,3,6799,10
3612,1193,80,3,25826,10
3613,1193,90,3,2547,0
3614,1194,25,3,21576,5
3615,1194,95,2,5785,5
3616,1194,48,2,4231,0
3617,1194,64,3,11154,20
3618,1195,21,3,22149,10
3619,1195,18,2,69910,5
3620,1195,126,3,44365,0
3621,1195,134,3,3277,10
3622,1196,140,3,13494,0
3623,1196,53,3,6141,10
3624,1196,134,2,3277,15
3625,1197,99,3,10798,0
3626,1197,15,1,4792,15
3627,1198,11,2,12063,10
3628,1198,8,1,7533,20
3629,1198,34,3,19613,0
3630,1198,45,2,4793,0
3631,1199,106,1,8943,15
3632,1199,53,1,6141,15
3633,1199,38,1,61947,15
3634,1199,94,3,24419,15
3635,1199,79,3,7718,20
3636,1200,28,1,5795,15
3637,1200,91,3,4612,0
3638,1200,109,1,7325,10
3639,1200,45,2,4793,15
3640,1200,70,2,23703,0
3641,1201,59,1,11729,20
3642,1201,91,3,4612,0
3643,1201,143,3,3379,15
3644,1201,99,2,10798,0
3645,1201,28,2,5795,0
3646,1202,5,3,12605,0
3647,1202,86,2,5085,0
3648,1202,132,1,29436,0
3649,1203,131,3,18705,20
3650,1203,45,3,4793,0
3651,1203,14,3,34891,0
3652,1203,53,2,6141,20
3653,1204,24,2,22479,0
3654,1204,87,2,6253,20
3655,1204,79,2,7718,0
3656,1205,115,3,3558,20
3657,1205,129,3,22197,0
3658,1206,72,1,56852,15
3659,1207,48,3,4231,10
3660,1207,124,1,802,15
3661,1207,104,3,1014,10
3662,1208,73,2,4391,0
3663,1209,38,3,61947,20
3664,1209,88,2,2914,5
3665,1210,121,2,31449,15
3666,1210,75,2,15710,10
3667,1210,80,2,25826,15
3668,1210,45,3,4793,0
3669,1210,38,3,61947,15
3670,1211,77,3,16368,0
3671,1211,48,1,4231,20
3672,1211,136,3,18015,5
3673,1211,35,2,3958,0
3674,1211,81,1,1827,20
3675,1212,63,1,32668,0
3676,1212,20,3,12448,20
3677,1213,86,2,5085,5
3678,1214,27,2,5124,0
3679,1214,76,3,21281,10
3680,1215,59,3,11729,0
3681,1215,116,3,49805,5
3682,1215,122,1,5675,15
3683,1215,120,1,22987,0
3684,1216,56,1,39996,20
3685,1216,19,1,8855,15
3686,1216,142,3,7481,20
3687,1217,39,3,11179,0
3688,1217,2,3,4027,0
3689,1218,112,2,8812,0
3690,1218,71,1,6424,15
3691,1219,140,1,13494,0
3692,1219,24,2,22479,5
3693,1219,124,2,802,0
3694,1219,48,3,4231,0
3695,1220,9,3,10988,15
3696,1220,87,2,6253,5
3697,1220,39,3,11179,10
3698,1220,25,1,21576,15
3699,1220,138,1,5435,5
3700,1221,47,1,26189,5
3701,1221,18,3,69910,15
3702,1221,125,1,106692,10
3703,1221,58,3,5881,10
3704,1222,57,2,43577,15
3705,1222,111,3,5235,0
3706,1222,46,3,24848,0
3707,1222,27,1,5124,10
3708,1222,117,3,16602,0
3709,1223,146,2,2879,10
3710,1223,55,2,11943,0
3711,1224,59,1,11729,0
3712,1224,44,3,35472,0
3713,1224,106,2,8943,20
3714,1224,78,2,25106,10
3715,1225,120,2,22987,0
3716,1225,1,1,22303,0
3717,1225,50,2,76133,0
3718,1225,47,3,26189,10
3719,1226,87,1,6253,0
3720,1226,38,1,61947,20
3721,1226,140,3,13494,20
3722,1226,66,1,14182,0
3723,1227,47,1,26189,0
3724,1227,11,3,12063,5
3725,1228,100,2,10475,0
3726,1228,139,1,36748,15
3727,1229,75,2,15710,0
3728,1230,19,3,8855,10
3729,1230,92,1,1168,0
3730,1230,44,1,35472,15
3731,1230,56,3,39996,0
3732,1231,138,3,5435,20
3733,1231,52,1,10374,0
3734,1231,16,3,11167,5
3735,1232,31,3,18801,0
3736,1232,40,1,8292,0
3737,1232,107,1,2852,0
3738,1232,14,3,34891,15
3739,1232,41,2,62050,5
3740,1233,103,2,5734,0
3741,1234,91,2,4612,0
3742,1234,143,1,3379,10
3743,1235,90,3,2547,0
3744,1235,56,2,39996,15
3745,1235,145,3,2749,20
3746,1235,4,2,9654,20
3747,1236,25,2,21576,0
3748,1237,87,1,6253,0
3749,1238,93,3,44770,15
3750,1238,103,3,5734,0
3751,1238,18,1,69910,15
3752,1239,62,2,12613,0
3753,1240,146,2,2879,20
3754,1240,97,1,31743,0
3755,1240,105,1,5388,0
3756,1241,34,1,19613,10
3757,1241,96,2,31762,0
3758,1241,44,1,35472,0
3759,1241,130,3,3932,10
3760,1242,6,1,2386,20
3761,1242,111,2,5235,10
3762,1242,62,3,12613,0
3763,1242,36,2,6799,0
3764,1243,9,1,10988,0
3765,1243,67,3,1118,0
3766,1243,17,2,22827,5
3767,1244,18,2,69910,5
3768,1244,99,1,10798,0
3769,1244,121,2,31449,5
3770,1244,93,1,44770,0
3771,1244,100,2,10475,5
3772,1245,34,3,19613,0
3773,1245,11,1,12063,5
3774,1245,56,2,39996,0
3775,1245,7,1,1137,5
3776,1245,111,1,5235,5
3777,1246,122,3,5675,0
3778,1246,29,3,5679,0
3779,1246,40,2,8292,15
3780,1247,28,3,5795,0
3781,1247,67,2,1118,0
3782,1247,15,1,4792,20
3783,1247,126,2,44365,0
3784,1248,31,1,18801,0
3785,1248,53,3,6141,5
3786,1249,117,1,16602,0
3787,1249,68,3,21251,0
3788,1249,135,2,4575,0
3789,1249,8,3,7533,20
3790,1250,106,2,8943,10
3791,1250,119,1,5947,10
3792,1250,41,1,62050,20
3793,1250,22,1,7737,15
3794,1251,116,3,49805,10
3795,1251,27,1,5124,20
3796,1251,83,1,4219,20
3797,1251,88,1,2914,0
3798,1252,11,3,12063,0
3799,1252,6,3,2386,20
3800,1252,71,3,6424,0
3801,1253,84,1,13163,15
3802,1254,136,3,18015,10
3803,1254,11,2,12063,15
3804,1254,80,1,25826,15
3805,1254,135,1,4575,0
3806,1254,107,2,2852,10
3807,1255,78,1,25106,0
3808,1255,28,2,5795,0
3809,1255,111,1,5235,5
3810,1255,103,2,5734,10
3811,1255,27,2,5124,0
3812,1256,139,3,36748,10
3813,1256,78,1,25106,10
3814,1257,38,1,61947,10
3815,1257,7,2,1137,20
3816,1257,57,3,43577,20
3817,1257,127,1,7024,0
3818,1258,70,1,23703,20
3819,1259,139,1,36748,5
3820,1259,137,1,98300,15
3821,1259,122,3,5675,10
3822,1259,40,3,8292,10
3823,1259,30,2,64462,15
3824,1260,70,1,23703,20
3825,1260,81,1,1827,5
3826,1260,144,2,6276,10
3827,1260,38,3,61947,15
3828,1261,146,1,2879,0
3829,1262,129,1,22197,5
3830,1262,25,3,21576,0
3831,1262,49,2,5982,10
3832,1263,135,1,4575,5
3833,1263,73,3,4391,20
3834,1263,45,2,4793,10
3835,1263,116,3,49805,20
3836,1263,137,2,98300,15
3837,1264,70,1,23703,20
3838,1265,149,2,21714,15
3839,1265,67,3,1118,10
3840,1265,48,3,4231,0
3841,1265,132,2,29436,15
3842,1266,49,3,5982,15
3843,1266,78,2,25106,20
3844,1266,13,3,6575,5
3845,1266,115,2,3558,10
3846,1267,123,1,5135,0
3847,1267,138,2,5435,0
3848,1267,83,1,4219,10
3849,1268,66,1,14182,0
3850,1268,110,3,1902,10
3851,1268,74,1,5168,0
3852,1268,146,3,2879,5
3853,1268,147,3,7155,15
3854,1269,107,3,2852,5
3855,1269,130,3,3932,10
3856,1269,41,1,62050,5
3857,1270,67,2,1118,15
3858,1271,129,1,22197,0
3859,1271,110,1,1902,0
3860,1272,6,2,2386,20
3861,1272,45,2,4793,5
3862,1272,96,1,31762,0
3863,1273,74,2,5168,20
3864,1273,8,1,7533,5
3865,1273,112,3,8812,5
3866,1274,147,2,7155,20
3867,1274,12,3,8038,0
3868,1274,146,1,2879,0
3869,1274,1,1,22303,5
3870,1274,108,2,83584,5
3871,1275,106,2,8943,10
3872,1275,101,2,104734,10
3873,1276,107,2,2852,10
3874,1276,148,2,23262,15
3875,1276,120,1,22987,0
3876,1276,83,2,4219,10
3877,1276,137,2,98300,0
3878,1277,49,3,5982,5
3879,1277,16,3,11167,0
3880,1277,130,2,3932,0
3881,1277,96,1,31762,5
3882,1277,67,1,1118,5
3883,1278,84,1,13163,10
3884,1278,67,3,1118,0
3885,1278,111,2,5235,0
3886,1278,35,3,3958,0
3887,1279,81,1,1827,0
3888,1279,37,2,13473,5
3889,1279,80,2,25826,15
3890,1279,143,2,3379,20
3891,1279,68,3,21251,20
3892,1280,87,2,6253,0
3893,1281,97,3,31743,0
3894,1281,133,3,7704,5
3895,1281,121,2,31449,20
3896,1281,91,2,4612,0
3897,1282,66,2,14182,20
3898,1282,99,2,10798,5
3899,1283,15,3,4792,0
3900,1283,29,3,5679,10
3901,1283,107,2,2852,0
3902,1284,32,1,34048,0
3903,1284,47,1,26189,20
3904,1285,83,3,4219,0
3905,1285,108,2,83584,0
3906,1285,37,1,13473,0
3907,1285,84,1,13163,0
3908,1286,105,1,5388,5
3909,1286,17,3,22827,10
3910,1286,2,2,4027,5
3911,1286,145,3,2749,5
3912,1286,4,3,9654,0
3913,1287,73,2,4391,0
3914,1288,21,1,22149,0
3915,1288,40,3,8292,0
3916,1288,30,1,64462,15
3917,1288,45,2,4793,0
3918,1289,126,3,44365,0
3919,1290,34,3,19613,0
3920,1290,63,2,32668,0
3921,1291,99,2,10798,15
3922,1291,77,1,16368,20
3923,1291,127,1,7024,20
3924,1292,77,2,16368,5
3925,1292,145,2,2749,20
3926,1292,133,1,7704,0
3927,1292,23,3,12370,0
3928,1293,103,3,5734,0
3929,1293,46,3,24848,10
3930,1293,20,1,12448,20
3931,1293,129,1,22197,10
3932,1293,94,2,24419,0
3933,1294,62,1,12613,0
3934,1294,87,3,6253,0
3935,1294,147,2,7155,20
3936,1294,136,1,18015,0
3937,1295,107,2,2852,5
3938,1296,47,2,26189,15
3939,1296,75,2,15710,0
3940,1296,69,2,1763,5
3941,1297,129,3,22197,10
3942,1298,65,3,4314,5
3943,1298,34,3,19613,10
3944,1298,40,3,8292,0
3945,1299,139,2,36748,10
3946,1299,42,3,12253,0
3947,1299,17,2,22827,0
3948,1299,82,2,20813,20
3949,1299,84,2,13163,15
3950,1300,146,1,2879,0
3951,1300,103,3,5734,15
3952,1300,68,1,21251,10
3953,1300,47,2,26189,0
3954,1300,72,3,56852,0
3955,1301,135,1,4575,10
3956,1301,8,3,7533,0
3957,1301,106,3,8943,10
3958,1301,43,3,69132,0
3959,1301,56,1,39996,0
3960,1302,47,1,26189,0
3961,1302,1,3,22303,10
3962,1303,138,3,5435,10
3963,1304,34,2,19613,0
3964,1304,3,2,4862,5
3965,1304,148,1,23262,0
3966,1304,23,1,12370,15
3967,1305,23,1,12370,20
3968,1305,138,2,5435,0
3969,1306,110,1,1902,0
3970,1306,84,1,13163,15
3971,1306,27,1,5124,5
3972,1307,103,3,5734,0
3973,1307,120,2,22987,5
3974,1307,21,3,22149,5
3975,1307,88,2,2914,0
3976,1307,6,1,2386,0
3977,1308,25,3,21576,20
3978,1309,27,3,5124,5
3979,1309,108,1,83584,10
3980,1309,72,3,56852,0
3981,1310,148,1,23262,5
3982,1310,54,3,23925,15
3983,1310,79,3,7718,10
3984,1310,149,3,21714,5
3985,1311,146,3,2879,10
3986,1311,118,3,2198,15
3987,1312,97,1,31743,0
3988,1313,101,1,104734,0
3989,1313,6,1,2386,5
3990,1313,64,3,11154,20
3991,1313,35,2,3958,5
3992,1314,81,1,1827,10
3993,1315,96,1,31762,5
3994,1315,89,2,32102,5
3995,1315,138,2,5435,15
3996,1315,84,1,13163,15
3997,1316,146,3,2879,20
3998,1317,72,3,56852,5
3999,1317,48,2,4231,10
4000,1317,44,3,35472,0
4001,1317,39,2,11179,0
4002,1318,92,2,1168,5
4003,1318,79,3,7718,0
4004,1318,100,1,10475,20
4005,1318,132,3,29436,0
4006,1318,13,1,6575,20
4007,1319,18,3,69910,5
4008,1320,125,1,106692,0
4009,1321,44,1,35472,5
4010,1321,87,3,6253,15
4011,1321,75,3,15710,0
4012,1321,2,1,4027,15
4013,1321,16,2,11167,15
4014,1322,146,1,2879,0
4015,1322,100,2,10475,10
4016,1322,2,3,4027,15
4017,1322,131,1,18705,0
4018,1323,126,3,44365,0
4019,1323,29,2,5679,0
4020,1324,62,3,12613,0
4021,1324,120,1,22987,0
4022,1324,15,1,4792,5
4023,1325,69,3,1763,15
4024,1325,24,2,22479,15
4025,1325,137,2,98300,0
4026,1325,83,3,4219,0
4027,1326,36,2,6799,20
4028,1326,69,1,1763,5
4029,1326,75,3,15710,0
4030,1327,23,2,12370,0
4031,1327,57,1,43577,0
4032,1327,20,3,12448,15
4033,1327,11,3,12063,5
4034,1327,70,1,23703,15
4035,1328,120,1,22987,0
4036,1328,69,1,1763,5
4037,1328,142,3,7481,0
4038,1329,122,3,5675,0
4039,1329,52,2,10374,10
4040,1329,148,3,23262,0
4041,1329,59,3,11729,0
4042,1330,109,1,7325,0
4043,1330,38,2,61947,0
4044,1330,146,2,2879,20
4045,1331,89,2,32102,0
4046,1331,94,1,24419,10
4047,1331,22,1,7737,15
4048,1331,97,1,31743,10
4049,1332,134,3,3277,15
4050,1333,23,1,12370,5
4051,1334,79,1,7718,15
4052,1334,121,3,31449,0
4053,1334,105,1,5388,15
4054,1335,72,1,56852,0
4055,1335,23,3,12370,0
4056,1335,48,1,4231,5
4057,1336,43,2,69132,20
4058,1337,92,2,1168,15
4059,1337,70,3,23703,0
4060,1338,51,1,17314,0
4061,1338,36,3,6799,15
4062,1338,126,3,44365,15
4063,1338,148,2,23262,15
4064,1339,106,2,8943,15
4065,1340,32,1,34048,0
4066,1340,1,2,22303,0
4067,1340,75,3,15710,10
4068,1340,93,3,44770,20
4069,1340,35,2,3958,0
4070,1341,47,2,26189,20
4071,1341,147,1,7155,0
4072,1341,95,3,5785,10
4073,1342,17,2,22827,5
4074,1343,117,2,16602,15
4075,1343,148,2,23262,5
4076,1343,17,2,22827,0
4077,1343,20,3,12448,0
4078,1343,147,2,7155,10
4079,1344,77,3,16368,15
4080,1344,82,2,20813,20
4081,1345,43,1,69132,0
4082,1345,89,3,32102,0
4083,1345,87,1,6253,0
4084,1345,3,2,4862,0
4085,1346,29,2,5679,0
4086,1346,125,3,106692,0
4087,1346,145,3,2749,0
4088,1347,88,1,2914,15
4089,1347,26,1,19472,10
4090,1347,19,1,8855,15
4091,1348,111,1,5235,0
4092,1348,138,1,5435,5
4093,1348,68,2,21251,5
4094,1348,66,1,14182,20
4095,1348,4,1,9654,10
4096,1349,147,3,7155,20
4097,1349,123,1,5135,0
4098,1349,86,1,5085,10
4099,1350,115,1,3558,15
4100,1350,48,1,4231,5
4101,1351,126,2,44365,0
4102,1351,7,1,1137,20
4103,1351,35,2,3958,20
4104,1351,1,1,22303,0
4105,1352,27,1,5124,0
4106,1352,46,3,24848,20
4107,1353,97,3,31743,0
4108,1354,100,3,10475,15
4109,1354,89,2,32102,15
4110,1354,148,2,23262,0
4111,1354,22,3,7737,15
4112,1354,84,1,13163,5
4113,1355,130,3,3932,10
4114,1355,144,1,6276,0
4115,1356,130,2,3932,20
4116,1356,47,1,26189,15
4117,1356,138,1,5435,10
4118,1356,74,1,5168,0
4119,1356,88,3,2914,20
4120,1357,79,1,7718,15
4121,1357,145,1,2749,0
4122,1358,75,3,15710,0
4123,1358,57,1,43577,5
4124,1358,36,2,6799,10
4125,1358,142,3,7481,15
4126,1359,56,1,39996,0
4127,1360,135,1,4575,0
4128,1360,95,3,5785,0
4129,1360,35,1,3958,20
4130,1360,28,1,5795,10
4131,1361,107,3,2852,20
4132,1361,53,1,6141,0
4133,1361,1,3,22303,20
4134,1362,26,3,19472,0
4135,1362,145,3,2749,0
4136,1362,60,3,87675,0
4137,1362,36,2,6799,15
4138,1362,20,3,12448,15
4139,1363,143,1,3379,20
4140,1363,58,3,5881,10
4141,1363,32,2,34048,0
4142,1363,8,3,7533,5
4143,1363,71,2,6424,0
4144,1364,132,2,29436,5
4145,1364,4,3,9654,0
4146,1364,136,2,18015,20
4147,1364,16,2,11167,5
4148,1365,139,2,36748,0
4149,1366,11,2,12063,0
4150,1366,120,3,22987,0
4151,1366,118,3,2198,20
4152,1367,81,3,1827,10
4153,1368,37,2,13473,0
4154,1368,119,2,5947,0
4155,1368,32,2,34048,15
4156,1368,24,1,22479,20
4157,1369,27,3,5124,15
4158,1369,139,1,36748,10
4159,1370,110,3,1902,10
4160,1370,40,3,8292,15
4161,1370,65,2,4314,0
4162,1370,83,1,4219,0
4163,1370,23,3,12370,0
4164,1371,97,2,31743,10
4165,1371,16,1,11167,0
4166,1372,21,3,22149,20
4167,1372,22,2,7737,20
4168,1373,99,3,10798,10
4169,1373,127,3,7024,0
4170,1373,105,2,5388,0
4171,1374,54,2,23925,0
4172,1374,96,3,31762,5
4173,1374,65,2,4314,5
4174,1375,56,1,39996,0
4175,1375,75,2,15710,0
4176,1375,35,1,3958,10
4177,1375,22,3,7737,0
4178,1376,91,1,4612,20
4179,1377,107,1,2852,20
4180,1377,81,1,1827,0
4181,1377,122,2,5675,20
4182,1377,49,2,5982,0
4183,1378,104,2,1014,0
4184,1378,34,3,19613,0
4185,1379,81,2,1827,0
4186,1380,60,3,87675,15
4187,1380,28,3,5795,15
4188,1380,5,1,12605,5
4189,1380,8,3,7533,20
4190,1381,148,3,23262,0
4191,1381,122,2,5675,0
4192,1381,25,1,21576,0
4193,1382,70,1,23703,5
4194,1382,72,1,56852,15
4195,1382,135,1,4575,20
4196,1382,14,3,34891,20
4197,1383,59,2,11729,5
4198,1383,121,1,31449,10
4199,1384,127,1,7024,0
4200,1384,1,1,22303,15
4201,1385,145,2,2749,15
4202,1385,18,3,69910,15
4203,1385,7,1,1137,0
4204,1385,99,1,10798,0
4205,1386,50,3,76133,20
4206,1386,85,1,96244,0
4207,1386,126,2,44365,0
4208,1387,143,1,3379,0
4209,1387,24,1,22479,0
4210,1387,134,2,3277,10
4211,1387,45,2,4793,0
4212,1388,50,3,76133,15
4213,1389,94,1,24419,0
4214,1389,57,1,43577,15
4215,1389,64,3,11154,20
4216,1390,47,3,26189,15
4217,1390,1,1,22303,20
4218,1390,77,2,16368,0
4219,1390,97,1,31743,0
4220,1390,129,2,22197,5
4221,1391,25,1,21576,10
4222,1391,14,1,34891,5
4223,1391,149,3,21714,5
4224,1391,125,1,106692,20
4225,1392,27,1,5124,5
4226,1393,59,3,11729,20
4227,1393,49,2,5982,10
4228,1393,24,2,22479,20
4229,1393,134,2,3277,5
4230,1393,119,1,5947,0
4231,1394,39,3,11179,10
4232,1394,44,1,35472,15
4233,1395,42,1,12253,5
4234,1395,50,1,76133,20
4235,1395,48,3,4231,0
4236,1395,94,1,24419,0
4237,1395,109,3,7325,0
4238,1396,31,3,18801,0
4239,1397,64,1,11154,5
4240,1398,86,2,5085,0
4241,1398,41,2,62050,15
4242,1398,4,1,9654,10
4243,1398,20,2,12448,15
4244,1398,59,2,11729,0
4245,1399,84,3,13163,0
4246,1400,47,3,26189,15
4247,1401,91,2,4612,5
4248,1402,57,2,43577,0
4249,1402,86,1,5085,0
4250,1402,123,2,5135,20
4251,1402,148,1,23262,20
4252,1403,20,3,12448,20
4253,1404,20,3,12448,5
4254,1404,54,3,23925,5
4255,1404,66,2,14182,10
4256,1405,129,2,22197,5
4257,1405,58,1,5881,0
4258,1405,20,3,12448,20
4259,1405,45,1,4793,0
4260,1405,117,2,16602,15
4261,1406,143,2,3379,0
4262,1406,144,3,6276,0
4263,1406,129,3,22197,15
4264,1406,147,3,7155,15
4265,1406,115,3,3558,0
4266,1407,51,3,17314,15
4267,1407,8,3,7533,15
4268,1407,139,2,36748,0
4269,1408,19,2,8855,0
4270,1408,94,2,24419,10
4271,1408,7,3,1137,5
4272,1408,93,2,44770,5
4273,1408,132,1,29436,15
4274,1409,83,2,4219,5
4275,1409,147,2,7155,10
4276,1409,119,2,5947,10
4277,1410,104,2,1014,15
4278,1410,92,1,1168,0
4279,1411,59,1,11729,10
4280,1411,128,3,8256,5
4281,1411,53,2,6141,10
4282,1412,30,3,64462,10
4283,1413,55,3,11943,5
4284,1413,14,3,34891,0
4285,1413,99,1,10798,0
4286,1414,55,1,11943,20
4287,1414,117,2,16602,10
4288,1414,80,2,25826,10
4289,1414,64,3,11154,20
4290,1415,119,2,5947,20
4291,1415,67,2,1118,15
4292,1415,80,1,25826,0
4293,1415,88,3,2914,0
4294,1416,66,1,14182,10
4295,1416,70,2,23703,5
4296,1416,74,2,5168,0
4297,1416,123,3,5135,20
4298,1416,76,3,21281,20
4299,1417,136,3,18015,15
4300,1417,115,2,3558,15
4301,1417,35,1,3958,10
4302,1418,43,1,69132,20
4303,1418,28,3,5795,5
4304,1419,130,2,3932,0
4305,1420,128,1,8256,0
4306,1420,36,1,6799,0
4307,1420,35,2,3958,0
4308,1421,60,1,87675,0
4309,1421,15,3,4792,20
4310,1422,89,3,32102,10
4311,1422,106,2,8943,0
4312,1422,95,2,5785,10
4313,1422,143,2,3379,15
4314,1423,58,2,5881,0
4315,1423,19,2,8855,15
4316,1423,70,2,23703,5
4317,1423,96,2,31762,0
4318,1423,149,1,21714,0
4319,1424,51,1,17314,15
4320,1424,110,3,1902,0
4321,1425,49,1,5982,15
4322,1425,71,1,6424,0
4323,1425,110,2,1902,0
4324,1426,9,3,10988,20
4325,1427,103,3,5734,0
4326,1427,14,3,34891,15
4327,1427,42,2,12253,5
4328,1428,56,1,39996,0
4329,1428,85,3,96244,20
4330,1428,16,2,11167,0
4331,1429,90,1,2547,0
4332,1429,49,1,5982,10
4333,1429,122,1,5675,10
4334,1429,43,1,69132,0
4335,1430,58,1,5881,0
4336,1431,120,2,22987,0
4337,1431,19,1,8855,5
4338,1431,34,2,19613,0
4339,1431,117,2,16602,10
4340,1432,99,1,10798,0
4341,1432,56,1,39996,15
4342,1432,16,3,11167,10
4343,1433,73,1,4391,0
4344,1433,36,3,6799,0
4345,1434,44,2,35472,0
4346,1434,36,2,6799,20
4347,1434,78,3,25106,5
4348,1434,15,2,4792,15
4349,1435,86,3,5085,20
4350,1435,70,3,23703,20
4351,1435,111,1,5235,0
4352,1435,29,1,5679,5
4353,1436,40,1,8292,0
4354,1436,90,2,2547,10
4355,1436,137,1,98300,20
4356,1436,18,3,69910,20
4357,1437,137,2,98300,0
4358,1437,40,3,8292,0
4359,1437,67,2,1118,10
4360,1438,32,3,34048,5
4361,1439,112,2,8812,15
4362,1439,14,1,34891,20
4363,1439,20,3,12448,0
4364,1439,124,3,802,0
4365,1439,132,2,29436,0
4366,1440,134,1,3277,0
4367,1441,67,1,1118,0
4368,1441,59,1,11729,0
4369,1441,124,2,802,0
4370,1442,70,1,23703,15
4371,1442,103,3,5734,0
4372,1442,52,3,10374,10
4373,1443,5,2,12605,10
4374,1443,82,3,20813,10
4375,1443,136,2,18015,0
4376,1443,140,2,13494,5
4377,1444,137,1,98300,20
4378,1444,93,3,44770,5
4379,1444,20,2,12448,0
4380,1444,84,3,13163,15
4381,1445,85,2,96244,5
4382,1445,112,2,8812,0
4383,1445,63,1,32668,0
4384,1445,72,2,56852,10
4385,1445,50,1,76133,0
4386,1446,39,3,11179,0
4387,1447,77,1,16368,0
4388,1447,31,1,18801,10
4389,1447,20,2,12448,0
4390,1447,86,3,5085,15
4391,1447,111,3,5235,5
4392,1448,47,2,26189,5
4393,1448,79,1,7718,0
4394,1448,49,3,5982,0
4395,1448,12,3,8038,10
4396,1449,55,1,11943,15
4397,1449,29,3,5679,20
4398,1450,18,1,69910,20
4399,1450,23,1,12370,0
4400,1451,100,3,10475,0
4401,1452,3,3,4862,0
4402,1452,28,2,5795,10
4403,1452,30,3,64462,0
4404,1453,12,2,8038,0
4405,1454,130,3,3932,5
4406,1454,66,3,14182,5
4407,1454,84,2,13163,20
4408,1454,141,2,20886,15
4409,1454,87,2,6253,20
4410,1455,30,3,64462,5
4411,1455,39,1,11179,0
4412,1456,13,2,6575,0
4413,1457,138,3,5435,5
4414,1457,30,1,64462,20
4415,1457,25,2,21576,10
4416,1457,128,3,8256,10
4417,1458,139,1,36748,15
4418,1458,53,3,6141,0
4419,1459,46,3,24848,0
4420,1460,146,1,2879,10
4421,1460,90,2,2547,0
4422,1461,73,3,4391,0
4423,1461,66,3,14182,15
4424,1462,46,3,24848,5
4425,1462,17,1,22827,20
4426,1462,123,2,5135,20
4427,1462,107,2,2852,0
4428,1462,144,1,6276,0
4429,1463,57,2,43577,15
4430,1463,131,1,18705,10
4431,1464,124,3,802,0
4432,1464,28,1,5795,0
4433,1464,67,1,1118,0
4434,1464,119,1,5947,15
4435,1465,42,2,12253,0
4436,1465,27,2,5124,15
4437,1465,146,3,2879,15
4438,1465,138,1,5435,10
4439,1465,60,2,87675,0
4440,1466,26,3,19472,0
4441,1466,13,1,6575,15
4442,1466,116,3,49805,10
4443,1466,99,1,10798,20
4444,1467,121,3,31449,0
4445,1467,110,2,1902,10
4446,1467,31,2,18801,10
4447,1467,125,3,106692,15
4448,1467,136,1,18015,10
4449,1468,41,3,62050,5
4450,1469,46,2,24848,5
4451,1469,94,1,24419,0
4452,1469,26,3,19472,10
4453,1469,38,3,61947,10
4454,1470,3,3,4862,20
4455,1470,121,3,31449,0
4456,1470,80,2,25826,0
4457,1470,37,3,13473,5
4458,1471,107,3,2852,20
4459,1471,132,3,29436,5
4460,1471,6,2,2386,15
4461,1471,1,3,22303,5
4462,1472,21,3,22149,20
4463,1472,138,3,5435,20
4464,1472,52,2,10374,0
4465,1473,55,3,11943,0
4466,1473,108,2,83584,0
4467,1473,145,3,2749,10
4468,1474,139,1,36748,0
4469,1474,106,1,8943,0
4470,1475,108,1,83584,20
4471,1475,78,3,25106,0
4472,1475,149,2,21714,10
4473,1475,17,2,22827,0
4474,1476,51,3,17314,20
4475,1476,12,3,8038,10
4476,1476,88,1,2914,10
4477,1476,131,3,18705,15
4478,1476,82,2,20813,0
4479,1477,122,1,5675,0
4480,1477,99,1,10798,0
4481,1478,28,2,5795,5
4482,1478,95,2,5785,0
4483,1478,55,3,11943,0
4484,1478,5,3,12605,0
4485,1479,15,3,4792,0
4486,1479,136,3,18015,5
4487,1479,130,1,3932,5
4488,1479,5,3,12605,20
4489,1480,34,2,19613,0
4490,1480,14,2,34891,0
4491,1480,63,1,32668,10
4492,1481,108,2,83584,0
4493,1481,100,1,10475,0
4494,1481,45,2,4793,0
4495,1481,81,3,1827,10
4496,1481,11,2,12063,20
4497,1482,49,3,5982,0
4498,1482,34,2,19613,0
4499,1483,70,2,23703,0
4500,1484,100,2,10475,0
4501,1484,60,1,87675,20
4502,1484,119,1,5947,10
4503,1485,89,1,32102,0
4504,1485,93,3,44770,20
4505,1485,58,3,5881,0
4506,1486,25,3,21576,20
4507,1486,19,2,8855,0
4508,1487,147,2,7155,0
4509,1487,67,1,1118,10
4510,1487,92,3,1168,0
4511,1487,86,1,5085,15
4512,1487,149,2,21714,0
4513,1488,23,1,12370,0
4514,1488,122,1,5675,10
4515,1488,19,3,8855,0
4516,1489,82,2,20813,15
4517,1489,72,1,56852,0
4518,1489,128,1,8256,0
4519,1489,62,2,12613,20
4520,1490,32,1,34048,0
4521,1490,95,2,5785,20
4522,1490,80,3,25826,0
4523,1490,125,1,106692,0
4524,1491,34,1,19613,5
4525,1491,143,1,3379,20
4526,1492,139,2,36748,10
4527,1493,130,2,3932,0
4528,1493,147,1,7155,0
4529,1494,34,3,19613,0
4530,1494,121,2,31449,0
4531,1495,27,3,5124,10
4532,1496,75,1,15710,15
4533,1496,103,2,5734,5
4534,1496,135,3,4575,5
4535,1497,56,1,39996,10
4536,1497,107,3,2852,10
4537,1498,15,1,4792,0
4538,1498,8,3,7533,10
4539,1498,11,3,12063,0
4540,1499,44,3,35472,10
4541,1499,26,2,19472,15
4542,1499,23,3,12370,0
4543,1500,140,1,13494,10
4544,1500,80,2,25826,20
4545,1500,125,2,106692,0
4546,1500,99,3,10798,15
4547,1500,120,3,22987,0
4548,1501,48,1,4231,0
4549,1502,143,3,3379,10
4550,1502,146,2,2879,0
4551,1502,51,2,17314,0
4552,1503,27,2,5124,5
4553,1503,72,1,56852,10
4554,1503,55,2,11943,10
4555,1504,56,3,39996,10
4556,1505,66,2,14182,10
4557,1505,133,1,7704,20
4558,1505,145,1,2749,15
4559,1505,22,3,7737,15
4560,1505,74,3,5168,10
4561,1506,99,2,10798,0
4562,1507,24,3,22479,20
4563,1507,84,1,13163,20
4564,1507,137,3,98300,5
4565,1508,34,3,19613,0
4566,1509,82,1,20813,0
4567,1509,37,3,13473,5
4568,1509,84,1,13163,10
4569,1509,93,1,44770,15
4570,1510,12,2,8038,0
4571,1511,19,1,8855,5
4572,1511,91,2,4612,0
4573,1511,143,2,3379,0
4574,1511,135,1,4575,15
4575,1512,56,1,39996,20
4576,1512,94,3,24419,0
4577,1513,97,3,31743,0
4578,1514,65,2,4314,20
4579,1514,132,1,29436,0
4580,1514,50,2,76133,0
4581,1514,95,1,5785,5
4582,1515,49,3,5982,10
4583,1515,124,2,802,20
4584,1515,8,3,7533,5
4585,1515,43,2,69132,0
4586,1516,69,1,1763,0
4587,1516,19,1,8855,10
4588,1516,111,3,5235,5
4589,1517,110,2,1902,0
4590,1517,71,1,6424,0
4591,1517,12,3,8038,10
4592,1518,39,1,11179,5
4593,1518,132,1,29436,20
4594,1518,115,3,3558,20
4595,1519,143,3,3379,0
4596,1520,13,2,6575,15
4597,1520,115,3,3558,20
4598,1520,134,3,3277,15
4599,1520,108,3,83584,0
4600,1521,124,3,802,0
4601,1521,73,2,4391,10
4602,1521,85,3,96244,5
4603,1521,93,1,44770,20
4604,1521,30,2,64462,0
4605,1522,149,2,21714,20
4606,1522,32,3,34048,20
4607,1522,29,1,5679,0
4608,1522,104,2,1014,0
4609,1523,128,3,8256,0
4610,1523,121,1,31449,5
4611,1523,95,2,5785,20
4612,1523,139,2,36748,5
4613,1523,59,1,11729,20
4614,1524,30,2,64462,0
4615,1525,35,1,3958,0
4616,1525,107,2,2852,0
4617,1525,37,3,13473,20
4618,1525,93,1,44770,20
4619,1525,71,1,6424,0
4620,1526,2,2,4027,0
4621,1526,72,1,56852,0
4622,1527,58,3,5881,15
4623,1527,43,1,69132,0
4624,1527,73,3,4391,5
4625,1527,100,3,10475,10
4626,1527,65,2,4314,0
4627,1528,129,1,22197,0
4628,1528,41,1,62050,0
4629,1528,105,1,5388,5
4630,1528,69,2,1763,20
4631,1528,110,1,1902,0
4632,1529,27,1,5124,0
4633,1529,29,2,5679,5
4634,1529,144,3,6276,5
4635,1529,15,1,4792,15
4636,1530,108,1,83584,0
4637,1530,122,3,5675,0
4638,1530,46,1,24848,5
4639,1530,16,2,11167,15
4640,1530,41,1,62050,0
4641,1531,127,1,7024,0
4642,1531,129,1,22197,5
4643,1531,84,1,13163,0
4644,1532,126,1,44365,20
4645,1532,24,1,22479,15
4646,1533,103,3,5734,5
4647,1533,12,2,8038,0
4648,1533,138,1,5435,0
4649,1533,128,1,8256,20
4650,1533,21,2,22149,0
4651,1534,45,3,4793,20
4652,1535,66,1,14182,20
4653,1535,110,1,1902,20
4654,1535,15,2,4792,0
4655,1536,4,1,9654,10
4656,1536,39,2,11179,20
4657,1536,91,1,4612,0
4658,1536,49,3,5982,15
4659,1537,101,1,104734,15
4660,1537,6,1,2386,5
4661,1538,22,3,7737,0
4662,1538,127,2,7024,0
4663,1538,80,3,25826,0
4664,1538,7,3,1137,10
4665,1539,30,2,64462,10
4666,1540,77,2,16368,10
4667,1540,145,2,2749,20
4668,1540,111,3,5235,15
4669,1540,69,2,1763,0
4670,1541,142,1,7481,10
4671,1541,72,3,56852,0
4672,1541,83,2,4219,20
4673,1541,124,3,802,10
4674,1541,70,1,23703,10
4675,1542,36,1,6799,5
4676,1542,23,3,12370,15
4677,1542,119,3,5947,20
4678,1542,80,3,25826,20
4679,1542,13,1,6575,5
4680,1543,146,2,2879,0
4681,1543,72,2,56852,0
4682,1543,138,3,5435,0
4683,1544,118,3,2198,20
4684,1544,50,1,76133,0
4685,1544,40,1,8292,0
4686,1545,88,1,2914,0
4687,1545,1,1,22303,0
4688,1545,56,1,39996,10
4689,1546,124,1,802,10
4690,1546,65,3,4314,10
4691,1546,30,3,64462,0
4692,1546,2,1,4027,0
4693,1547,104,3,1014,20
4694,1548,144,1,6276,10
4695,1548,125,3,106692,0
4696,1548,13,2,6575,10
4697,1548,105,1,5388,20
4698,1549,12,1,8038,10
4699,1549,14,3,34891,10
4700,1550,66,2,14182,0
4701,1551,99,3,10798,20
4702,1551,70,2,23703,0
4703,1551,88,1,2914,0
4704,1551,136,3,18015,0
4705,1551,39,3,11179,0
4706,1552,111,2,5235,10
4707,1552,8,3,7533,10
4708,1552,122,2,5675,0
4709,1552,86,3,5085,15
4710,1553,26,1,19472,10
4711,1554,25,3,21576,5
4712,1554,137,3,98300,20
4713,1554,41,2,62050,0
4714,1554,38,1,61947,5
4715,1554,59,1,11729,0
4716,1555,87,1,6253,20
4717,1555,37,2,13473,15
4718,1555,127,1,7024,5
4719,1556,5,1,12605,10
4720,1556,3,1,4862,20
4721,1556,79,3,7718,0
4722,1556,24,3,22479,15
4723,1557,87,3,6253,0
4724,1557,92,2,1168,15
4725,1558,47,2,26189,0
4726,1558,59,1,11729,0
4727,1558,16,1,11167,10
4728,1558,71,1,6424,10
4729,1558,117,1,16602,5
4730,1559,117,2,16602,0
4731,1559,19,1,8855,0
4732,1560,119,2,5947,5
4733,1560,87,3,6253,0
4734,1560,60,2,87675,15
4735,1560,70,1,23703,0
4736,1561,29,3,5679,0
4737,1562,83,1,4219,0
4738,1562,133,1,7704,0
4739,1563,46,2,24848,15
4740,1563,44,1,35472,5
4741,1563,85,2,96244,0
4742,1563,27,3,5124,5
4743,1563,35,2,3958,15
4744,1564,74,3,5168,5
4745,1564,21,2,22149,20
4746,1565,129,3,22197,0
4747,1565,127,3,7024,0
4748,1565,22,3,7737,0
4749,1566,136,1,18015,0
4750,1566,131,1,18705,0
4751,1566,81,2,1827,20
4752,1567,148,1,23262,0
4753,1567,42,3,12253,5
4754,1567,30,2,64462,10
4755,1567,41,3,62050,20
4756,1568,74,1,5168,15
4757,1568,76,3,21281,10
4758,1568,24,2,22479,20
4759,1568,34,1,19613,10
4760,1569,117,1,16602,0
4761,1570,48,3,4231,20
4762,1570,18,2,69910,10
4763,1570,143,1,3379,5
4764,1570,140,2,13494,0
4765,1570,74,1,5168,0
4766,1571,44,2,35472,0
4767,1572,32,3,34048,5
4768,1573,135,1,4575,15
4769,1573,39,3,11179,15
4770,1574,17,1,22827,10
4771,1574,54,2,23925,10
4772,1575,56,2,39996,5
4773,1576,127,3,7024,10
4774,1577,42,2,12253,0
4775,1577,94,3,24419,15
4776,1577,15,2,4792,20
4777,1577,137,3,98300,5
4778,1578,21,1,22149,5
4779,1579,6,2,2386,0
4780,1580,128,1,8256,20
4781,1581,112,1,8812,5
4782,1582,54,2,23925,5
4783,1582,104,2,1014,20
4784,1583,122,2,5675,10
4785,1584,148,2,23262,20
4786,1585,69,1,1763,20
4787,1585,79,1,7718,0
4788,1586,11,2,12063,0
4789,1586,104,2,1014,15
4790,1586,103,2,5734,0
4791,1586,149,2,21714,20
4792,1586,94,2,24419,15
4793,1587,97,3,31743,0
4794,1587,39,2,11179,0
4795,1587,24,1,22479,5
4796,1587,86,1,5085,0
4797,1587,16,2,11167,0
4798,1588,57,1,43577,10
4799,1588,30,1,64462,0
4800,1588,145,3,2749,20
4801,1589,29,1,5679,0
4802,1589,116,1,49805,0
4803,1589,21,1,22149,0
4804,1590,105,3,5388,20
4805,1590,78,3,25106,20
4806,1590,109,2,7325,0
4807,1590,66,2,14182,10
4808,1590,63,1,32668,0
4809,1591,115,3,3558,20
4810,1591,70,3,23703,20
4811,1591,42,2,12253,20
4812,1591,133,1,7704,0
4813,1592,38,3,61947,20
4814,1593,63,3,32668,5
4815,1593,100,3,10475,0
4816,1594,126,1,44365,0
4817,1595,75,2,15710,0
4818,1595,116,1,49805,0
4819,1595,126,1,44365,5
4820,1596,34,3,19613,5
4821,1596,96,3,31762,15
4822,1596,104,1,1014,5
4823,1596,71,3,6424,15
4824,1597,143,1,3379,5
4825,1597,5,2,12605,20
4826,1598,49,3,5982,0
4827,1598,104,2,1014,0
4828,1598,14,2,34891,15
4829,1598,44,3,35472,5
4830,1599,112,1,8812,5
4831,1599,117,3,16602,5
4832,1599,68,3,21251,0
4833,1599,37,1,13473,5
4834,1600,108,3,83584,0
4835,1600,129,1,22197,10
4836,1600,112,2,8812,15
4837,1600,38,3,61947,20
4838,1600,95,2,5785,10
4839,1601,141,3,20886,0
4840,1601,106,2,8943,20
4841,1601,63,1,32668,0
4842,1601,48,1,4231,0
4843,1601,16,1,11167,15
4844,1602,115,2,3558,10
4845,1602,23,2,12370,5
4846,1603,111,3,5235,5
4847,1603,123,3,5135,10
4848,1603,16,2,11167,5
4849,1604,8,1,7533,5
4850,1604,65,1,4314,20
4851,1604,142,2,7481,15
4852,1604,70,1,23703,5
4853,1604,40,3,8292,0
4854,1605,131,1,18705,20
4855,1605,28,1,5795,20
4856,1606,32,1,34048,20
4857,1606,133,2,7704,0
4858,1606,29,3,5679,10
4859,1606,116,2,49805,0
4860,1606,45,2,4793,0
4861,1607,47,3,26189,0
4862,1607,28,1,5795,10
4863,1607,116,1,49805,0
4864,1608,50,2,76133,20
4865,1608,107,1,2852,0
4866,1608,72,2,56852,10
4867,1609,108,1,83584,5
4868,1610,53,1,6141,0
4869,1610,56,2,39996,5
4870,1610,50,3,76133,0
4871,1610,111,1,5235,20
4872,1610,125,2,106692,0
4873,1611,2,2,4027,0
4874,1611,146,1,2879,0
4875,1611,59,2,11729,10
4876,1611,9,3,10988,10
4877,1611,107,3,2852,0
4878,1612,43,1,69132,0
4879,1612,134,3,3277,0
4880,1612,49,2,5982,0
4881,1612,146,2,2879,15
4882,1613,118,2,2198,5
4883,1613,115,3,3558,0
4884,1614,133,3,7704,15
4885,1614,71,3,6424,10
4886,1615,119,2,5947,20
4887,1615,81,2,1827,20
4888,1615,1,1,22303,0
4889,1615,115,1,3558,10
4890,1615,134,1,3277,15
4891,1616,45,1,4793,20
4892,1617,9,1,10988,0
4893,1617,75,2,15710,0
4894,1617,70,1,23703,0
4895,1617,146,1,2879,0
4896,1617,60,1,87675,0
4897,1618,92,3,1168,15
4898,1618,17,1,22827,0
4899,1618,31,2,18801,0
4900,1619,52,1,10374,0
4901,1619,66,2,14182,20
4902,1620,145,1,2749,0
4903,1621,72,1,56852,0
4904,1621,73,3,4391,0
4905,1622,37,2,13473,5
4906,1622,16,1,11167,0
4907,1622,32,2,34048,5
4908,1622,39,2,11179,10
4909,1622,66,2,14182,0
4910,1623,72,3,56852,20
4911,1623,25,1,21576,10
4912,1623,55,1,11943,0
4913,1623,122,2,5675,5
4914,1623,91,1,4612,15
4915,1624,35,2,3958,0
4916,1624,116,3,49805,20
4917,1624,74,3,5168,15
4918,1624,129,2,22197,0
4919,1625,116,1,49805,5
4920,1626,72,1,56852,0
4921,1626,84,3,13163,0
4922,1626,38,1,61947,0
4923,1626,73,3,4391,0
4924,1626,17,2,22827,0
4925,1627,27,2,5124,0
4926,1627,28,3,5795,20
4927,1628,38,2,61947,15
4928,1628,70,3,23703,0
4929,1628,127,1,7024,0
4930,1628,35,1,3958,10
4931,1629,146,3,2879,0
4932,1629,30,2,64462,20
4933,1629,49,3,5982,5
4934,1630,56,1,39996,10
4935,1630,64,3,11154,10
4936,1631,127,2,7024,0
4937,1631,146,1,2879,10
4938,1631,78,2,25106,15
4939,1632,46,2,24848,20
4940,1632,86,1,5085,0
4941,1632,119,3,5947,10
4942,1632,130,2,3932,5
4943,1632,37,2,13473,0
4944,1633,100,1,10475,10
4945,1633,22,1,7737,0
4946,1633,106,1,8943,20
4947,1634,46,3,24848,5
4948,1634,80,1,25826,10
4949,1634,122,2,5675,0
4950,1634,47,3,26189,0
4951,1635,77,3,16368,10
4952,1636,106,1,8943,5
4953,1636,46,2,24848,0
4954,1636,121,2,31449,20
4955,1636,12,2,8038,20
4956,1637,130,2,3932,15
4957,1638,59,1,11729,0
4958,1639,126,3,44365,0
4959,1639,25,2,21576,20
4960,1639,24,1,22479,15
4961,1640,11,2,12063,0
4962,1640,86,3,5085,15
4963,1640,108,2,83584,20
4964,1640,75,1,15710,5
4965,1641,94,2,24419,0
4966,1641,3,1,4862,0
4967,1641,4,2,9654,0
4968,1641,87,2,6253,20
4969,1641,62,2,12613,15
4970,1642,31,3,18801,0
4971,1642,4,2,9654,0
4972,1642,70,1,23703,0
4973,1642,76,3,21281,0
4974,1643,125,2,106692,5
4975,1643,48,3,4231,5
4976,1644,56,3,39996,0
4977,1644,68,2,21251,5
4978,1644,78,1,25106,5
4979,1644,49,2,5982,20
4980,1645,134,3,3277,10
4981,1646,77,2,16368,0
4982,1646,59,2,11729,20
4983,1647,92,1,1168,10
4984,1647,117,2,16602,10
4985,1647,89,2,32102,5
4986,1648,60,2,87675,10
4987,1648,101,3,104734,0
4988,1648,38,2,61947,15
4989,1649,18,3,69910,0
4990,1649,4,1,9654,10
4991,1649,1,2,22303,15
4992,1650,106,3,8943,0
4993,1651,59,3,11729,5
4994,1651,130,1,3932,0
4995,1651,144,2,6276,20
4996,1651,21,3,22149,15
4997,1651,71,2,6424,15
4998,1652,125,2,106692,15
4999,1652,15,2,4792,0
5000,1653,112,3,8812,5
5001,1653,127,1,7024,5
5002,1653,36,3,6799,20
5003,1654,140,1,13494,5
5004,1654,9,2,10988,15
5005,1654,17,1,22827,10
5006,1655,124,3,802,20
5007,1656,117,1,16602,15
5008,1656,9,1,10988,5
5009,1656,90,2,2547,5
5010,1656,11,3,12063,10
5011,1657,57,3,43577,20
5012,1657,6,1,2386,10
5013,1657,109,1,7325,0
5014,1657,128,3,8256,0
5015,1658,22,2,7737,10
5016,1658,5,3,12605,10
5017,1658,139,2,36748,0
5018,1659,55,3,11943,10
5019,1659,112,3,8812,10
5020,1659,81,3,1827,20
5021,1659,46,2,24848,5
5022,1660,38,1,61947,0
5023,1660,32,3,34048,20
5024,1660,124,3,802,5
5025,1661,106,1,8943,5
5026,1661,55,1,11943,10
5027,1661,50,3,76133,0
5028,1661,17,2,22827,0
5029,1662,145,2,2749,15
5030,1662,43,2,69132,20
5031,1662,133,1,7704,20
5032,1662,32,1,34048,5
5033,1662,42,1,12253,5
5034,1663,46,1,24848,0
5035,1663,109,1,7325,15
5036,1663,78,3,25106,10
5037,1664,87,3,6253,15
5038,1664,81,3,1827,15
5039,1665,103,3,5734,0
5040,1666,99,2,10798,10
5041,1667,139,3,36748,15
5042,1667,75,3,15710,0
5043,1667,66,2,14182,15
5044,1667,15,3,4792,0
5045,1667,40,2,8292,5
5046,1668,59,3,11729,10
5047,1668,31,3,18801,20
5048,1668,91,1,4612,0
5049,1669,25,1,21576,0
5050,1669,88,2,2914,0
5051,1669,1,3,22303,0
5052,1669,54,2,23925,15
5053,1669,122,2,5675,0
5054,1670,124,1,802,5
5055,1671,79,3,7718,0
5056,1671,80,1,25826,15
5057,1672,127,1,7024,0
5058,1672,74,2,5168,10
5059,1673,104,2,1014,0
5060,1673,30,1,64462,10
5061,1673,46,1,24848,10
5062,1673,128,1,8256,20
5063,1673,109,1,7325,0
5064,1674,71,2,6424,0
5065,1674,75,2,15710,20
5066,1675,132,3,29436,15
5067,1675,2,2,4027,20
5068,1675,22,3,7737,15
5069,1675,48,1,4231,0
5070,1675,3,1,4862,15
5071,1676,42,1,12253,5
5072,1677,109,3,7325,20
5073,1677,17,2,22827,0
5074,1677,67,1,1118,20
5075,1677,101,2,104734,0
5076,1678,94,2,24419,10
5077,1678,59,1,11729,15
5078,1678,116,3,49805,20
5079,1679,66,2,14182,20
5080,1680,123,2,5135,15
5081,1680,135,2,4575,5
5082,1680,67,1,1118,0
5083,1680,140,1,13494,0
5084,1680,99,2,10798,0
5085,1681,20,3,12448,0
5086,1681,36,1,6799,15
5087,1681,100,1,10475,0
5088,1681,83,1,4219,10
5089,1681,132,3,29436,5
5090,1682,112,3,8812,10
5091,1682,107,2,2852,0
5092,1682,20,1,12448,0
5093,1682,124,2,802,10
5094,1683,149,3,21714,10
5095,1683,130,2,3932,15
5096,1683,108,2,83584,5
5097,1684,34,3,19613,0
5098,1684,67,1,1118,10
5099,1684,69,2,1763,10
5100,1685,42,1,12253,5
5101,1686,14,1,34891,20
5102,1686,127,3,7024,15
5103,1686,108,3,83584,0
5104,1687,20,1,12448,10
5105,1687,58,3,5881,5
5106,1687,80,2,25826,0
5107,1687,32,3,34048,20
5108,1687,5,3,12605,5
5109,1688,104,3,1014,20
5110,1688,80,3,25826,15
5111,1688,43,1,69132,0
5112,1689,49,2,5982,5
5113,1689,63,3,32668,20
5114,1689,90,1,2547,10
5115,1689,8,2,7533,10
5116,1689,132,3,29436,5
5117,1690,108,1,83584,0
5118,1690,144,2,6276,15
5119,1690,36,2,6799,0
5120,1691,118,1,2198,0
5121,1691,89,1,32102,20
5122,1691,130,2,3932,5
5123,1691,42,2,12253,0
5124,1691,78,3,25106,0
5125,1692,84,2,13163,5
5126,1692,109,2,7325,0
5127,1692,26,3,19472,0
5128,1692,4,1,9654,5
5129,1692,15,2,4792,0
5130,1693,89,3,32102,0
5131,1693,20,3,12448,5
5132,1694,79,2,7718,20
5133,1694,83,2,4219,0
5134,1695,7,1,1137,20
5135,1695,121,1,31449,0
5136,1695,144,1,6276,0
5137,1695,112,3,8812,20
5138,1696,95,1,5785,5
5139,1697,94,2,24419,0
5140,1697,104,3,1014,20
5141,1697,52,1,10374,10
5142,1698,86,2,5085,0
5143,1699,31,1,18801,0
5144,1699,107,2,2852,0
5145,1699,14,3,34891,0
5146,1699,133,1,7704,15
5147,1699,129,2,22197,0
5148,1700,147,1,7155,15
5149,1700,41,1,62050,10
5150,1700,48,2,4231,5
5151,1700,22,1,7737,20
5152,1700,146,3,2879,15
5153,1701,6,3,2386,0
5154,1701,121,1,31449,5
5155,1701,144,2,6276,0
5156,1702,55,1,11943,0
5157,1702,64,1,11154,0
5158,1702,91,3,4612,5
5159,1702,112,2,8812,0
5160,1703,12,1,8038,15
5161,1703,137,3,98300,0
5162,1703,131,3,18705,15
5163,1703,46,3,24848,0
5164,1704,40,2,8292,0
5165,1704,105,1,5388,0
5166,1705,108,1,83584,15
5167,1705,65,1,4314,0
5168,1706,40,2,8292,0
5169,1706,5,3,12605,5
5170,1707,79,3,7718,15
5171,1707,130,3,3932,20
5172,1707,16,1,11167,15
5173,1708,20,2,12448,20
5174,1708,90,2,2547,20
5175,1708,66,2,14182,5
5176,1708,73,1,4391,20
5177,1709,63,3,32668,5
5178,1709,4,1,9654,15
5179,1709,38,3,61947,0
5180,1710,105,2,5388,0
5181,1710,140,2,13494,20
5182,1711,119,2,5947,0
5183,1711,3,1,4862,15
5184,1712,147,3,7155,0
5185,1713,64,3,11154,0
5186,1714,54,2,23925,10
5187,1714,125,2,106692,15
5188,1715,14,3,34891,15
5189,1716,79,3,7718,10
5190,1716,86,1,5085,0
5191,1716,69,2,1763,0
5192,1716,73,3,4391,10
5193,1717,34,3,19613,0
5194,1718,143,2,3379,20
5195,1718,57,2,43577,5
5196,1718,76,2,21281,0
5197,1719,134,3,3277,5
5198,1720,110,2,1902,20
5199,1720,28,1,5795,0
5200,1721,42,1,12253,0
5201,1721,115,2,3558,20
5202,1721,109,1,7325,0
5203,1721,5,3,12605,0
5204,1722,19,2,8855,0
5205,1723,15,3,4792,0
5206,1723,92,2,1168,0
5207,1723,142,1,7481,0
5208,1723,120,2,22987,0
5209,1724,71,1,6424,15
5210,1724,16,2,11167,15
5211,1724,101,2,104734,10
5212,1724,97,1,31743,0
5213,1724,57,3,43577,5
5214,1725,144,3,6276,0
5215,1725,107,2,2852,0
5216,1725,119,2,5947,0
5217,1725,80,3,25826,0
5218,1725,109,1,7325,0
5219,1726,2,1,4027,15
5220,1726,100,3,10475,5
5221,1726,127,2,7024,20
5222,1726,14,3,34891,0
5223,1726,50,3,76133,0
5224,1727,44,3,35472,0
5225,1727,7,2,1137,5
5226,1728,130,2,3932,0
5227,1728,57,1,43577,0
5228,1728,37,3,13473,0
5229,1728,56,2,39996,0
5230,1728,109,1,7325,20
5231,1729,120,1,22987,10
5232,1729,129,3,22197,0
5233,1730,13,1,6575,15
5234,1730,37,1,13473,0
5235,1731,51,2,17314,0
5236,1731,62,1,12613,0
5237,1731,47,2,26189,5
5238,1731,140,3,13494,0
5239,1732,88,3,2914,0
5240,1732,86,1,5085,5
5241,1732,23,1,12370,5
5242,1732,72,2,56852,5
5243,1733,1,3,22303,20
5244,1734,50,3,76133,15
5245,1734,118,1,2198,0
5246,1735,112,3,8812,10
5247,1736,8,3,7533,0
5248,1736,121,1,31449,0
5249,1736,1,2,22303,20
5250,1736,56,1,39996,0
5251,1737,23,3,12370,0
5252,1737,11,3,12063,0
5253,1737,129,1,22197,5
5254,1738,137,2,98300,5
5255,1738,45,1,4793,0
5256,1738,117,3,16602,0
5257,1739,51,2,17314,5
5258,1739,138,3,5435,0
5259,1739,95,2,5785,10
5260,1739,109,2,7325,0
5261,1740,58,2,5881,10
5262,1740,132,3,29436,10
5263,1740,146,2,2879,0
5264,1740,75,3,15710,15
5265,1740,21,3,22149,0
5266,1741,119,1,5947,15
5267,1741,79,1,7718,10
5268,1741,58,2,5881,5
5269,1741,35,1,3958,0
5270,1742,88,3,2914,0
5271,1743,49,3,5982,5
5272,1744,81,2,1827,5
5273,1744,135,3,4575,5
5274,1744,80,3,25826,10
5275,1744,47,3,26189,5
5276,1744,44,1,35472,20
5277,1745,142,2,7481,15
5278,1745,147,3,7155,20
5279,1745,131,2,18705,0
5280,1745,16,2,11167,10
5281,1746,99,2,10798,15
5282,1746,108,3,83584,10
5283,1746,82,3,20813,20
5284,1747,121,3,31449,10
5285,1747,72,1,56852,0
5286,1747,105,3,5388,20
5287,1747,52,2,10374,0
5288,1748,39,2,11179,0
5289,1749,95,3,5785,10
5290,1749,85,2,96244,0
5291,1749,123,2,5135,5
5292,1750,27,2,5124,5
5293,1750,47,2,26189,0
5294,1750,69,1,1763,0
5295,1751,78,2,25106,0
5296,1751,16,2,11167,5
5297,1752,81,3,1827,10
5298,1752,70,3,23703,5
5299,1752,19,2,8855,0
5300,1753,110,1,1902,20
5301,1753,144,2,6276,20
5302,1753,117,2,16602,20
5303,1753,5,1,12605,15
5304,1753,139,1,36748,5
5305,1754,72,3,56852,15
5306,1754,42,2,12253,0
5307,1754,57,1,43577,0
5308,1755,75,3,15710,20
5309,1755,19,2,8855,15
5310,1755,57,1,43577,20
5311,1755,72,3,56852,5
5312,1755,4,3,9654,5
5313,1756,72,1,56852,0
5314,1756,30,2,64462,10
5315,1757,55,2,11943,10
5316,1757,94,1,24419,10
5317,1757,101,2,104734,5
5318,1757,133,3,7704,15
5319,1758,13,3,6575,10
5320,1758,38,2,61947,0
5321,1758,118,1,2198,15
5322,1758,1,1,22303,20
5323,1758,46,1,24848,0
5324,1759,127,1,7024,20
5325,1760,125,2,106692,5
5326,1760,128,2,8256,10
5327,1760,77,2,16368,0
5328,1760,144,3,6276,0
5329,1761,43,3,69132,0
5330,1761,54,3,23925,0
5331,1761,1,3,22303,10
5332,1761,136,2,18015,15
5333,1761,141,3,20886,20
5334,1762,46,1,24848,15
5335,1762,117,3,16602,0
5336,1763,115,1,3558,0
5337,1763,131,2,18705,0
5338,1763,78,3,25106,0
5339,1763,140,2,13494,5
5340,1764,143,1,3379,5
5341,1765,91,3,4612,10
5342,1765,83,3,4219,20
5343,1765,112,1,8812,5
5344,1766,32,1,34048,0
5345,1766,123,1,5135,5
5346,1766,136,3,18015,20
5347,1766,7,3,1137,0
5348,1767,122,2,5675,10
5349,1767,16,2,11167,15
5350,1767,149,2,21714,0
5351,1767,75,3,15710,20
5352,1767,127,2,7024,5
5353,1768,12,1,8038,0
5354,1768,123,3,5135,0
5355,1768,56,2,39996,5
5356,1768,126,3,44365,0
5357,1768,139,3,36748,10
5358,1769,148,3,23262,10
5359,1769,56,2,39996,5
5360,1769,137,1,98300,10
5361,1769,71,1,6424,20
5362,1770,41,1,62050,10
5363,1771,24,1,22479,0
5364,1771,148,3,23262,15
5365,1771,147,3,7155,10
5366,1772,7,1,1137,5
5367,1772,133,2,7704,15
5368,1773,40,3,8292,0
5369,1773,39,1,11179,0
5370,1773,105,3,5388,10
5371,1773,149,3,21714,20
5372,1774,84,2,13163,5
5373,1774,13,2,6575,5
5374,1775,94,2,24419,5
5375,1775,122,1,5675,15
5376,1775,4,1,9654,20
5377,1776,85,2,96244,15
5378,1777,59,2,11729,0
5379,1777,140,2,13494,0
5380,1777,74,3,5168,10
5381,1777,75,1,15710,0
5382,1778,42,1,12253,15
5383,1779,106,3,8943,0
5384,1779,144,3,6276,15
5385,1779,21,2,22149,20
5386,1780,81,2,1827,5
5387,1780,72,3,56852,0
5388,1781,116,2,49805,20
5389,1781,117,1,16602,0
5390,1782,135,3,4575,0
5391,1782,137,1,98300,0
5392,1783,120,1,22987,10
5393,1783,63,2,32668,10
5394,1784,99,2,10798,0
5395,1784,81,2,1827,20
5396,1784,44,3,35472,0
5397,1784,62,1,12613,10
5398,1784,47,2,26189,15
5399,1785,127,1,7024,0
5400,1786,34,3,19613,15
5401,1786,92,3,1168,0
5402,1787,31,2,18801,0
5403,1787,116,1,49805,0
5404,1787,18,1,69910,10
5405,1787,121,3,31449,0
5406,1787,1,2,22303,10
5407,1788,80,3,25826,5
5408,1788,74,2,5168,15
5409,1789,123,3,5135,20
5410,1789,77,3,16368,20
5411,1789,7,1,1137,10
5412,1789,35,2,3958,0
5413,1790,93,1,44770,10
5414,1790,8,1,7533,5
5415,1790,104,2,1014,5
5416,1790,50,2,76133,0
5417,1791,84,1,13163,0
5418,1791,106,1,8943,20
5419,1792,72,1,56852,0
5420,1792,147,1,7155,15
5421,1793,5,2,12605,10
5422,1793,26,1,19472,0
5423,1793,129,1,22197,15
5424,1794,7,1,1137,20
5425,1794,45,2,4793,0
5426,1794,57,2,43577,0
5427,1795,15,1,4792,5
5428,1795,30,1,64462,5
5429,1795,148,1,23262,0
5430,1795,104,3,1014,10
5431,1796,95,2,5785,15
5432,1796,43,2,69132,5
5433,1796,49,2,5982,20
5434,1797,86,1,5085,15
5435,1797,1,3,22303,0
5436,1797,48,2,4231,20
5437,1797,89,2,32102,15
5438,1797,91,2,4612,10
5439,1798,80,2,25826,20
5440,1799,23,3,12370,20
5441,1799,100,1,10475,0
5442,1799,131,2,18705,0
5443,1799,78,1,25106,0
5444,1800,37,3,13473,0
5445,1801,134,3,3277,0
5446,1801,119,1,5947,15
5447,1801,116,3,49805,20
5448,1801,26,2,19472,10
5449,1802,83,1,4219,10
5450,1803,118,3,2198,5
5451,1803,131,1,18705,15
5452,1804,26,2,19472,5
5453,1804,13,2,6575,0
5454,1804,109,2,7325,20
5455,1804,142,2,7481,20
5456,1805,53,2,6141,0
5457,1805,66,3,14182,15
5458,1805,20,1,12448,0
5459,1805,100,2,10475,0
5460,1806,89,1,32102,0
5461,1806,5,3,12605,0
5462,1806,87,1,6253,0
5463,1806,38,1,61947,0
5464,1807,69,2,1763,15
5465,1808,55,1,11943,0
5466,1808,140,1,13494,20
5467,1809,36,2,6799,0
5468,1809,50,3,76133,0
5469,1809,48,1,4231,15
5470,1809,14,3,34891,10
5471,1809,100,1,10475,20
5472,1810,56,1,39996,0
5473,1810,60,3,87675,0
5474,1810,27,2,5124,0
5475,1811,66,2,14182,20
5476,1811,69,2,1763,15
5477,1812,108,1,83584,0
5478,1812,80,3,25826,10
5479,1812,121,2,31449,5
5480,1812,117,1,16602,0
5481,1812,2,1,4027,15
5482,1813,124,3,802,10
5483,1813,129,3,22197,15
5484,1813,66,3,14182,0
5485,1813,74,1,5168,10
5486,1814,104,2,1014,20
5487,1814,109,2,7325,10
5488,1815,67,3,1118,5
5489,1815,138,2,5435,0
5490,1815,17,1,22827,0
5491,1816,43,2,69132,20
5492,1816,77,2,16368,5
5493,1816,121,3,31449,0
5494,1817,149,1,21714,15
5495,1817,90,2,2547,5
5496,1817,67,3,1118,0
5497,1817,42,2,12253,0
5498,1817,78,2,25106,5
5499,1818,60,2,87675,10
5500,1818,86,2,5085,10
5501,1818,73,3,4391,5
5502,1818,57,1,43577,15
5503,1818,77,3,16368,0
5504,1819,128,1,8256,0
5505,1819,64,1,11154,15
5506,1819,147,3,7155,0
5507,1819,21,1,22149,5
5508,1819,112,3,8812,15
5509,1820,135,1,4575,5
5510,1821,74,3,5168,10
5511,1822,104,3,1014,0
5512,1822,74,1,5168,0
5513,1823,121,2,31449,15
5514,1823,107,2,2852,20
5515,1823,50,1,76133,15
5516,1824,55,1,11943,15
5517,1824,51,3,17314,20
5518,1824,29,3,5679,15
5519,1824,125,2,106692,0
5520,1825,30,1,64462,15
5521,1826,24,2,22479,15
5522,1826,110,3,1902,0
5523,1826,123,1,5135,0
5524,1826,7,1,1137,10
5525,1827,93,1,44770,5
5526,1827,8,3,7533,0
5527,1828,60,2,87675,0
5528,1828,63,1,32668,5
5529,1829,144,1,6276,20
5530,1829,27,3,5124,10
5531,1829,76,3,21281,0
5532,1830,58,3,5881,0
5533,1830,11,1,12063,5
5534,1830,20,1,12448,0
5535,1830,68,3,21251,15
5536,1831,11,3,12063,10
5537,1831,41,2,62050,20
5538,1832,12,1,8038,0
5539,1833,88,1,2914,0
5540,1833,81,2,1827,0
5541,1833,149,1,21714,5
5542,1833,70,1,23703,15
5543,1833,42,2,12253,10
5544,1834,103,1,5734,20
5545,1834,17,3,22827,0
5546,1834,22,2,7737,0
5547,1834,86,1,5085,0
5548,1834,131,3,18705,0
5549,1835,126,3,44365,10
5550,1835,2,3,4027,0
5551,1835,44,2,35472,0
5552,1836,85,3,96244,0
5553,1836,37,3,13473,0
5554,1836,132,2,29436,5
5555,1837,20,3,12448,20
5556,1837,65,1,4314,0
5557,1838,34,3,19613,0
5558,1838,77,1,16368,0
5559,1838,46,2,24848,0
5560,1838,67,1,1118,15
5561,1839,111,3,5235,15
5562,1840,92,2,1168,0
5563,1840,90,3,2547,5
5564,1840,45,3,4793,0
5565,1841,18,3,69910,10
5566,1841,127,2,7024,5
5567,1841,146,2,2879,10
5568,1841,74,2,5168,10
5569,1842,29,2,5679,0
5570,1842,91,3,4612,5
5571,1842,118,1,2198,0
5572,1843,24,2,22479,0
5573,1843,124,3,802,0
5574,1843,42,2,12253,0
5575,1843,105,1,5388,0
5576,1844,74,1,5168,20
5577,1844,30,2,64462,10
5578,1844,59,3,11729,5
5579,1845,1,3,22303,20
5580,1846,27,3,5124,0
5581,1846,132,1,29436,5
5582,1846,37,2,13473,0
5583,1847,38,1,61947,10
5584,1847,62,1,12613,0
5585,1848,128,3,8256,0
5586,1848,87,2,6253,10
5587,1848,42,3,12253,10
5588,1849,72,1,56852,15
5589,1849,123,1,5135,0
5590,1849,31,2,18801,15
5591,1849,62,1,12613,20
5592,1849,100,2,10475,0
5593,1850,36,3,6799,15
5594,1850,2,3,4027,0
5595,1850,119,2,5947,10
5596,1850,78,1,25106,10
5597,1850,32,2,34048,10
5598,1851,80,1,25826,10
5599,1852,35,3,3958,0
5600,1852,138,2,5435,5
5601,1852,26,3,19472,5
5602,1853,47,1,26189,15
5603,1854,59,3,11729,0
5604,1854,92,2,1168,10
5605,1854,135,3,4575,20
5606,1854,7,1,1137,15
5607,1855,109,2,7325,20
5608,1855,4,2,9654,10
5609,1856,82,3,20813,15
5610,1856,6,1,2386,20
5611,1856,147,2,7155,10
5612,1856,75,2,15710,10
5613,1856,50,3,76133,0
5614,1857,19,2,8855,5
5615,1857,14,1,34891,0
5616,1857,105,2,5388,20
5617,1857,88,2,2914,0
5618,1858,121,1,31449,0
5619,1858,112,2,8812,15
5620,1859,59,2,11729,0
5621,1859,6,2,2386,15
5622,1859,139,2,36748,10
5623,1860,49,2,5982,15
5624,1860,86,1,5085,0
5625,1860,3,3,4862,0
5626,1860,144,2,6276,0
5627,1861,124,3,802,0
5628,1862,29,2,5679,5
5629,1862,87,2,6253,20
5630,1862,144,3,6276,0
5631,1862,90,2,2547,0
5632,1863,45,1,4793,0
5633,1863,99,1,10798,0
5634,1863,123,3,5135,0
5635,1864,145,2,2749,0
5636,1864,38,1,61947,0
5637,1864,142,1,7481,20
5638,1865,25,2,21576,0
5639,1865,121,3,31449,0
5640,1865,43,1,69132,0
5641,1865,27,2,5124,0
5642,1865,132,2,29436,5
5643,1866,48,2,4231,10
5644,1866,109,1,7325,5
5645,1867,58,1,5881,20
5646,1868,95,2,5785,0
5647,1868,2,3,4027,10
5648,1868,50,1,76133,0
5649,1868,41,3,62050,0
5650,1868,13,3,6575,0
5651,1869,23,3,12370,0
5652,1869,17,1,22827,15
5653,1869,1,3,22303,15
5654,1869,16,2,11167,5
5655,1870,134,3,3277,0
5656,1870,18,2,69910,10
5657,1870,139,2,36748,0
5658,1871,77,2,16368,15
5659,1872,127,2,7024,5
5660,1872,144,2,6276,5
5661,1872,21,3,22149,0
5662,1872,76,1,21281,5
5663,1873,28,3,5795,5
5664,1873,22,2,7737,5
5665,1874,128,1,8256,0
5666,1874,115,1,3558,20
5667,1875,16,1,11167,0
5668,1875,110,1,1902,15
5669,1875,20,1,12448,5
5670,1875,17,2,22827,15
5671,1875,42,3,12253,15
5672,1876,55,1,11943,0
5673,1876,89,3,32102,5
5674,1876,66,1,14182,10
5675,1876,37,2,13473,10
5676,1877,76,2,21281,0
5677,1877,139,1,36748,0
5678,1877,99,1,10798,10
5679,1877,112,2,8812,0
5680,1877,59,1,11729,0
5681,1878,145,1,2749,0
5682,1878,41,2,62050,0
5683,1878,66,3,14182,15
5684,1878,20,3,12448,10
5685,1878,56,2,39996,5
5686,1879,149,2,21714,10
5687,1879,54,1,23925,0
5688,1879,135,1,4575,10
5689,1879,111,1,5235,0
5690,1880,44,2,35472,0
5691,1880,117,2,16602,5
5692,1880,106,1,8943,20
5693,1881,84,1,13163,5
5694,1881,92,2,1168,15
5695,1881,59,2,11729,0
5696,1882,120,1,22987,0
5697,1882,138,3,5435,0
5698,1882,79,3,7718,0
5699,1882,117,1,16602,0
5700,1882,43,2,69132,5
5701,1883,115,2,3558,10
5702,1883,87,2,6253,20
5703,1884,122,3,5675,5
5704,1884,112,1,8812,10
5705,1885,58,1,5881,0
5706,1885,69,3,1763,0
5707,1885,72,2,56852,5
5708,1885,38,3,61947,0
5709,1886,126,2,44365,5
5710,1886,148,3,23262,10
5711,1886,2,2,4027,20
5712,1886,77,1,16368,0
5713,1887,55,1,11943,15
5714,1888,66,2,14182,15
5715,1888,52,3,10374,0
5716,1889,121,2,31449,15
5717,1889,4,1,9654,15
5718,1889,107,1,2852,20
5719,1889,53,3,6141,5
5720,1890,14,3,34891,15
5721,1891,68,2,21251,20
5722,1891,147,2,7155,15
5723,1891,55,3,11943,5
5724,1891,57,1,43577,20
5725,1892,55,2,11943,0
5726,1893,37,3,13473,15
5727,1893,7,1,1137,0
5728,1893,99,1,10798,0
5729,1893,115,2,3558,10
5730,1893,75,2,15710,20
5731,1894,21,1,22149,0
5732,1895,146,1,2879,0
5733,1896,19,1,8855,0
5734,1896,17,1,22827,0
5735,1896,76,2,21281,5
5736,1897,141,2,20886,10
5737,1897,28,3,5795,0
5738,1898,53,1,6141,10
5739,1899,122,2,5675,10
5740,1899,30,2,64462,0
5741,1899,132,1,29436,10
5742,1900,142,1,7481,0
5743,1900,55,2,11943,10
5744,1900,131,2,18705,5
5745,1900,28,3,5795,5
5746,1900,119,1,5947,0
5747,1901,141,1,20886,5
5748,1901,54,1,23925,5
5749,1901,53,1,6141,15
5750,1902,69,3,1763,10
5751,1902,95,1,5785,10
5752,1903,67,1,1118,10
5753,1903,97,3,31743,10
5754,1903,65,3,4314,0
5755,1904,131,3,18705,0
5756,1904,89,3,32102,20
5757,1904,13,2,6575,5
5758,1904,19,2,8855,10
5759,1905,41,3,62050,0
5760,1906,104,2,1014,0
5761,1906,118,3,2198,0
5762,1906,59,3,11729,15
5763,1906,69,1,1763,0
5764,1907,29,2,5679,20
5765,1907,65,1,4314,0
5766,1907,2,3,4027,10
5767,1907,147,2,7155,0
5768,1908,131,2,18705,5
5769,1908,129,3,22197,20
5770,1909,35,2,3958,0
5771,1909,131,1,18705,20
5772,1909,137,3,98300,0
5773,1910,39,3,11179,20
5774,1911,15,3,4792,15
5775,1911,93,2,44770,20
5776,1912,129,2,22197,20
5777,1912,29,2,5679,5
5778,1912,101,2,104734,5
5779,1912,97,2,31743,0
5780,1912,119,3,5947,10
5781,1913,97,1,31743,0
5782,1914,53,3,6141,0
5783,1914,125,1,106692,20
5784,1914,54,1,23925,10
5785,1915,96,3,31762,0
5786,1916,31,3,18801,15
5787,1916,23,1,12370,0
5788,1916,88,1,2914,5
5789,1916,11,3,12063,20
5790,1917,93,2,44770,10
5791,1917,56,2,39996,20
5792,1917,70,3,23703,20
5793,1917,127,1,7024,0
5794,1918,24,3,22479,5
5795,1918,50,2,76133,10
5796,1918,29,1,5679,20
5797,1918,76,2,21281,5
5798,1919,76,1,21281,0
5799,1919,65,2,4314,15
5800,1919,42,1,12253,20
5801,1919,6,3,2386,5
5802,1920,145,3,2749,5
5803,1920,89,3,32102,0
5804,1920,71,2,6424,0
5805,1920,45,1,4793,20
5806,1921,106,1,8943,0
5807,1921,14,1,34891,10
5808,1921,24,1,22479,10
5809,1921,81,2,1827,0
5810,1921,101,1,104734,20
5811,1922,16,1,11167,0
5812,1922,53,2,6141,20
5813,1923,16,1,11167,15
5814,1924,121,3,31449,0
5815,1924,141,1,20886,10
5816,1924,31,3,18801,0
5817,1924,1,2,22303,15
5818,1924,83,2,4219,0
5819,1925,62,1,12613,0
5820,1926,112,1,8812,10
5821,1926,106,3,8943,0
5822,1927,141,2,20886,15
5823,1927,19,2,8855,20
5824,1927,93,2,44770,20
5825,1927,81,1,1827,20
5826,1928,148,1,23262,20
5827,1928,57,3,43577,5
5828,1928,66,2,14182,0
5829,1929,34,2,19613,5
5830,1929,82,3,20813,20
5831,1929,38,2,61947,15
5832,1929,116,1,49805,20
5833,1929,63,3,32668,0
5834,1930,138,2,5435,5
5835,1931,118,3,2198,15
5836,1931,147,3,7155,0
5837,1932,125,1,106692,10
5838,1932,108,1,83584,0
5839,1933,122,1,5675,5
5840,1933,107,2,2852,0
5841,1934,65,1,4314,0
5842,1934,85,2,96244,0
5843,1934,145,3,2749,5
5844,1935,103,1,5734,10
5845,1935,79,2,7718,15
5846,1935,7,3,1137,0
5847,1935,148,2,23262,0
5848,1936,29,3,5679,10
5849,1936,105,1,5388,10
5850,1936,88,1,2914,20
5851,1936,131,1,18705,10
5852,1937,120,2,22987,0
5853,1937,22,1,7737,20
5854,1937,31,3,18801,0
5855,1937,82,1,20813,0
5856,1937,142,3,7481,10
5857,1938,133,3,7704,0
5858,1938,93,3,44770,0
5859,1938,126,1,44365,10
5860,1938,14,1,34891,0
5861,1939,18,3,69910,10
5862,1940,108,3,83584,15
5863,1941,110,1,1902,15
5864,1941,56,3,39996,0
5865,1942,6,2,2386,20
5866,1942,37,1,13473,5
5867,1943,128,1,8256,15
5868,1943,77,2,16368,5
5869,1944,99,1,10798,15
5870,1944,110,2,1902,10
5871,1944,134,2,3277,20
5872,1944,69,1,1763,0
5873,1945,18,3,69910,5
5874,1945,75,3,15710,10
5875,1945,103,3,5734,20
5876,1946,137,3,98300,15
5877,1946,53,1,6141,15
5878,1946,79,2,7718,15
5879,1947,119,2,5947,10
5880,1947,106,2,8943,0
5881,1948,142,3,7481,10
5882,1948,128,2,8256,0
5883,1948,2,1,4027,20
5884,1949,80,3,25826,15
5885,1949,66,2,14182,20
5886,1949,118,3,2198,0
5887,1950,96,3,31762,0
5888,1951,15,2,4792,0
5889,1952,127,2,7024,0
5890,1953,2,1,4027,5
5891,1953,65,1,4314,0
5892,1953,8,3,7533,0
5893,1954,80,2,25826,0
5894,1955,18,2,69910,10
5895,1955,38,2,61947,20
5896,1956,27,1,5124,0
5897,1957,95,1,5785,10
5898,1957,50,2,76133,20
5899,1957,125,3,106692,5
5900,1957,71,1,6424,20
5901,1958,143,3,3379,15
5902,1958,52,3,10374,0
5903,1959,12,1,8038,0
5904,1959,22,2,7737,15
5905,1959,63,2,32668,0
5906,1959,86,2,5085,0
5907,1960,50,2,76133,0
5908,1960,147,1,7155,5
5909,1960,29,2,5679,5
5910,1960,112,1,8812,20
5911,1961,45,1,4793,20
5912,1961,116,2,49805,0
5913,1961,69,3,1763,0
5914,1961,27,3,5124,0
5915,1962,17,1,22827,0
5916,1962,116,1,49805,10
5917,1962,63,3,32668,0
5918,1962,23,1,12370,5
5919,1962,118,3,2198,5
5920,1963,146,1,2879,15
5921,1963,39,1,11179,0
5922,1963,35,1,3958,0
5923,1963,115,1,3558,20
5924,1963,120,3,22987,10
5925,1964,41,2,62050,10
5926,1964,16,1,11167,5
5927,1964,40,2,8292,0
5928,1965,29,2,5679,0
5929,1965,67,2,1118,0
5930,1966,18,3,69910,0
5931,1966,30,3,64462,0
5932,1966,88,1,2914,0
5933,1966,78,3,25106,20
5934,1966,7,3,1137,0
5935,1967,11,3,12063,15
5936,1968,86,1,5085,5
5937,1969,105,1,5388,5
5938,1969,90,1,2547,20
5939,1970,23,3,12370,0
5940,1970,15,1,4792,0
5941,1970,136,3,18015,10
5942,1970,133,1,7704,5
5943,1970,62,3,12613,0
5944,1971,31,3,18801,10
5945,1971,7,3,1137,5
5946,1971,95,2,5785,0
5947,1971,38,2,61947,15
5948,1972,16,2,11167,0
5949,1972,69,1,1763,0
5950,1973,66,3,14182,0
5951,1973,134,1,3277,0
5952,1973,9,3,10988,0
5953,1973,57,3,43577,5
5954,1973,83,2,4219,20
5955,1974,55,2,11943,5
5956,1975,65,3,4314,10
5957,1975,116,1,49805,0
5958,1976,20,2,12448,0
5959,1976,14,1,34891,0
5960,1977,1,1,22303,10
5961,1977,27,3,5124,10
5962,1978,53,3,6141,20
5963,1978,21,3,22149,5
5964,1978,105,1,5388,5
5965,1978,141,1,20886,0
5966,1978,34,3,19613,10
5967,1979,127,3,7024,10
5968,1980,12,1,8038,0
5969,1981,3,1,4862,0
5970,1981,124,3,802,0
5971,1981,31,1,18801,20
5972,1981,119,3,5947,15
5973,1982,2,1,4027,20
5974,1982,143,3,3379,20
5975,1982,100,1,10475,10
5976,1982,22,2,7737,20
5977,1983,128,2,8256,20
5978,1983,39,1,11179,10
5979,1983,107,1,2852,5
5980,1983,92,2,1168,5
5981,1983,90,1,2547,0
5982,1984,136,3,18015,0
5983,1984,112,2,8812,0
5984,1984,39,1,11179,15
5985,1984,116,2,49805,20
5986,1984,65,2,4314,20
5987,1985,56,3,39996,20
5988,1985,125,3,106692,5
5989,1985,27,3,5124,0
5990,1985,53,1,6141,0
5991,1986,19,2,8855,0
5992,1986,81,2,1827,5
5993,1986,80,1,25826,15
5994,1986,106,1,8943,0
5995,1987,80,1,25826,15
5996,1988,107,2,2852,5
5997,1988,144,1,6276,20
5998,1988,115,2,3558,5
5999,1988,56,2,39996,5
6000,1988,112,3,8812,10
6001,1989,101,3,104734,20
6002,1989,149,1,21714,0
6003,1990,62,3,12613,0
6004,1990,108,3,83584,10
6005,1990,22,1,7737,15
6006,1990,92,3,1168,0
6007,1990,49,2,5982,0
6008,1991,71,1,6424,5
6009,1992,139,2,36748,5
6010,1992,43,1,69132,10
6011,1993,108,3,83584,10
6012,1993,15,3,4792,20
6013,1993,130,3,3932,10
6014,1993,89,3,32102,0
6015,1993,122,3,5675,5
6016,1994,37,2,13473,0
6017,1994,29,1,5679,0
6018,1995,140,3,13494,10
6019,1995,26,3,19472,0
6020,1995,149,1,21714,5
6021,1996,26,1,19472,20
6022,1996,110,1,1902,0
6023,1997,28,1,5795,5
6024,1997,115,3,3558,10
6025,1997,82,1,20813,0
6026,1997,111,3,5235,20
6027,1998,45,2,4793,0
6028,1998,14,2,34891,5
6029,1998,31,2,18801,0
6030,1998,56,3,39996,15
6031,1998,4,1,9654,0
6032,1999,65,1,4314,5
6033,2000,16,3,11167,0
6034,2000,66,3,14182,0
6035,2000,129,3,22197,0
6036,2001,64,2,11154,20
6037,2001,148,2,23262,15
6038,2001,34,1,19613,10
6039,2001,42,3,12253,0
6040,2002,73,3,4391,0
6041,2002,19,3,8855,15
6042,2002,50,2,76133,20
6043,2002,86,2,5085,20
6044,2003,51,1,17314,0
6045,2003,109,3,7325,10
6046,2004,27,2,5124,0
6047,2004,56,1,39996,0
6048,2004,68,2,21251,0
6049,2005,141,3,20886,15
6050,2005,90,2,2547,0
6051,2005,13,3,6575,10
6052,2005,117,2,16602,0
6053,2006,125,2,106692,15
6054,2007,138,1,5435,10
6055,2007,18,2,69910,0
6056,2007,19,2,8855,5
6057,2007,55,1,11943,5
6058,2008,3,1,4862,15
6059,2008,49,1,5982,15
6060,2008,82,1,20813,15
6061,2009,66,2,14182,0
6062,2009,50,1,76133,0
6063,2009,64,3,11154,0
6064,2009,119,3,5947,20
6065,2010,42,3,12253,0
6066,2010,8,1,7533,20
6067,2010,43,2,69132,0
6068,2011,117,1,16602,10
6069,2011,18,3,69910,0
6070,2011,90,1,2547,0
6071,2011,112,2,8812,0
6072,2011,74,1,5168,10
6073,2012,83,2,4219,0
6074,2012,37,3,13473,15
6075,2012,80,3,25826,0
6076,2013,7,3,1137,0
6077,2014,47,3,26189,5
6078,2014,11,2,12063,10
6079,2014,65,3,4314,5
6080,2014,130,3,3932,0
6081,2014,103,1,5734,10
6082,2015,68,3,21251,15
6083,2015,25,1,21576,20
6084,2015,18,3,69910,20
6085,2015,146,1,2879,20
6086,2015,52,2,10374,0
6087,2016,101,2,104734,15
6088,2017,54,3,23925,10
6089,2017,80,3,25826,10
6090,2018,142,2,7481,5
6091,2019,47,3,26189,10
6092,2019,76,1,21281,5
6093,2019,67,3,1118,0
6094,2020,91,3,4612,20
6095,2020,6,2,2386,0
6096,2021,130,3,3932,5
6097,2021,3,3,4862,20
6098,2021,67,2,1118,0
6099,2022,88,1,2914,20
6100,2022,13,3,6575,10
6101,2022,70,1,23703,0
6102,2022,125,1,106692,20
6103,2023,76,3,21281,5
6104,2023,108,2,83584,5
6105,2023,101,3,104734,10
6106,2024,125,3,106692,20
6107,2025,120,3,22987,0
6108,2025,23,3,12370,5
6109,2025,22,1,7737,0
6110,2025,7,2,1137,5
6111,2025,58,2,5881,5
6112,2026,137,2,98300,15
6113,2026,116,2,49805,0
6114,2026,6,3,2386,15
6115,2026,26,3,19472,0
6116,2026,104,1,1014,0
6117,2027,87,2,6253,5
6118,2027,5,3,12605,10
6119,2027,75,1,15710,5
6120,2027,86,2,5085,0
6121,2027,89,1,32102,0
6122,2028,145,1,2749,0
6123,2028,45,1,4793,20
6124,2028,88,1,2914,0
6125,2028,122,1,5675,20
6126,2029,101,3,104734,20
6127,2029,81,1,1827,15
6128,2030,110,3,1902,5
6129,2030,15,1,4792,0
6130,2031,39,2,11179,10
6131,2032,1,3,22303,10
6132,2032,79,2,7718,0
6133,2033,58,2,5881,0
6134,2034,58,1,5881,15
6135,2034,68,3,21251,0
6136,2034,81,2,1827,10
6137,2034,76,3,21281,5
6138,2035,53,2,6141,5
6139,2035,59,3,11729,5
6140,2036,34,2,19613,0
6141,2036,122,2,5675,5
6142,2037,66,2,14182,15
6143,2037,106,1,8943,10
6144,2037,121,3,31449,10
6145,2037,145,3,2749,5
6146,2038,77,3,16368,0
6147,2038,65,1,4314,10
6148,2038,136,2,18015,20
6149,2039,129,2,22197,5
6150,2039,105,3,5388,5
6151,2040,115,2,3558,10
6152,2040,127,2,7024,0
6153,2040,94,1,24419,0
6154,2040,22,1,7737,0
6155,2041,17,1,22827,15
6156,2041,16,3,11167,0
6157,2042,95,3,5785,0
6158,2042,137,3,98300,0
6159,2042,41,2,62050,0
6160,2042,65,3,4314,20
6161,2043,49,2,5982,5
6162,2043,54,1,23925,15
6163,2043,36,3,6799,15
6164,2044,19,1,8855,15
6165,2045,22,3,7737,15
6166,2046,24,3,22479,0
6167,2047,117,2,16602,5
6168,2047,21,2,22149,0
6169,2047,83,3,4219,15
6170,2047,82,3,20813,5
6171,2048,111,1,5235,15
6172,2048,108,3,83584,0
6173,2048,104,3,1014,0
6174,2048,148,3,23262,0
6175,2049,19,3,8855,0
6176,2049,74,3,5168,15
6177,2049,45,1,4793,5
6178,2049,63,2,32668,0
6179,2049,1,1,22303,0
6180,2050,19,1,8855,0
6181,2050,68,1,21251,0
6182,2051,82,3,20813,10
6183,2051,123,1,5135,0
6184,2051,66,2,14182,15
6185,2051,57,3,43577,10
6186,2052,1,2,22303,10
6187,2052,51,2,17314,0
6188,2053,137,3,98300,0
6189,2053,131,2,18705,0
6190,2054,135,1,4575,0
6191,2054,130,1,3932,0
6192,2054,81,2,1827,0
6193,2055,100,3,10475,20
6194,2055,53,1,6141,0
6195,2055,72,1,56852,10
6196,2055,115,3,3558,20
6197,2055,85,3,96244,0
6198,2056,16,3,11167,5
6199,2056,141,2,20886,0
6200,2056,81,3,1827,20
6201,2056,21,1,22149,5
6202,2056,46,2,24848,0
6203,2057,83,3,4219,0
6204,2057,144,3,6276,15
6205,2058,51,2,17314,0
6206,2058,70,1,23703,15
6207,2058,35,3,3958,0
6208,2058,47,3,26189,5
6209,2059,139,2,36748,0
6210,2060,24,2,22479,15
6211,2060,53,2,6141,0
6212,2060,67,1,1118,20
6213,2060,23,1,12370,0
6214,2061,3,3,4862,0
6215,2061,123,3,5135,15
6216,2061,120,1,22987,0
6217,2062,85,3,96244,20
6218,2062,124,3,802,5
6219,2062,110,1,1902,15
6220,2063,50,2,76133,0
6221,2063,27,1,5124,5
6222,2063,39,2,11179,15
6223,2063,110,1,1902,10
6224,2063,72,3,56852,20
6225,2064,103,3,5734,15
6226,2064,25,3,21576,15
6227,2064,5,1,12605,0
6228,2064,17,3,22827,0
6229,2065,35,3,3958,5
6230,2065,41,1,62050,15
6231,2065,23,2,12370,20
6232,2065,135,3,4575,10
6233,2065,95,2,5785,0
6234,2066,24,1,22479,15
6235,2066,1,3,22303,15
6236,2066,3,3,4862,0
6237,2066,92,2,1168,0
6238,2066,62,1,12613,10
6239,2067,13,3,6575,15
6240,2068,69,3,1763,5
6241,2068,51,1,17314,0
6242,2069,88,3,2914,10
6243,2070,13,1,6575,20
6244,2070,77,1,16368,0
6245,2070,149,1,21714,5
6246,2070,8,2,7533,20
6247,2071,91,3,4612,10
6248,2071,12,3,8038,10
6249,2071,6,3,2386,0
6250,2071,69,2,1763,5
6251,2071,23,3,12370,0
6252,2072,118,3,2198,10
6253,2072,37,2,13473,10
6254,2072,59,3,11729,10
6255,2073,64,2,11154,15
6256,2073,20,1,12448,0
6257,2073,55,3,11943,0
6258,2073,105,1,5388,0
6259,2073,15,3,4792,20
6260,2074,74,3,5168,0
6261,2074,122,1,5675,0
6262,2074,22,1,7737,20
6263,2074,4,3,9654,15
6264,2074,57,2,43577,20
6265,2075,46,2,24848,0
6266,2075,78,3,25106,15
6267,2076,82,1,20813,10
6268,2076,120,1,22987,10
6269,2077,16,3,11167,0
6270,2077,88,1,2914,15
6271,2078,109,3,7325,15
6272,2078,143,1,3379,10
6273,2078,111,1,5235,0
6274,2078,88,3,2914,15
6275,2078,103,3,5734,15
6276,2079,1,1,22303,0
6277,2079,30,1,64462,0
6278,2079,142,2,7481,10
6279,2079,58,3,5881,0
6280,2079,42,2,12253,10
6281,2080,134,2,3277,0
6282,2080,136,3,18015,0
6283,2080,5,2,12605,0
6284,2080,108,3,83584,0
6285,2081,22,2,7737,15
6286,2081,63,1,32668,0
6287,2082,136,2,18015,10
6288,2082,133,3,7704,5
6289,2083,142,2,7481,5
6290,2083,104,2,1014,20
6291,2083,43,1,69132,20
6292,2084,110,1,1902,20
6293,2084,95,2,5785,20
6294,2084,85,3,96244,5
6295,2085,117,2,16602,15
6296,2085,64,3,11154,20
6297,2085,3,1,4862,0
6298,2085,14,1,34891,5
6299,2085,55,1,11943,20
6300,2086,42,1,12253,10
6301,2086,47,2,26189,20
6302,2086,75,3,15710,20
6303,2086,40,3,8292,0
6304,2087,14,3,34891,20
6305,2087,141,3,20886,0
6306,2087,69,2,1763,0
6307,2087,119,1,5947,0
6308,2087,23,2,12370,10
6309,2088,65,2,4314,15
6310,2088,100,2,10475,0
6311,2088,142,2,7481,0
6312,2088,108,2,83584,0
6313,2089,119,2,5947,20
6314,2090,14,3,34891,0
6315,2090,89,2,32102,15
6316,2091,143,2,3379,5
6317,2091,93,3,44770,15
6318,2092,95,2,5785,15
6319,2093,124,1,802,0
6320,2093,91,1,4612,5
6321,2093,85,1,96244,5
6322,2093,148,2,23262,0
6323,2094,1,2,22303,0
6324,2094,122,3,5675,20
6325,2094,6,3,2386,15
6326,2094,131,3,18705,0
6327,2095,42,3,12253,15
6328,2096,90,3,2547,0
6329,2096,55,2,11943,0
6330,2097,129,2,22197,5
6331,2097,73,2,4391,5
6332,2097,120,2,22987,10
6333,2098,71,3,6424,5
6334,2098,56,3,39996,5
6335,2098,82,1,20813,0
6336,2098,59,2,11729,20
6337,2098,118,3,2198,0
6338,2099,132,2,29436,15
6339,2100,126,1,44365,15
6340,2100,127,1,7024,0
6341,2100,34,1,19613,0
6342,2101,71,1,6424,0
6343,2101,65,2,4314,0
6344,2101,20,2,12448,10
6345,2101,145,2,2749,5
6346,2101,131,2,18705,0
6347,2102,106,3,8943,0
6348,2103,40,2,8292,0
6349,2103,145,2,2749,10
6350,2104,81,3,1827,5
6351,2104,132,2,29436,0
6352,2104,96,1,31762,20
6353,2104,136,3,18015,20
6354,2104,27,2,5124,15
6355,2105,121,1,31449,5
6356,2105,1,1,22303,0
6357,2105,80,2,25826,20
6358,2106,133,3,7704,0
6359,2106,66,3,14182,0
6360,2106,78,3,25106,0
6361,2106,34,1,19613,10
6362,2107,11,1,12063,10
6363,2107,34,2,19613,0
6364,2107,126,1,44365,0
6365,2107,7,2,1137,0
6366,2108,104,2,1014,10
6367,2109,48,3,4231,0
6368,2109,143,1,3379,15
6369,2109,84,2,13163,10
6370,2109,27,1,5124,15
6371,2109,107,3,2852,20
6372,2110,117,1,16602,0
6373,2110,132,3,29436,20
6374,2111,16,3,11167,10
6375,2111,124,1,802,0
6376,2111,35,1,3958,0
6377,2111,37,1,13473,20
6378,2112,51,2,17314,0
6379,2112,14,2,34891,15
6380,2112,127,2,7024,10
6381,2113,111,3,5235,0
6382,2113,121,1,31449,15
6383,2113,18,3,69910,0
6384,2113,72,3,56852,0
6385,2114,97,3,31743,0
6386,2114,42,2,12253,0
6387,2114,105,3,5388,5
6388,2114,7,1,1137,15
6389,2115,39,3,11179,20
6390,2116,35,1,3958,0
6391,2116,53,2,6141,15
6392,2117,133,3,7704,10
6393,2118,123,2,5135,0
6394,2118,71,3,6424,0
6395,2118,73,1,4391,0
6396,2119,26,2,19472,5
6397,2119,144,1,6276,10
6398,2119,91,1,4612,15
6399,2119,23,2,12370,0
6400,2119,57,1,43577,0
6401,2120,58,1,5881,10
6402,2120,121,2,31449,20
6403,2120,117,2,16602,0
6404,2120,139,2,36748,5
6405,2120,81,3,1827,0
6406,2121,66,1,14182,0
6407,2121,53,1,6141,5
6408,2121,86,1,5085,10
6409,2121,72,1,56852,5
6410,2121,17,1,22827,0
6411,2122,131,3,18705,15
6412,2122,13,2,6575,5
6413,2122,3,1,4862,10
6414,2122,115,1,3558,20
6415,2123,115,1,3558,0
6416,2123,131,2,18705,0
6417,2123,18,1,69910,0
6418,2123,112,3,8812,10
6419,2124,105,2,5388,20
6420,2124,59,2,11729,15
6421,2124,13,2,6575,20
6422,2124,60,2,87675,0
6423,2124,44,3,35472,5
6424,2125,86,3,5085,15
6425,2126,9,1,10988,0
6426,2126,132,3,29436,0
6427,2126,4,3,9654,10
6428,2126,62,2,12613,15
6429,2126,80,1,25826,0
6430,2127,27,3,5124,5
6431,2127,51,2,17314,0
6432,2127,107,2,2852,0
6433,2127,147,1,7155,0
6434,2127,39,2,11179,0
6435,2128,91,2,4612,20
6436,2128,46,1,24848,0
6437,2129,124,1,802,20
6438,2129,97,3,31743,0
6439,2129,74,1,5168,20
6440,2129,139,2,36748,10
6441,2129,3,1,4862,20
6442,2130,96,1,31762,5
6443,2130,122,2,5675,0
6444,2130,65,2,4314,5
6445,2130,87,3,6253,0
6446,2131,81,1,1827,20
6447,2132,88,2,2914,10
6448,2133,124,2,802,0
6449,2133,27,2,5124,15
6450,2133,134,1,3277,0
6451,2134,81,1,1827,0
6452,2134,20,1,12448,5
6453,2134,36,2,6799,10
6454,2134,68,1,21251,20
6455,2134,103,3,5734,15
6456,2135,70,2,23703,5
6457,2135,31,3,18801,5
6458,2135,124,1,802,0
6459,2135,109,2,7325,0
6460,2136,22,1,7737,0
6461,2136,128,1,8256,0
6462,2137,89,1,32102,20
6463,2137,135,1,4575,0
6464,2137,71,3,6424,0
6465,2137,91,3,4612,20
6466,2138,31,1,18801,0
6467,2138,146,2,2879,0
6468,2139,96,1,31762,0
6469,2139,80,1,25826,0
6470,2139,130,2,3932,10
6471,2139,111,2,5235,5
6472,2140,126,3,44365,20
6473,2140,41,2,62050,0
6474,2140,139,1,36748,5
6475,2141,55,3,11943,0
6476,2142,112,2,8812,15
6477,2142,3,3,4862,15
6478,2142,119,3,5947,0
6479,2143,129,2,22197,10
6480,2143,9,2,10988,5
6481,2143,121,1,31449,20
6482,2143,120,3,22987,0
6483,2143,124,3,802,10
6484,2144,50,2,76133,20
6485,2144,121,1,31449,0
6486,2144,19,1,8855,0
6487,2144,23,3,12370,10
6488,2144,16,2,11167,0
6489,2145,77,1,16368,0
6490,2145,54,1,23925,15
6491,2146,62,2,12613,20
6492,2146,68,3,21251,0
6493,2146,75,2,15710,10
6494,2146,103,2,5734,15
6495,2146,6,1,2386,15
6496,2147,120,2,22987,20
6497,2147,145,1,2749,10
6498,2147,106,2,8943,0
6499,2148,9,2,10988,20
6500,2149,130,3,3932,15
6501,2149,91,3,4612,20
6502,2149,66,1,14182,0
6503,2149,29,1,5679,0
6504,2149,31,2,18801,0
6505,2150,111,2,5235,20
6506,2150,81,1,1827,5
6507,2150,36,3,6799,20
6508,2150,97,2,31743,10
6509,2151,12,3,8038,10
6510,2151,62,1,12613,0
6511,2152,87,3,6253,5
6512,2153,142,2,7481,0
6513,2153,131,3,18705,0
6514,2153,43,2,69132,20
6515,2153,140,1,13494,20
6516,2154,30,1,64462,5
6517,2154,129,1,22197,0
6518,2154,106,1,8943,20
6519,2154,83,1,4219,10
6520,2154,80,3,25826,10
6521,2155,48,3,4231,5
6522,2156,43,1,69132,15
6523,2156,1,2,22303,0
6524,2157,143,3,3379,20
6525,2157,135,3,4575,0
6526,2157,38,1,61947,20
6527,2158,27,2,5124,0
6528,2159,46,3,24848,5
6529,2159,15,1,4792,5
6530,2159,62,3,12613,20
6531,2160,100,3,10475,5
6532,2161,3,2,4862,5
6533,2161,117,3,16602,0
6534,2161,14,1,34891,0
6535,2161,24,2,22479,5
6536,2161,70,1,23703,0
6537,2162,2,3,4027,0
6538,2162,26,3,19472,5
6539,2162,97,2,31743,10
6540,2162,13,2,6575,15
6541,2163,36,3,6799,15
6542,2163,13,2,6575,0
6543,2163,32,1,34048,0
6544,2163,42,3,12253,0
6545,2163,148,3,23262,5
6546,2164,91,3,4612,0
6547,2164,137,2,98300,20
6548,2164,44,1,35472,0
6549,2164,28,2,5795,20
6550,2164,145,1,2749,20
6551,2165,89,2,32102,0
6552,2165,125,2,106692,10
6553,2165,81,2,1827,20
6554,2165,30,1,64462,10
6555,2166,140,3,13494,0
6556,2167,64,1,11154,20
6557,2167,119,2,5947,0
6558,2167,126,1,44365,15
6559,2167,130,2,3932,0
6560,2168,45,1,4793,0
6561,2168,101,2,104734,20
6562,2168,96,3,31762,20
6563,2168,129,2,22197,0
6564,2169,144,1,6276,0
6565,2169,5,2,12605,10
6566,2169,79,2,7718,0
6567,2170,115,3,3558,0
6568,2171,109,3,7325,20
6569,2171,103,3,5734,20
6570,2172,111,1,5235,10
6571,2172,63,1,32668,15
6572,2173,40,1,8292,15
6573,2173,127,1,7024,20
6574,2173,65,2,4314,0
6575,2174,88,3,2914,0
6576,2174,115,3,3558,0
6577,2174,4,1,9654,10
6578,2174,3,1,4862,0
6579,2175,44,3,35472,0
6580,2175,43,3,69132,20
6581,2175,145,2,2749,10
6582,2176,94,1,24419,20
6583,2177,127,2,7024,0
6584,2177,64,1,11154,15
6585,2177,109,1,7325,0
6586,2178,124,3,802,0
6587,2178,110,2,1902,0
6588,2178,19,2,8855,10
6589,2179,15,3,4792,0
6590,2179,76,1,21281,5
6591,2179,48,3,4231,5
6592,2180,121,3,31449,0
6593,2180,97,2,31743,0
6594,2180,72,3,56852,10
6595,2180,60,2,87675,10
6596,2181,49,3,5982,15
6597,2181,92,1,1168,0
6598,2181,47,2,26189,0
6599,2181,139,1,36748,20
6600,2181,128,3,8256,0
6601,2182,91,1,4612,0
6602,2182,67,1,1118,5
6603,2182,56,2,39996,0
6604,2183,145,2,2749,0
6605,2184,86,1,5085,5
6606,2185,8,2,7533,15
6607,2186,15,1,4792,15
6608,2186,72,3,56852,15
6609,2186,73,2,4391,0
6610,2186,41,2,62050,0
6611,2187,24,1,22479,10
6612,2187,36,1,6799,5
6613,2187,86,3,5085,0
6614,2188,60,1,87675,10
6615,2188,83,3,4219,20
6616,2188,69,2,1763,0
6617,2189,34,1,19613,10
6618,2189,106,3,8943,15
6619,2189,118,1,2198,0
6620,2189,63,2,32668,0
6621,2190,145,3,2749,0
6622,2191,119,2,5947,0
6623,2191,20,1,12448,0
6624,2191,84,3,13163,10
6625,2191,12,3,8038,5
6626,2192,125,3,106692,0
6627,2192,21,3,22149,5
6628,2192,82,1,20813,10
6629,2192,51,1,17314,15
6630,2193,14,3,34891,0
6631,2194,56,2,39996,0
6632,2194,11,3,12063,10
6633,2194,75,1,15710,5
6634,2194,106,3,8943,5
6635,2194,31,3,18801,10
6636,2195,13,2,6575,20
6637,2195,93,3,44770,10
6638,2195,11,1,12063,5
6639,2195,103,2,5734,0
6640,2195,89,3,32102,0
6641,2196,149,1,21714,15
6642,2197,94,2,24419,0
6643,2197,115,2,3558,10
6644,2198,121,3,31449,0
6645,2198,141,2,20886,0
6646,2198,100,3,10475,10
6647,2198,28,1,5795,5
6648,2199,11,3,12063,5
6649,2199,119,2,5947,0
6650,2199,103,1,5734,20
6651,2199,142,3,7481,0
6652,2199,139,2,36748,0
6653,2200,97,2,31743,0
6654,2200,108,1,83584,10
6655,2200,56,1,39996,15
6656,2201,37,2,13473,10
6657,2202,130,3,3932,0
6658,2202,131,1,18705,5
6659,2202,65,2,4314,15
6660,2202,5,3,12605,5
6661,2203,76,3,21281,0
6662,2203,148,1,23262,20
6663,2203,131,1,18705,0
6664,2204,86,2,5085,0
6665,2204,7,3,1137,0
6666,2204,16,3,11167,15
6667,2205,108,3,83584,5
6668,2205,125,1,106692,0
6669,2205,64,2,11154,0
6670,2205,141,2,20886,0
6671,2206,59,1,11729,0
6672,2206,17,1,22827,10
6673,2206,8,2,7533,10
6674,2206,22,1,7737,0
6675,2206,78,2,25106,15
6676,2207,111,3,5235,10
6677,2207,105,2,5388,15
6678,2207,42,1,12253,0
6679,2208,90,2,2547,20
6680,2208,42,2,12253,15
6681,2209,36,1,6799,0
6682,2210,50,2,76133,0
6683,2211,140,3,13494,0
6684,2212,13,1,6575,10
6685,2212,146,1,2879,5
6686,2212,31,3,18801,10
6687,2212,49,2,5982,20
6688,2213,103,1,5734,5
6689,2213,52,2,10374,10
6690,2213,112,2,8812,20
6691,2213,23,3,12370,20
6692,2213,87,2,6253,0
6693,2214,41,1,62050,15
6694,2214,68,1,21251,0
6695,2214,145,2,2749,0
6696,2214,147,2,7155,0
6697,2214,106,2,8943,0
6698,2215,42,2,12253,15
6699,2216,67,3,1118,10
6700,2217,25,3,21576,20
6701,2217,136,3,18015,0
6702,2217,34,3,19613,0
6703,2217,28,2,5795,15
6704,2218,57,2,43577,0
6705,2218,78,2,25106,0
6706,2218,18,1,69910,20
6707,2218,13,1,6575,10
6708,2218,59,1,11729,0
6709,2219,43,3,69132,0
6710,2219,84,2,13163,20
6711,2220,112,1,8812,20
6712,2220,1,2,22303,5
6713,2220,74,1,5168,0
6714,2221,28,2,5795,20
6715,2221,71,2,6424,0
6716,2222,128,2,8256,15
6717,2222,72,2,56852,0
6718,2222,15,1,4792,0
6719,2223,62,1,12613,0
6720,2223,67,3,1118,5
6721,2223,29,2,5679,0
6722,2223,106,1,8943,20
6723,2223,77,2,16368,0
6724,2224,18,2,69910,5
6725,2224,13,2,6575,0
6726,2225,109,1,7325,0
6727,2225,89,1,32102,5
6728,2225,79,1,7718,5
6729,2225,110,2,1902,0
6730,2225,26,1,19472,0
6731,2226,80,2,25826,10
6732,2226,101,1,104734,5
6733,2226,140,1,13494,15
6734,2226,73,1,4391,5
6735,2226,138,1,5435,0
6736,2227,132,3,29436,0
6737,2227,59,3,11729,0
6738,2227,131,1,18705,20
6739,2227,84,1,13163,5
6740,2228,116,1,49805,0
6741,2229,79,2,7718,20
6742,2229,24,3,22479,5
6743,2229,95,2,5785,0
6744,2230,110,3,1902,0
6745,2230,91,2,4612,20
6746,2230,100,3,10475,0
6747,2230,44,1,35472,15
6748,2230,62,1,12613,0
6749,2231,49,3,5982,5
6750,2231,104,3,1014,0
6751,2231,109,3,7325,10
6752,2231,93,2,44770,15
6753,2231,57,2,43577,0
6754,2232,73,2,4391,15
6755,2232,137,3,98300,0
6756,2233,42,3,12253,20
6757,2233,130,2,3932,10
6758,2234,54,3,23925,5
6759,2234,34,2,19613,0
6760,2234,131,2,18705,0
6761,2235,85,3,96244,0
6762,2235,126,1,44365,15
6763,2236,51,2,17314,0
6764,2236,99,3,10798,10
6765,2236,71,3,6424,10
6766,2236,106,2,8943,0
6767,2236,81,1,1827,0
6768,2237,68,2,21251,15
6769,2237,36,1,6799,15
6770,2238,35,1,3958,10
6771,2238,16,1,11167,5
6772,2238,88,1,2914,0
6773,2239,23,2,12370,5
6774,2240,70,1,23703,20
6775,2240,68,1,21251,0
6776,2240,139,1,36748,15
6777,2240,22,3,7737,10
6778,2240,38,3,61947,0
6779,2241,15,3,4792,0
6780,2241,109,1,7325,0
6781,2241,130,2,3932,15
6782,2241,35,2,3958,10
6783,2241,53,1,6141,5
6784,2242,115,1,3558,0
6785,2242,19,3,8855,10
6786,2242,38,1,61947,0
6787,2243,77,1,16368,15
6788,2243,34,3,19613,15
6789,2243,131,3,18705,0
6790,2243,104,1,1014,0
6791,2244,65,2,4314,15
6792,2244,116,3,49805,10
6793,2244,137,1,98300,5
6794,2244,51,2,17314,5
6795,2245,19,3,8855,0
6796,2245,62,3,12613,20
6797,2245,48,2,4231,20
6798,2245,91,2,4612,0
6799,2245,38,1,61947,5
6800,2246,84,3,13163,5
6801,2246,50,2,76133,0
6802,2247,146,1,2879,0
6803,2247,119,2,5947,20
6804,2247,137,1,98300,0
6805,2247,30,1,64462,5
6806,2248,135,3,4575,0
6807,2248,130,3,3932,15
6808,2248,23,3,12370,20
6809,2248,89,3,32102,0
6810,2248,85,3,96244,5
6811,2249,46,2,24848,10
6812,2250,127,1,7024,5
6813,2250,46,1,24848,15
6814,2251,86,2,5085,0
6815,2251,138,3,5435,20
6816,2252,133,3,7704,20
6817,2252,127,2,7024,5
6818,2252,62,3,12613,0
6819,2252,124,2,802,0
6820,2252,53,3,6141,15
6821,2253,20,1,12448,5
6822,2254,143,1,3379,0
6823,2254,116,2,49805,15
6824,2255,78,1,25106,10
6825,2255,44,1,35472,0
6826,2255,55,2,11943,0
6827,2255,56,1,39996,15
6828,2255,8,3,7533,15
6829,2256,38,1,61947,0
6830,2256,138,2,5435,15
6831,2256,127,3,7024,10
6832,2256,60,3,87675,0
6833,2256,46,1,24848,0
6834,2257,93,1,44770,0
6835,2257,41,1,62050,10
6836,2257,50,2,76133,20
6837,2257,1,1,22303,10
6838,2257,128,2,8256,0
6839,2258,133,1,7704,15
6840,2258,118,2,2198,0
6841,2259,25,1,21576,0
6842,2259,5,3,12605,0
6843,2259,97,3,31743,0
6844,2260,47,1,26189,5
6845,2260,56,1,39996,5
6846,2260,14,1,34891,0
6847,2260,4,1,9654,0
6848,2261,73,3,4391,0
6849,2261,39,1,11179,5
6850,2262,39,1,11179,0
6851,2262,8,2,7533,20
6852,2262,30,2,64462,10
6853,2262,112,2,8812,20
6854,2262,107,3,2852,5
6855,2263,75,1,15710,5
6856,2263,68,1,21251,5
6857,2263,18,2,69910,0
6858,2264,149,2,21714,15
6859,2264,8,3,7533,0
6860,2264,27,2,5124,5
6861,2265,140,3,13494,0
6862,2265,1,2,22303,0
6863,2266,110,2,1902,20
6864,2266,112,1,8812,15
6865,2266,27,2,5124,0
6866,2266,52,1,10374,15
6867,2266,34,1,19613,15
6868,2267,148,1,23262,0
6869,2267,52,2,10374,15
6870,2267,124,1,802,15
6871,2267,121,3,31449,0
6872,2267,81,2,1827,5
6873,2268,13,1,6575,0
6874,2268,29,1,5679,20
6875,2268,24,2,22479,0
6876,2269,147,2,7155,0
6877,2269,149,1,21714,0
6878,2269,145,2,2749,0
6879,2269,48,3,4231,10
6880,2270,2,1,4027,20
6881,2270,128,2,8256,20
6882,2270,32,1,34048,0
6883,2270,147,3,7155,0
6884,2270,118,2,2198,15
6885,2271,13,3,6575,20
6886,2271,87,2,6253,10
6887,2272,24,1,22479,0
6888,2272,29,3,5679,0
6889,2272,51,2,17314,5
6890,2272,122,2,5675,0
6891,2272,148,2,23262,20
6892,2273,1,3,22303,5
6893,2273,148,1,23262,20
6894,2273,95,1,5785,0
6895,2273,143,3,3379,0
6896,2274,101,2,104734,5
6897,2274,17,2,22827,15
6898,2274,2,3,4027,0
6899,2274,139,1,36748,15
6900,2274,53,3,6141,15
6901,2275,75,3,15710,0
6902,2275,105,3,5388,20
6903,2275,29,3,5679,10
6904,2275,31,3,18801,5
6905,2276,106,1,8943,10
6906,2276,14,3,34891,5
6907,2276,59,3,11729,10
6908,2277,139,3,36748,20
6909,2277,107,2,2852,20
6910,2277,28,1,5795,10
6911,2278,3,3,4862,0
6912,2278,2,3,4027,10
6913,2278,128,3,8256,20
6914,2278,64,3,11154,15
6915,2278,135,2,4575,20
6916,2279,30,2,64462,10
6917,2279,13,1,6575,15
6918,2279,123,2,5135,0
6919,2280,80,2,25826,10
6920,2280,123,1,5135,15
6921,2281,139,2,36748,15
6922,2281,56,3,39996,15
6923,2281,140,3,13494,15
6924,2282,84,2,13163,5
6925,2282,123,3,5135,20
6926,2282,137,3,98300,0
6927,2282,60,2,87675,5
6928,2282,135,3,4575,0
6929,2283,16,3,11167,15
6930,2283,121,1,31449,20
6931,2284,84,3,13163,15
6932,2284,7,1,1137,5
6933,2285,53,2,6141,0
6934,2285,136,1,18015,0
6935,2286,89,1,32102,20
6936,2286,13,3,6575,20
6937,2286,50,2,76133,0
6938,2286,60,1,87675,0
6939,2286,24,2,22479,0
6940,2287,123,3,5135,15
6941,2287,42,1,12253,0
6942,2287,71,1,6424,0
6943,2288,88,2,2914,0
6944,2288,9,2,10988,15
6945,2288,66,2,14182,0
6946,2288,95,1,5785,0
6947,2289,115,2,3558,20
6948,2289,83,2,4219,10
6949,2290,29,3,5679,0
6950,2290,149,3,21714,10
6951,2291,8,1,7533,0
6952,2291,120,1,22987,20
6953,2291,109,1,7325,10
6954,2292,94,2,24419,0
6955,2292,67,2,1118,20
6956,2292,2,2,4027,10
6957,2292,69,2,1763,0
6958,2293,135,2,4575,5
6959,2294,38,2,61947,20
6960,2294,132,1,29436,10
6961,2295,141,1,20886,15
6962,2296,5,2,12605,0
6963,2296,50,3,76133,0
6964,2296,41,2,62050,0
6965,2296,17,2,22827,20
6966,2296,121,3,31449,0
6967,2297,47,1,26189,0
6968,2298,9,1,10988,5
6969,2298,125,1,106692,15
6970,2298,119,1,5947,10
6971,2298,129,3,22197,0
6972,2298,44,3,35472,0
6973,2299,43,2,69132,0
6974,2299,101,1,104734,5
6975,2299,40,1,8292,0
6976,2299,30,1,64462,5
6977,2299,1,1,22303,20
6978,2300,126,3,44365,0
6979,2300,121,1,31449,5
6980,2301,145,1,2749,5
6981,2301,121,1,31449,0
6982,2301,45,1,4793,15
6983,2301,148,3,23262,10
6984,2301,40,3,8292,15
6985,2302,149,3,21714,5
6986,2302,15,2,4792,10
6987,2302,78,3,25106,0
6988,2302,70,1,23703,15
6989,2302,112,2,8812,5
6990,2303,117,2,16602,5
6991,2304,126,3,44365,5
6992,2304,58,3,5881,0
6993,2304,123,2,5135,5
6994,2305,73,2,4391,20
6995,2305,112,1,8812,5
6996,2305,85,1,96244,0
6997,2305,130,3,3932,10
6998,2305,127,3,7024,10
6999,2306,17,3,22827,15
7000,2306,37,1,13473,15
7001,2306,139,3,36748,20
7002,2306,40,2,8292,0
7003,2306,108,1,83584,5
7004,2307,116,3,49805,10
7005,2307,9,1,10988,20
7006,2307,89,1,32102,0
7007,2307,105,3,5388,20
7008,2307,107,3,2852,5
7009,2308,39,2,11179,10
7010,2309,96,2,31762,15
7011,2309,64,3,11154,0
7012,2310,23,1,12370,15
7013,2310,70,1,23703,5
7014,2310,6,1,2386,15
7015,2310,141,3,20886,20
7016,2310,120,3,22987,15
7017,2311,12,2,8038,15
7018,2311,130,1,3932,15
7019,2312,60,3,87675,10
7020,2312,116,2,49805,15
7021,2313,111,2,5235,0
7022,2313,23,1,12370,0
7023,2313,15,3,4792,0
7024,2314,96,1,31762,0
7025,2314,8,2,7533,15
7026,2314,48,2,4231,10
7027,2314,4,2,9654,0
7028,2314,100,3,10475,20
7029,2315,128,3,8256,20
7030,2315,97,3,31743,5
7031,2316,116,3,49805,20
7032,2316,86,3,5085,5
7033,2317,104,3,1014,15
7034,2317,70,1,23703,0
7035,2318,120,1,22987,20
7036,2318,78,3,25106,20
7037,2319,62,3,12613,10
7038,2319,121,3,31449,10
7039,2319,116,2,49805,5
7040,2319,107,3,2852,0
7041,2320,24,2,22479,10
7042,2320,125,2,106692,10
7043,2320,81,3,1827,5
7044,2320,13,3,6575,10
7045,2321,57,2,43577,10
7046,2322,121,2,31449,0
7047,2322,69,3,1763,10
7048,2322,71,3,6424,10
7049,2323,40,1,8292,0
7050,2323,120,1,22987,15
7051,2323,29,1,5679,15
7052,2324,111,3,5235,10
7053,2324,116,3,49805,15
7054,2324,138,2,5435,10
7055,2325,32,3,34048,5
7056,2325,136,3,18015,15
7057,2325,56,1,39996,15
7058,2325,15,2,4792,15
7059,2326,115,1,3558,0
7060,2326,71,3,6424,5
7061,2327,44,3,35472,10
7062,2327,140,1,13494,0
7063,2327,131,2,18705,5
7064,2327,148,3,23262,0
7065,2327,28,3,5795,15
7066,2328,47,1,26189,5
7067,2328,67,3,1118,10
7068,2328,124,2,802,15
7069,2329,49,1,5982,20
7070,2329,135,2,4575,0
7071,2329,90,1,2547,10
7072,2329,145,1,2749,5
7073,2330,142,2,7481,0
7074,2330,126,3,44365,0
7075,2330,128,2,8256,20
7076,2330,88,2,2914,0
7077,2330,79,1,7718,0
7078,2331,57,1,43577,15
7079,2331,112,2,8812,0
7080,2331,1,3,22303,0
7081,2331,88,3,2914,10
7082,2331,119,1,5947,0
7083,2332,75,2,15710,20
7084,2332,143,2,3379,5
7085,2333,19,2,8855,5
7086,2334,17,1,22827,15
7087,2334,127,2,7024,0
7088,2335,101,1,104734,0
7089,2336,15,2,4792,15
7090,2336,57,1,43577,20
7091,2337,124,1,802,20
7092,2337,94,1,24419,20
7093,2337,115,1,3558,0
7094,2338,50,2,76133,0
7095,2338,132,2,29436,15
7096,2338,146,2,2879,0
7097,2338,14,3,34891,20
7098,2338,107,3,2852,0
7099,2339,79,1,7718,0
7100,2339,22,3,7737,20
7101,2339,141,3,20886,15
7102,2340,146,3,2879,0
7103,2340,103,2,5734,10
7104,2340,118,3,2198,10
7105,2340,12,3,8038,20
7106,2340,84,2,13163,0
7107,2341,88,1,2914,0
7108,2342,125,1,106692,0
7109,2342,25,2,21576,5
7110,2342,45,3,4793,5
7111,2342,56,2,39996,0
7112,2342,43,2,69132,20
7113,2343,50,3,76133,5
7114,2343,128,3,8256,5
7115,2343,39,1,11179,15
7116,2344,60,2,87675,0
7117,2344,72,3,56852,10
7118,2344,120,1,22987,20
7119,2344,22,1,7737,0
7120,2344,2,3,4027,15
7121,2345,116,3,49805,0
7122,2345,47,2,26189,5
7123,2345,52,3,10374,15
7124,2346,95,2,5785,0
7125,2346,128,3,8256,15
7126,2346,58,3,5881,20
7127,2346,17,1,22827,0
7128,2346,35,3,3958,0
7129,2347,42,2,12253,0
7130,2348,125,1,106692,5
7131,2348,11,2,12063,10
7132,2348,79,3,7718,20
7133,2348,28,1,5795,0
7134,2349,63,2,32668,10
7135,2349,143,1,3379,0
7136,2349,106,2,8943,10
7137,2349,91,3,4612,0
7138,2350,20,2,12448,10
7139,2350,44,3,35472,0
7140,2351,116,1,49805,0
7141,2352,74,1,5168,15
7142,2352,9,3,10988,10
7143,2352,132,2,29436,0
7144,2352,111,1,5235,0
7145,2353,8,1,7533,20
7146,2353,32,2,34048,0
7147,2353,65,3,4314,0
7148,2353,137,1,98300,0
7149,2353,135,2,4575,10
7150,2354,5,2,12605,0
7151,2354,31,1,18801,0
7152,2354,97,2,31743,5
7153,2354,58,1,5881,0
7154,2354,55,3,11943,15
7155,2355,103,3,5734,10
7156,2355,97,2,31743,5
7157,2355,118,3,2198,10
7158,2356,99,2,10798,15
7159,2356,7,1,1137,15
7160,2356,91,3,4612,5
7161,2357,77,3,16368,0
7162,2357,21,1,22149,15
7163,2357,60,2,87675,0
7164,2358,136,1,18015,20
7165,2358,44,1,35472,10
7166,2358,21,3,22149,15
7167,2358,106,1,8943,0
7168,2358,84,2,13163,20
7169,2359,17,1,22827,20
7170,2359,55,3,11943,0
7171,2360,7,3,1137,20
7172,2360,139,3,36748,0
7173,2361,47,1,26189,15
7174,2361,25,2,21576,0
7175,2362,6,1,2386,20
7176,2362,68,3,21251,0
7177,2362,25,3,21576,0
7178,2363,17,2,22827,10
7179,2363,7,2,1137,0
7180,2363,76,1,21281,20
7181,2364,149,3,21714,0
7182,2365,97,3,31743,20
7183,2365,129,3,22197,10
7184,2365,19,2,8855,15
7185,2365,54,1,23925,5
7186,2365,57,2,43577,10
7187,2366,31,1,18801,20
7188,2366,41,1,62050,10
7189,2367,78,3,25106,20
7190,2368,143,2,3379,0
7191,2368,19,1,8855,0
7192,2368,103,3,5734,0
7193,2368,111,3,5235,10
7194,2368,81,3,1827,0
7195,2369,106,2,8943,0
7196,2369,55,1,11943,20
7197,2369,26,2,19472,20
7198,2370,131,1,18705,0
7199,2371,137,2,98300,0
7200,2372,55,1,11943,20
7201,2372,43,1,69132,0
7202,2373,69,3,1763,5
7203,2374,42,1,12253,0
7204,2374,95,1,5785,20
7205,2374,125,2,106692,20
7206,2375,136,2,18015,20
7207,2375,21,3,22149,20
7208,2375,25,2,21576,20
7209,2375,16,1,11167,0
7210,2376,108,2,83584,10
7211,2376,126,3,44365,0
7212,2376,6,2,2386,10
7213,2376,4,2,9654,5
7214,2377,17,3,22827,15
7215,2377,8,2,7533,10
7216,2377,134,1,3277,20
7217,2377,29,1,5679,10
7218,2378,53,2,6141,0
7219,2378,67,1,1118,20
7220,2378,49,2,5982,0
7221,2378,58,3,5881,20
7222,2379,66,2,14182,10
7223,2379,127,3,7024,0
7224,2380,100,2,10475,15
7225,2380,148,2,23262,0
7226,2381,7,1,1137,20
7227,2381,57,1,43577,5
7228,2381,83,2,4219,10
7229,2381,140,3,13494,0
7230,2382,144,1,6276,0
7231,2382,5,3,12605,0
7232,2383,74,3,5168,0
7233,2383,140,1,13494,5
7234,2383,118,1,2198,5
7235,2383,130,1,3932,0
7236,2384,46,2,24848,0
7237,2384,121,1,31449,0
7238,2384,131,2,18705,10
7239,2385,68,2,21251,0
7240,2385,22,3,7737,0
7241,2385,99,3,10798,0
7242,2386,103,1,5734,20
7243,2386,32,1,34048,5
7244,2386,28,1,5795,0
7245,2386,82,3,20813,10
7246,2386,104,1,1014,5
7247,2387,70,3,23703,0
7248,2387,47,2,26189,10
7249,2387,107,2,2852,20
7250,2388,78,3,25106,15
7251,2388,73,2,4391,0
7252,2389,63,1,32668,20
7253,2390,41,1,62050,0
7254,2390,135,3,4575,5
7255,2391,121,3,31449,20
7256,2392,16,1,11167,20
7257,2392,87,3,6253,0
7258,2392,123,2,5135,0
7259,2393,31,1,18801,0
7260,2393,19,2,8855,20
7261,2393,51,3,17314,15
7262,2393,111,2,5235,10
7263,2393,70,2,23703,0
7264,2394,88,1,2914,10
7265,2394,89,2,32102,0
7266,2394,34,2,19613,10
7267,2394,82,3,20813,5
7268,2395,94,2,24419,0
7269,2395,119,3,5947,0
7270,2395,36,1,6799,0
7271,2395,129,2,22197,15
7272,2396,126,3,44365,0
7273,2396,76,1,21281,0
7274,2396,85,3,96244,0
7275,2397,75,3,15710,15
7276,2397,139,1,36748,0
7277,2397,132,1,29436,5
7278,2397,25,1,21576,5
7279,2398,122,3,5675,15
7280,2398,109,1,7325,0
7281,2398,21,2,22149,20
7282,2399,47,3,26189,0
7283,2399,66,1,14182,20
7284,2399,84,3,13163,0
7285,2400,109,3,7325,0
7286,2400,133,1,7704,0
7287,2400,34,2,19613,0
7288,2401,91,3,4612,10
7289,2402,11,3,12063,0
7290,2402,141,2,20886,15
7291,2402,75,3,15710,0
7292,2402,20,1,12448,5
7293,2403,103,3,5734,20
7294,2403,22,3,7737,0
7295,2403,28,1,5795,20
7296,2404,133,3,7704,20
7297,2404,57,3,43577,20
7298,2404,140,2,13494,15
7299,2405,134,3,3277,10
7300,2405,125,1,106692,15
7301,2405,2,1,4027,0
7302,2405,16,1,11167,0
7303,2405,128,2,8256,0
7304,2406,45,2,4793,10
7305,2406,109,3,7325,0
7306,2407,118,3,2198,15
7307,2407,96,2,31762,5
7308,2407,55,1,11943,5
7309,2407,148,2,23262,5
7310,2407,58,3,5881,10
7311,2408,128,3,8256,10
7312,2408,3,1,4862,5
7313,2409,112,2,8812,20
7314,2409,119,3,5947,0
7315,2409,60,3,87675,10
7316,2409,45,1,4793,0
7317,2409,11,3,12063,0
7318,2410,146,3,2879,0
7319,2410,120,3,22987,5
7320,2410,110,2,1902,0
7321,2411,85,2,96244,5
7322,2411,121,2,31449,15
7323,2411,37,2,13473,0
7324,2411,117,3,16602,10
7325,2412,93,2,44770,0
7326,2412,1,1,22303,20
7327,2412,12,1,8038,0
7328,2412,52,1,10374,5
7329,2413,35,3,3958,0
7330,2413,105,2,5388,0
7331,2414,126,2,44365,20
7332,2415,91,2,4612,15
7333,2415,40,2,8292,0
7334,2415,41,1,62050,0
7335,2415,73,2,4391,15
7336,2415,127,3,7024,0
7337,2416,56,3,39996,0
7338,2416,108,1,83584,0
7339,2416,110,2,1902,5
7340,2417,94,2,24419,0
7341,2417,108,1,83584,5
7342,2417,43,3,69132,0
7343,2417,141,1,20886,0
7344,2417,63,3,32668,0
7345,2418,15,1,4792,15
7346,2418,2,1,4027,0
7347,2418,147,1,7155,0
7348,2418,83,3,4219,5
7349,2419,145,3,2749,0
7350,2420,132,2,29436,5
7351,2420,148,1,23262,5
7352,2420,4,1,9654,10
7353,2421,104,2,1014,20
7354,2421,146,3,2879,0
7355,2421,5,2,12605,0
7356,2421,79,3,7718,20
7357,2422,43,1,69132,15
7358,2422,119,1,5947,15
7359,2422,78,2,25106,0
7360,2422,8,3,7533,10
7361,2422,86,2,5085,10
7362,2423,142,3,7481,20
7363,2423,57,3,43577,0
7364,2424,58,1,5881,0
7365,2424,57,1,43577,10
7366,2424,22,3,7737,0
7367,2424,100,3,10475,20
7368,2424,6,3,2386,5
7369,2425,3,2,4862,15
7370,2425,107,3,2852,10
7371,2425,119,2,5947,15
7372,2426,112,3,8812,10
7373,2426,128,3,8256,10
7374,2426,25,2,21576,0
7375,2426,80,1,25826,10
7376,2427,63,3,32668,0
7377,2428,42,2,12253,0
7378,2428,28,3,5795,20
7379,2429,112,3,8812,10
7380,2429,62,2,12613,10
7381,2430,93,2,44770,20
7382,2430,86,3,5085,15
7383,2430,77,2,16368,0
7384,2430,112,1,8812,5
7385,2430,96,1,31762,10
7386,2431,5,3,12605,0
7387,2432,93,3,44770,20
7388,2432,105,2,5388,0
7389,2433,123,3,5135,5
7390,2433,72,1,56852,20
7391,2433,57,1,43577,10
7392,2433,18,1,69910,0
7393,2433,117,3,16602,0
7394,2434,56,2,39996,20
7395,2434,42,2,12253,20
7396,2434,111,3,5235,10
7397,2434,83,3,4219,15
7398,2435,75,2,15710,20
7399,2435,25,1,21576,20
7400,2435,131,3,18705,15
7401,2436,97,2,31743,0
7402,2436,29,2,5679,20
7403,2436,4,1,9654,15
7404,2437,57,3,43577,0
7405,2437,63,3,32668,20
7406,2437,146,3,2879,0
7407,2437,120,1,22987,10
7408,2438,24,2,22479,10
7409,2438,149,2,21714,15
7410,2438,51,2,17314,5
7411,2439,66,1,14182,10
7412,2439,71,2,6424,10
7413,2439,94,2,24419,10
7414,2440,16,1,11167,10
7415,2440,41,3,62050,15
7416,2440,65,3,4314,20
7417,2441,80,2,25826,0
7418,2441,63,3,32668,5
7419,2442,105,3,5388,5
7420,2442,9,1,10988,0
7421,2442,64,3,11154,10
7422,2443,78,3,25106,20
7423,2443,103,1,5734,0
7424,2443,117,2,16602,5
7425,2443,1,2,22303,5
7426,2443,80,2,25826,5
7427,2444,117,1,16602,0
7428,2445,109,3,7325,10
7429,2445,84,3,13163,15
7430,2445,93,1,44770,15
7431,2445,149,3,21714,15
7432,2445,110,1,1902,0
7433,2446,100,3,10475,5
7434,2446,36,3,6799,15
7435,2447,84,1,13163,10
7436,2447,1,2,22303,20
7437,2447,7,2,1137,0
7438,2448,79,2,7718,0
7439,2448,94,3,24419,0
7440,2449,31,3,18801,20
7441,2449,51,3,17314,0
7442,2449,108,1,83584,0
7443,2450,144,2,6276,20
7444,2450,120,3,22987,5
7445,2450,22,1,7737,5
7446,2450,136,1,18015,10
7447,2451,44,1,35472,5
7448,2451,97,3,31743,0
7449,2452,21,2,22149,10
7450,2452,52,2,10374,0
7451,2453,57,2,43577,20
7452,2454,122,3,5675,0
7453,2454,69,2,1763,5
7454,2455,9,1,10988,5
7455,2455,62,3,12613,20
7456,2456,46,1,24848,0
7457,2457,34,3,19613,15
7458,2458,49,2,5982,0
7459,2459,17,1,22827,0
7460,2459,117,1,16602,20
7461,2460,105,2,5388,0
7462,2460,29,1,5679,0
7463,2460,109,1,7325,0
7464,2460,148,1,23262,0
7465,2460,14,1,34891,20
7466,2461,28,2,5795,15
7467,2461,4,2,9654,20
7468,2461,68,1,21251,10
7469,2462,64,2,11154,10
7470,2462,73,2,4391,0
7471,2462,116,2,49805,0
7472,2462,87,3,6253,15
7473,2462,71,3,6424,0
7474,2463,71,3,6424,10
7475,2463,91,1,4612,15
7476,2463,107,3,2852,15
7477,2463,118,3,2198,20
7478,2464,74,2,5168,0
7479,2464,22,3,7737,10
7480,2465,118,3,2198,20
7481,2465,48,3,4231,10
7482,2465,84,2,13163,5
7483,2465,51,2,17314,20
7484,2466,26,2,19472,20
7485,2467,79,3,7718,0
7486,2467,101,1,104734,20
7487,2467,140,3,13494,5
7488,2467,85,1,96244,10
7489,2468,146,2,2879,0
7490,2468,108,1,83584,0
7491,2469,111,2,5235,5
7492,2469,131,1,18705,20
7493,2469,13,2,6575,15
7494,2469,34,2,19613,20
7495,2469,107,3,2852,0
7496,2470,55,3,11943,0
7497,2470,24,2,22479,0
7498,2471,105,3,5388,0
7499,2471,9,3,10988,20
7500,2471,1,3,22303,20
7501,2472,96,1,31762,0
7502,2473,24,3,22479,0
7503,2473,51,3,17314,0
7504,2474,66,1,14182,15
7505,2474,41,3,62050,15
7506,2475,70,2,23703,15
7507,2475,60,3,87675,20
7508,2475,29,1,5679,0
7509,2476,71,3,6424,20
7510,2476,53,3,6141,5
7511,2477,13,1,6575,5
7512,2477,41,3,62050,0
7513,2477,26,1,19472,0
7514,2478,4,1,9654,20
7515,2479,92,1,1168,15
7516,2479,126,2,44365,0
7517,2479,140,3,13494,5
7518,2479,119,2,5947,0
7519,2480,144,2,6276,0
7520,2480,39,2,11179,15
7521,2480,53,1,6141,0
7522,2480,134,3,3277,0
7523,2480,41,1,62050,0
7524,2481,88,1,2914,0
7525,2482,43,2,69132,5
7526,2482,2,2,4027,5
7527,2482,71,2,6424,15
7528,2482,120,1,22987,10
7529,2483,136,3,18015,15
7530,2483,122,1,5675,0
7531,2483,22,3,7737,5
7532,2484,96,3,31762,0
7533,2484,51,2,17314,0
7534,2484,28,1,5795,15
7535,2484,100,3,10475,0
7536,2485,59,1,11729,20
7537,2485,1,2,22303,0
7538,2485,34,2,19613,0
7539,2486,126,1,44365,0
7540,2486,83,1,4219,10
7541,2486,73,3,4391,20
7542,2487,66,3,14182,5
7543,2487,74,1,5168,10
7544,2488,81,2,1827,0
7545,2488,60,3,87675,10
7546,2489,19,1,8855,20
7547,2489,143,2,3379,10
7548,2489,142,2,7481,0
7549,2489,137,3,98300,20
7550,2490,69,3,1763,0
7551,2490,58,2,5881,0
7552,2490,124,3,802,20
7553,2490,119,1,5947,0
7554,2490,59,1,11729,0
7555,2491,12,1,8038,15
7556,2491,120,1,22987,0
7557,2491,4,3,9654,15
7558,2491,78,3,25106,0
7559,2491,123,2,5135,10
7560,2492,125,1,106692,0
7561,2493,1,3,22303,5
7562,2494,145,1,2749,10
7563,2494,35,1,3958,20
7564,2495,70,3,23703,0
7565,2495,120,1,22987,20
7566,2495,37,1,13473,0
7567,2495,117,3,16602,20
7568,2495,58,2,5881,15
7569,2496,107,2,2852,0
7570,2496,9,1,10988,0
7571,2496,73,1,4391,0
7572,2496,147,3,7155,0
7573,2497,25,2,21576,0
7574,2497,30,1,64462,0
7575,2497,141,1,20886,0
7576,2497,83,1,4219,20
7577,2497,118,2,2198,15
7578,2498,82,3,20813,15
7579,2499,90,3,2547,15
7580,2499,93,2,44770,10
7581,2499,96,2,31762,0
7582,2499,149,1,21714,10
7583,2500,110,3,1902,5
7584,2500,52,2,10374,10
7585,2501,134,2,3277,20
7586,2501,129,3,22197,5
7587,2501,132,1,29436,0
7588,2501,97,2,31743,0
7589,2501,56,2,39996,0
7590,2502,80,1,25826,0
7591,2502,48,3,4231,10
7592,2502,118,1,2198,15
7593,2502,133,2,7704,20
7594,2502,36,2,6799,0
7595,2503,29,2,5679,10
7596,2503,89,1,32102,0
7597,2504,43,1,69132,0
7598,2504,21,3,22149,10
7599,2504,70,2,23703,0
7600,2504,4,2,9654,20
7601,2505,24,3,22479,0
7602,2505,91,2,4612,5
7603,2505,131,3,18705,10
7604,2505,60,2,87675,5
7605,2505,143,3,3379,0
7606,2506,32,2,34048,0
7607,2506,13,2,6575,0
7608,2506,49,1,5982,15
7609,2506,52,1,10374,0
7610,2507,96,3,31762,20
7611,2507,128,3,8256,0
7612,2507,28,2,5795,15
7613,2508,32,1,34048,15
7614,2509,55,3,11943,5
7615,2509,49,3,5982,0
7616,2509,111,2,5235,10
7617,2509,2,3,4027,15
7618,2510,142,2,7481,15
7619,2511,79,2,7718,5
7620,2511,57,1,43577,0
7621,2511,52,2,10374,0
7622,2511,111,1,5235,5
7623,2511,74,2,5168,20
7624,2512,71,3,6424,15
7625,2512,89,2,32102,5
7626,2512,140,3,13494,0
7627,2512,121,3,31449,15
7628,2513,74,2,5168,20
7629,2513,121,2,31449,15
7630,2514,134,3,3277,20
7631,2514,46,3,24848,10
7632,2514,2,3,4027,5
7633,2514,73,2,4391,0
7634,2515,75,2,15710,10
7635,2515,149,1,21714,0
7636,2515,9,1,10988,10
7637,2516,51,3,17314,5
7638,2516,50,2,76133,15
7639,2516,32,3,34048,0
7640,2516,67,3,1118,0
7641,2516,110,1,1902,5
7642,2517,1,1,22303,20
7643,2517,104,3,1014,0
7644,2517,58,1,5881,0
7645,2518,140,2,13494,15
7646,2518,62,3,12613,5
7647,2518,144,1,6276,0
7648,2519,118,1,2198,5
7649,2519,11,1,12063,20
7650,2519,67,3,1118,10
7651,2519,58,2,5881,0
7652,2520,76,1,21281,15
7653,2520,19,2,8855,5
7654,2520,15,1,4792,5
7655,2520,24,3,22479,0
7656,2520,6,3,2386,20
7657,2521,129,1,22197,0
7658,2521,128,1,8256,5
7659,2521,54,1,23925,0
7660,2521,140,2,13494,0
7661,2522,143,2,3379,15
7662,2522,56,3,39996,15
7663,2522,91,1,4612,5
7664,2522,6,1,2386,0
7665,2523,128,3,8256,20
7666,2523,17,3,22827,10
7667,2523,131,3,18705,0
7668,2523,23,1,12370,10
7669,2524,30,1,64462,5
7670,2524,35,2,3958,0
7671,2525,56,1,39996,5
7672,2526,3,3,4862,0
7673,2526,133,1,7704,0
7674,2526,18,2,69910,0
7675,2526,13,1,6575,5
7676,2526,109,1,7325,5
7677,2527,72,2,56852,10
7678,2527,139,2,36748,5
7679,2527,53,1,6141,5
7680,2527,3,2,4862,15
7681,2527,62,2,12613,15
7682,2528,139,3,36748,0
7683,2528,16,1,11167,0
7684,2529,23,2,12370,15
7685,2529,117,3,16602,0
7686,2530,84,3,13163,0
7687,2530,58,2,5881,15
7688,2530,7,2,1137,5
7689,2530,54,1,23925,20
7690,2530,50,3,76133,20
7691,2531,43,1,69132,10
7692,2531,55,3,11943,15
7693,2531,11,3,12063,5
7694,2532,108,1,83584,0
7695,2532,94,1,24419,5
7696,2532,71,3,6424,15
7697,2533,56,1,39996,20
7698,2533,44,3,35472,10
7699,2533,7,2,1137,0
7700,2533,32,1,34048,10
7701,2534,144,1,6276,15
7702,2535,16,3,11167,20
7703,2535,81,1,1827,20
7704,2536,143,1,3379,10
7705,2536,77,2,16368,5
7706,2536,122,2,5675,10
7707,2537,87,1,6253,0
7708,2537,64,1,11154,10
7709,2537,142,1,7481,5
7710,2538,36,3,6799,0
7711,2538,94,1,24419,20
7712,2538,27,2,5124,0
7713,2539,12,3,8038,0
7714,2539,66,3,14182,5
7715,2539,15,3,4792,15
7716,2540,90,1,2547,20
7717,2541,8,3,7533,0
7718,2541,138,2,5435,5
7719,2541,37,3,13473,0
7720,2542,96,2,31762,20
7721,2542,92,2,1168,10
7722,2542,94,3,24419,0
7723,2542,56,1,39996,10
7724,2543,123,2,5135,10
7725,2543,135,1,4575,0
7726,2543,134,2,3277,15
7727,2543,73,1,4391,0
7728,2544,67,2,1118,0
7729,2544,131,3,18705,0
7730,2544,128,2,8256,0
7731,2544,11,3,12063,0
7732,2544,5,3,12605,20
7733,2545,29,1,5679,0
7734,2545,119,3,5947,10
7735,2545,117,2,16602,20
7736,2546,59,2,11729,5
7737,2546,91,2,4612,10
7738,2546,8,3,7533,20
7739,2546,46,1,24848,5
7740,2546,123,2,5135,0
7741,2547,131,2,18705,0
7742,2547,107,1,2852,0
7743,2548,135,3,4575,20
7744,2549,65,2,4314,5
7745,2549,78,1,25106,0
7746,2549,94,2,24419,10
7747,2549,95,3,5785,0
7748,2549,90,1,2547,0
7749,2550,15,1,4792,10
7750,2550,95,2,5785,20
7751,2550,2,3,4027,0
7752,2550,81,2,1827,0
7753,2550,25,1,21576,5
7754,2551,43,3,69132,0
7755,2551,25,1,21576,5
7756,2551,124,3,802,5
7757,2552,11,3,12063,0
7758,2552,142,3,7481,15
7759,2552,140,1,13494,0
7760,2552,137,1,98300,0
7761,2553,55,1,11943,5
7762,2553,47,2,26189,0
7763,2553,13,1,6575,10
7764,2554,118,2,2198,10
7765,2554,66,1,14182,0
7766,2555,122,3,5675,0
7767,2555,140,3,13494,0
7768,2555,46,2,24848,5
7769,2555,18,3,69910,0
7770,2555,144,2,6276,20
7771,2556,147,1,7155,0
7772,2557,119,1,5947,15
7773,2557,78,2,25106,0
7774,2557,131,2,18705,20
7775,2557,75,1,15710,0
7776,2558,119,3,5947,0
7777,2558,110,3,1902,15
7778,2558,65,3,4314,5
7779,2558,121,2,31449,20
7780,2558,87,2,6253,0
7781,2559,82,2,20813,5
7782,2560,87,2,6253,20
7783,2561,75,3,15710,5
7784,2561,3,2,4862,5
7785,2561,42,3,12253,20
7786,2561,101,3,104734,0
7787,2561,72,1,56852,15
7788,2562,72,3,56852,5
7789,2562,104,1,1014,0
7790,2563,73,3,4391,5
7791,2563,15,2,4792,0
7792,2563,105,3,5388,10
7793,2563,18,2,69910,5
7794,2563,55,3,11943,0
7795,2564,87,2,6253,10
7796,2564,123,2,5135,10
7797,2564,108,3,83584,0
7798,2564,100,1,10475,0
7799,2565,116,1,49805,5
7800,2565,70,1,23703,0
7801,2565,69,2,1763,0
7802,2565,71,2,6424,5
7803,2566,68,1,21251,0
7804,2566,48,1,4231,0
7805,2566,12,3,8038,10
7806,2567,14,2,34891,0
7807,2567,67,3,1118,10
7808,2568,91,2,4612,0
7809,2569,24,2,22479,5
7810,2569,71,2,6424,15
7811,2569,51,1,17314,0
7812,2569,50,2,76133,15
7813,2569,136,3,18015,15
7814,2570,1,2,22303,0
7815,2571,97,1,31743,0
7816,2572,96,2,31762,0
7817,2572,6,3,2386,0
7818,2572,89,2,32102,10
7819,2572,36,3,6799,5
7820,2573,52,2,10374,15
7821,2573,13,3,6575,15
7822,2573,83,2,4219,0
7823,2573,2,1,4027,0
7824,2573,131,2,18705,0
7825,2574,148,1,23262,20
7826,2574,124,2,802,0
7827,2574,77,2,16368,5
7828,2574,90,1,2547,20
7829,2575,121,1,31449,20
7830,2575,76,1,21281,0
7831,2576,59,2,11729,0
7832,2576,54,2,23925,0
7833,2577,87,2,6253,5
7834,2577,88,1,2914,0
7835,2577,90,3,2547,0
7836,2577,41,2,62050,15
7837,2578,2,2,4027,15
7838,2579,85,2,96244,0
7839,2580,54,1,23925,10
7840,2580,49,1,5982,20
7841,2580,65,3,4314,0
7842,2580,97,1,31743,15
7843,2581,88,3,2914,0
7844,2581,129,1,22197,0
7845,2581,16,1,11167,15
7846,2581,121,3,31449,0
7847,2582,111,3,5235,15
7848,2582,143,2,3379,15
7849,2582,89,1,32102,10
7850,2583,86,3,5085,0
7851,2584,59,1,11729,0
7852,2585,64,2,11154,5
7853,2585,2,3,4027,20
7854,2586,1,3,22303,20
7855,2587,122,2,5675,0
7856,2587,9,3,10988,0
7857,2587,40,2,8292,0
7858,2587,26,1,19472,20
7859,2588,57,1,43577,5
7860,2588,128,3,8256,20
7861,2589,121,3,31449,0
7862,2589,100,2,10475,15
7863,2589,11,1,12063,15
7864,2589,94,3,24419,0
7865,2590,23,1,12370,0
7866,2590,101,3,104734,15
7867,2590,148,1,23262,5
7868,2591,69,3,1763,15
7869,2591,80,3,25826,0
7870,2591,13,2,6575,20
7871,2591,104,1,1014,15
7872,2591,93,2,44770,10
7873,2592,2,1,4027,20
7874,2592,70,1,23703,5
7875,2592,106,3,8943,15
7876,2593,43,2,69132,0
7877,2594,119,3,5947,20
7878,2594,139,1,36748,5
7879,2594,6,1,2386,10
7880,2594,32,3,34048,0
7881,2594,7,3,1137,0
7882,2595,14,3,34891,5
7883,2595,53,3,6141,0
7884,2595,37,3,13473,0
7885,2595,135,2,4575,20
7886,2596,23,2,12370,15
7887,2597,89,2,32102,15
7888,2598,85,2,96244,15
7889,2598,96,3,31762,15
7890,2599,32,2,34048,0
7891,2599,55,3,11943,20
7892,2599,99,3,10798,15
7893,2600,14,2,34891,0
7894,2601,112,1,8812,10
7895,2601,129,1,22197,15
7896,2601,51,1,17314,5
7897,2601,96,3,31762,5
7898,2601,146,2,2879,10
7899,2602,89,1,32102,0
7900,2602,148,2,23262,10
7901,2602,82,3,20813,10
7902,2602,58,2,5881,20
7903,2602,145,1,2749,0
7904,2603,17,2,22827,5
7905,2603,103,3,5734,10
7906,2604,24,1,22479,15
7907,2604,115,1,3558,0
7908,2604,51,3,17314,0
7909,2604,56,1,39996,20
7910,2604,99,3,10798,5
7911,2605,139,2,36748,0
7912,2605,130,1,3932,0
7913,2606,74,2,5168,0
7914,2606,148,2,23262,10
7915,2607,53,1,6141,10
7916,2607,78,1,25106,20
7917,2607,99,1,10798,0
7918,2607,34,3,19613,0
7919,2607,123,1,5135,5
7920,2608,74,2,5168,5
7921,2608,120,3,22987,15
7922,2608,100,2,10475,15
7923,2608,16,2,11167,20
7924,2608,84,3,13163,0
7925,2609,57,1,43577,0
7926,2609,81,1,1827,10
7927,2609,85,3,96244,0
7928,2610,39,3,11179,0
7929,2610,125,3,106692,20
7930,2610,43,1,69132,5
7931,2610,14,3,34891,15
7932,2610,73,2,4391,5
7933,2611,27,3,5124,5
7934,2611,110,2,1902,0
7935,2612,73,3,4391,0
7936,2612,62,1,12613,0
7937,2612,72,1,56852,20
7938,2612,29,2,5679,20
7939,2612,17,3,22827,10
7940,2613,41,1,62050,10
7941,2613,31,3,18801,15
7942,2613,1,3,22303,5
7943,2613,29,3,5679,10
7944,2613,142,3,7481,0
7945,2614,86,3,5085,15
7946,2614,56,1,39996,0
7947,2614,143,1,3379,0
7948,2614,82,3,20813,5
7949,2615,25,2,21576,0
7950,2616,112,1,8812,0
7951,2616,44,1,35472,0
7952,2616,1,3,22303,0
7953,2617,76,2,21281,20
7954,2617,2,1,4027,20
7955,2618,104,2,1014,15
7956,2618,17,1,22827,15
7957,2618,91,3,4612,0
7958,2618,70,2,23703,0
7959,2619,95,2,5785,0
7960,2619,29,1,5679,0
7961,2619,106,3,8943,20
7962,2619,51,3,17314,0
7963,2620,132,2,29436,5
7964,2621,23,2,12370,0
7965,2621,143,1,3379,0
7966,2621,89,3,32102,0
7967,2622,91,3,4612,0
7968,2622,19,2,8855,15
7969,2622,88,3,2914,0
7970,2622,118,3,2198,0
7971,2622,85,3,96244,5
7972,2623,48,3,4231,20
7973,2623,46,1,24848,15
7974,2623,23,3,12370,0
7975,2624,78,1,25106,0
7976,2625,51,2,17314,0
7977,2625,32,1,34048,0
7978,2625,76,1,21281,20
7979,2625,46,1,24848,20
7980,2626,137,3,98300,0
7981,2627,80,3,25826,10
7982,2627,147,1,7155,5
7983,2627,20,1,12448,20
7984,2628,28,2,5795,15
7985,2628,112,3,8812,10
7986,2628,83,1,4219,0
7987,2629,51,1,17314,10
7988,2630,144,1,6276,10
7989,2630,46,2,24848,15
7990,2630,64,1,11154,15
7991,2630,78,1,25106,0
7992,2631,66,1,14182,0
7993,2632,145,2,2749,20
7994,2632,116,1,49805,20
7995,2633,53,2,6141,0
7996,2633,145,1,2749,10
7997,2633,134,3,3277,20
7998,2633,117,2,16602,5
7999,2633,107,1,2852,0
8000,2634,6,1,2386,20
8001,2635,134,1,3277,0
8002,2636,118,2,2198,0
8003,2636,92,2,1168,15
8004,2637,63,1,32668,10
8005,2637,149,3,21714,0
8006,2637,85,3,96244,0
8007,2637,50,3,76133,10
8008,2638,117,2,16602,0
8009,2638,140,3,13494,0
8010,2638,6,2,2386,5
8011,2638,130,3,3932,0
8012,2638,12,1,8038,10
8013,2639,50,1,76133,0
8014,2639,22,3,7737,5
8015,2639,51,3,17314,0
8016,2639,85,2,96244,0
8017,2640,100,3,10475,0
8018,2640,2,3,4027,10
8019,2640,149,3,21714,10
8020,2640,80,2,25826,0
8021,2641,35,1,3958,20
8022,2641,20,2,12448,10
8023,2641,64,2,11154,0
8024,2641,147,3,7155,20
8025,2642,44,3,35472,0
8026,2642,99,2,10798,0
8027,2643,93,2,44770,0
8028,2644,7,3,1137,5
8029,2645,108,3,83584,10
8030,2645,95,1,5785,20
8031,2646,135,1,4575,0
8032,2646,39,2,11179,0
8033,2647,47,3,26189,20
8034,2647,58,3,5881,0
8035,2648,62,1,12613,20
8036,2648,94,1,24419,0
8037,2648,82,1,20813,5
8038,2648,121,3,31449,0
8039,2648,85,3,96244,5
8040,2649,82,3,20813,20
8041,2650,136,2,18015,15
8042,2650,109,2,7325,20
8043,2650,44,3,35472,0
8044,2650,65,3,4314,20
8045,2650,15,1,4792,0
8046,2651,66,3,14182,5
8047,2652,13,1,6575,0
8048,2653,24,2,22479,5
8049,2653,122,1,5675,5
8050,2653,13,3,6575,10
8051,2653,37,2,13473,10
8052,2653,140,2,13494,15
8053,2654,130,2,3932,0
8054,2654,3,3,4862,0
8055,2654,56,3,39996,5
8056,2654,35,2,3958,0
8057,2654,6,3,2386,0
8058,2655,18,2,69910,20
8059,2655,13,2,6575,0
8060,2655,6,1,2386,0
8061,2656,89,1,32102,0
8062,2656,124,3,802,5
8063,2656,81,1,1827,15
8064,2657,36,1,6799,15
8065,2657,23,3,12370,20
8066,2657,133,3,7704,20
8067,2657,101,3,104734,10
8068,2658,129,1,22197,10
8069,2658,120,2,22987,5
8070,2658,99,3,10798,0
8071,2658,18,1,69910,20
8072,2659,44,2,35472,0
8073,2659,12,1,8038,0
8074,2659,75,2,15710,0
8075,2659,137,3,98300,0
8076,2660,124,3,802,0
8077,2661,109,2,7325,5
8078,2661,83,2,4219,10
8079,2661,12,2,8038,10
8080,2661,67,1,1118,10
8081,2661,29,1,5679,20
8082,2662,9,2,10988,20
8083,2662,96,2,31762,10
8084,2663,84,3,13163,0
8085,2663,68,2,21251,5
8086,2663,8,1,7533,0
8087,2663,111,1,5235,15
8088,2663,62,2,12613,15
8089,2664,92,2,1168,15
8090,2665,11,3,12063,10
8091,2665,123,3,5135,5
8092,2665,140,2,13494,5
8093,2666,29,3,5679,0
8094,2666,9,2,10988,20
8095,2667,134,1,3277,0
8096,2667,19,2,8855,0
8097,2667,34,3,19613,5
8098,2668,6,3,2386,0
8099,2669,69,1,1763,20
8100,2669,73,2,4391,0
8101,2669,41,2,62050,0
8102,2669,118,3,2198,0
8103,2670,32,3,34048,5
8104,2671,14,1,34891,5
8105,2671,77,1,16368,0
8106,2671,79,2,7718,20
8107,2671,60,2,87675,15
8108,2672,17,2,22827,20
8109,2672,57,1,43577,10
8110,2672,16,1,11167,20
8111,2673,44,2,35472,20
8112,2673,76,3,21281,0
8113,2673,127,1,7024,15
8114,2673,6,1,2386,0
8115,2674,67,2,1118,0
8116,2674,23,3,12370,5
8117,2675,99,1,10798,0
8118,2675,22,2,7737,0
8119,2675,129,2,22197,0
8120,2675,16,1,11167,15
8121,2676,88,1,2914,5
8122,2677,20,2,12448,0
8123,2678,8,1,7533,5
8124,2678,103,1,5734,0
8125,2679,48,3,4231,0
8126,2679,21,2,22149,0
8127,2680,54,2,23925,20
8128,2680,71,2,6424,0
8129,2680,37,1,13473,20
8130,2681,83,3,4219,0
8131,2681,73,2,4391,0
8132,2681,39,1,11179,5
8133,2681,111,2,5235,10
8134,2681,23,1,12370,5
8135,2682,29,1,5679,0
8136,2682,73,1,4391,0
8137,2682,83,3,4219,0
8138,2682,9,3,10988,0
8139,2682,49,2,5982,10
8140,2683,138,1,5435,0
8141,2683,140,1,13494,20
8142,2684,24,2,22479,0
8143,2684,123,2,5135,0
8144,2684,57,2,43577,15
8145,2684,96,3,31762,5
8146,2684,70,2,23703,5
8147,2685,71,2,6424,0
8148,2685,66,1,14182,0
8149,2685,9,2,10988,0
8150,2685,82,2,20813,10
8151,2686,147,3,7155,15
8152,2686,119,2,5947,0
8153,2686,35,2,3958,20
8154,2687,78,3,25106,0
8155,2687,103,1,5734,0
8156,2687,6,1,2386,20
8157,2688,53,1,6141,20
8158,2688,119,2,5947,0
8159,2688,13,3,6575,20
8160,2689,120,3,22987,0
8161,2690,79,1,7718,0
8162,2690,54,1,23925,0
8163,2690,34,1,19613,15
8164,2690,106,1,8943,15
8165,2691,125,1,106692,15
8166,2691,95,1,5785,5
8167,2692,71,3,6424,10
8168,2692,90,2,2547,20
8169,2692,82,2,20813,15
8170,2692,94,3,24419,0
8171,2693,39,3,11179,0
8172,2693,120,1,22987,20
8173,2693,29,1,5679,15
8174,2694,129,1,22197,5
8175,2694,105,2,5388,20
8176,2695,105,1,5388,0
8177,2695,90,1,2547,10
8178,2695,97,2,31743,0
8179,2696,37,3,13473,20
8180,2697,78,3,25106,15
8181,2697,90,1,2547,5
8182,2697,95,2,5785,5
8183,2697,46,2,24848,20
8184,2698,58,1,5881,15
8185,2698,62,1,12613,15
8186,2698,124,2,802,10
8187,2699,32,1,34048,5
8188,2699,12,1,8038,5
8189,2699,4,2,9654,20
8190,2700,104,1,1014,0
8191,2700,103,2,5734,5
8192,2700,91,1,4612,0
8193,2700,58,1,5881,0
8194,2700,135,1,4575,0
8195,2701,96,1,31762,5
8196,2702,129,2,22197,0
8197,2702,52,3,10374,0
8198,2703,100,2,10475,10
8199,2703,7,3,1137,0
8200,2703,142,1,7481,10
8201,2703,41,1,62050,5
8202,2704,34,3,19613,20
8203,2704,141,2,20886,0
8204,2705,11,1,12063,20
8205,2705,36,2,6799,20
8206,2705,64,3,11154,20
8207,2705,56,3,39996,10
8208,2706,8,3,7533,10
8209,2706,53,1,6141,20
8210,2706,45,2,4793,20
8211,2706,4,1,9654,10
8212,2706,149,2,21714,0
8213,2707,7,2,1137,10
8214,2707,14,3,34891,10
8215,2708,146,3,2879,0
8216,2708,90,3,2547,20
8217,2708,2,1,4027,0
8218,2709,106,3,8943,0
8219,2709,111,3,5235,5
8220,2710,146,1,2879,0
8221,2711,73,1,4391,0
8222,2711,86,2,5085,5
8223,2711,13,2,6575,15
8224,2711,70,1,23703,0
8225,2711,108,3,83584,20
8226,2712,122,3,5675,15
8227,2712,69,3,1763,15
8228,2712,9,3,10988,5
8229,2712,121,3,31449,10
8230,2713,107,3,2852,20
8231,2714,137,2,98300,10
8232,2715,129,2,22197,10
8233,2715,15,1,4792,20
8234,2715,20,1,12448,5
8235,2715,43,3,69132,0
8236,2716,120,1,22987,0
8237,2716,147,2,7155,0
8238,2717,19,2,8855,5
8239,2717,138,3,5435,0
8240,2717,122,2,5675,15
8241,2718,128,2,8256,20
8242,2718,56,2,39996,0
8243,2719,42,1,12253,0
8244,2720,93,3,44770,0
8245,2720,31,1,18801,0
8246,2720,99,2,10798,5
8247,2720,63,1,32668,0
8248,2720,39,3,11179,10
8249,2721,13,1,6575,20
8250,2721,55,1,11943,20
8251,2721,8,3,7533,5
8252,2721,54,2,23925,15
8253,2721,72,1,56852,0
8254,2722,121,2,31449,0
8255,2722,120,1,22987,5
8256,2722,8,2,7533,5
8257,2722,135,1,4575,20
8258,2722,13,2,6575,20
8259,2723,22,2,7737,0
8260,2723,132,2,29436,10
8261,2723,83,2,4219,0
8262,2724,22,2,7737,15
8263,2724,95,2,5785,20
8264,2725,119,2,5947,20
8265,2725,117,3,16602,15
8266,2725,34,2,19613,0
8267,2725,142,1,7481,0
8268,2725,41,1,62050,5
8269,2726,136,3,18015,5
8270,2727,47,3,26189,0
8271,2727,23,3,12370,20
8272,2727,44,3,35472,20
8273,2727,37,3,13473,20
8274,2727,55,1,11943,0
8275,2728,57,1,43577,15
8276,2729,124,3,802,0
8277,2729,131,1,18705,15
8278,2729,20,2,12448,15
8279,2729,97,3,31743,5
8280,2730,63,2,32668,5
8281,2730,23,3,12370,5
8282,2730,27,2,5124,20
8283,2730,108,3,83584,5
8284,2730,83,2,4219,0
8285,2731,13,3,6575,15
8286,2731,94,3,24419,0
8287,2731,35,3,3958,0
8288,2731,3,3,4862,5
8289,2732,97,3,31743,5
8290,2732,17,3,22827,0
8291,2732,77,3,16368,10
8292,2732,145,3,2749,5
8293,2733,2,1,4027,15
8294,2733,118,3,2198,10
8295,2734,127,1,7024,0
8296,2734,63,2,32668,20
8297,2734,142,2,7481,0
8298,2734,118,2,2198,5
8299,2734,74,2,5168,0
8300,2735,16,1,11167,10
8301,2735,52,3,10374,0
8302,2736,29,1,5679,20
8303,2737,136,2,18015,10
8304,2737,144,2,6276,0
8305,2737,86,2,5085,0
8306,2738,21,2,22149,10
8307,2738,74,2,5168,0
8308,2738,52,2,10374,5
8309,2739,54,2,23925,0
8310,2739,136,2,18015,5
8311,2739,124,3,802,5
8312,2739,24,1,22479,15
8313,2739,65,1,4314,20
8314,2740,119,1,5947,0
8315,2740,68,3,21251,5
8316,2740,19,1,8855,15
8317,2740,126,1,44365,10
8318,2740,144,3,6276,15
8319,2741,116,2,49805,15
8320,2741,82,1,20813,10
8321,2741,128,1,8256,5
8322,2742,125,3,106692,15
8323,2742,51,3,17314,0
8324,2742,119,1,5947,20
8325,2742,131,1,18705,0
8326,2743,84,3,13163,5
8327,2743,35,1,3958,0
8328,2743,3,1,4862,0
8329,2743,51,2,17314,15
8330,2743,146,1,2879,10
8331,2744,73,1,4391,0
8332,2744,112,1,8812,5
8333,2744,49,2,5982,5
8334,2745,94,3,24419,0
8335,2745,11,2,12063,0
8336,2746,25,3,21576,5
8337,2746,74,2,5168,0
8338,2746,4,3,9654,20
8339,2746,64,3,11154,20
8340,2746,15,2,4792,0
8341,2747,51,2,17314,0
8342,2747,92,2,1168,0
8343,2747,14,3,34891,10
8344,2748,127,1,7024,0
8345,2748,7,1,1137,0
8346,2748,38,1,61947,10
8347,2748,71,1,6424,5
8348,2748,73,2,4391,0
8349,2749,36,2,6799,15
8350,2749,133,3,7704,0
8351,2750,18,2,69910,5
8352,2750,120,1,22987,0
8353,2750,35,2,3958,0
8354,2750,121,3,31449,0
8355,2751,117,3,16602,0
8356,2751,29,3,5679,15
8357,2751,90,1,2547,10
8358,2751,67,2,1118,0
8359,2752,17,2,22827,20
8360,2752,27,1,5124,15
8361,2752,56,1,39996,10
8362,2753,77,2,16368,0
8363,2753,122,1,5675,15
8364,2754,30,3,64462,0
8365,2754,40,3,8292,15
8366,2754,121,2,31449,0
8367,2754,92,2,1168,15
8368,2755,115,3,3558,0
8369,2756,24,3,22479,0
8370,2756,13,2,6575,0
8371,2756,1,2,22303,0
8372,2757,115,2,3558,0
8373,2757,25,1,21576,15
8374,2758,107,1,2852,5
8375,2758,136,3,18015,0
8376,2758,65,3,4314,10
8377,2758,85,2,96244,10
8378,2759,100,3,10475,0
8379,2759,58,1,5881,15
8380,2759,12,2,8038,0
8381,2759,4,3,9654,0
8382,2759,13,2,6575,10
8383,2760,99,2,10798,0
8384,2760,149,3,21714,15
8385,2760,111,2,5235,5
8386,2760,32,3,34048,0
8387,2761,59,3,11729,0
8388,2761,50,2,76133,0
8389,2762,111,1,5235,5
8390,2762,54,2,23925,5
8391,2762,89,1,32102,0
8392,2763,104,2,1014,0
8393,2763,95,1,5785,20
8394,2763,96,3,31762,20
8395,2763,110,1,1902,15
8396,2763,87,1,6253,5
8397,2764,140,1,13494,0
8398,2764,69,3,1763,0
8399,2764,38,1,61947,0
8400,2765,99,1,10798,5
8401,2765,53,2,6141,5
8402,2765,124,1,802,0
8403,2765,36,1,6799,0
8404,2766,128,3,8256,0
8405,2766,13,1,6575,20
8406,2767,54,2,23925,15
8407,2768,45,1,4793,0
8408,2768,99,3,10798,15
8409,2769,7,3,1137,15
8410,2769,125,3,106692,10
8411,2769,118,2,2198,0
8412,2770,135,3,4575,10
8413,2770,109,1,7325,0
8414,2770,125,2,106692,10
8415,2771,83,3,4219,10
8416,2771,59,3,11729,0
8417,2771,118,1,2198,10
8418,2771,2,2,4027,10
8419,2772,143,2,3379,0
8420,2773,130,1,3932,20
8421,2773,50,1,76133,0
8422,2773,101,2,104734,15
8423,2773,103,1,5734,5
8424,2773,40,1,8292,15
8425,2774,73,2,4391,0
8426,2775,118,1,2198,0
8427,2775,112,2,8812,0
8428,2775,107,2,2852,10
8429,2776,46,3,24848,15
8430,2776,136,3,18015,15
8431,2776,148,3,23262,5
8432,2776,104,3,1014,0
8433,2777,96,3,31762,5
8434,2777,23,3,12370,15
8435,2778,73,1,4391,15
8436,2778,14,3,34891,0
8437,2778,146,1,2879,10
8438,2779,72,2,56852,10
8439,2779,128,1,8256,20
8440,2780,67,3,1118,0
8441,2780,149,1,21714,20
8442,2780,1,1,22303,0
8443,2780,25,2,21576,0
8444,2781,42,1,12253,10
8445,2782,107,3,2852,0
8446,2782,58,2,5881,20
8447,2783,13,3,6575,10
8448,2783,49,2,5982,5
8449,2783,66,1,14182,0
8450,2783,34,1,19613,0
8451,2784,132,1,29436,15
8452,2784,85,1,96244,15
8453,2784,108,1,83584,15
8454,2784,4,3,9654,15
8455,2785,79,3,7718,0
8456,2785,83,2,4219,0
8457,2786,134,3,3277,0
8458,2786,81,1,1827,5
8459,2786,119,3,5947,0
8460,2787,50,3,76133,0
8461,2787,9,3,10988,15
8462,2787,69,3,1763,10
8463,2787,15,1,4792,20
8464,2787,13,3,6575,15
8465,2788,45,2,4793,15
8466,2788,30,3,64462,0
8467,2789,21,1,22149,15
8468,2789,147,3,7155,20
8469,2789,63,2,32668,0
8470,2790,44,1,35472,0
8471,2791,45,1,4793,5
8472,2791,143,2,3379,15
8473,2791,58,1,5881,0
8474,2792,127,3,7024,0
8475,2792,145,1,2749,0
8476,2792,111,1,5235,0
8477,2792,37,1,13473,10
8478,2793,5,1,12605,0
8479,2793,46,3,24848,10
8480,2794,76,3,21281,0
8481,2795,91,1,4612,5
8482,2796,44,2,35472,5
8483,2796,148,2,23262,0
8484,2796,78,1,25106,20
8485,2797,14,3,34891,5
8486,2797,2,2,4027,0
8487,2797,62,3,12613,0
8488,2797,7,1,1137,0
8489,2798,44,3,35472,10
8490,2798,121,2,31449,0
8491,2798,45,3,4793,0
8492,2798,124,3,802,0
8493,2799,96,1,31762,0
8494,2800,53,1,6141,10
8495,2800,104,3,1014,0
8496,2800,144,2,6276,0
8497,2800,8,1,7533,0
8498,2801,73,2,4391,0
8499,2801,129,3,22197,5
8500,2801,21,2,22149,10
8501,2801,24,2,22479,20
8502,2802,44,2,35472,20
8503,2803,147,3,7155,15
8504,2803,22,3,7737,0
8505,2803,67,3,1118,0
8506,2804,135,2,4575,0
8507,2804,108,3,83584,20
8508,2804,126,2,44365,0
8509,2804,120,2,22987,10
8510,2805,26,2,19472,0
8511,2805,123,2,5135,0
8512,2806,55,2,11943,15
8513,2806,2,2,4027,0
8514,2807,37,1,13473,10
8515,2807,86,2,5085,15
8516,2807,51,3,17314,15
8517,2807,41,3,62050,0
8518,2808,136,2,18015,0
8519,2808,135,3,4575,10
8520,2808,47,1,26189,0
8521,2809,8,2,7533,15
8522,2809,66,2,14182,0
8523,2809,136,3,18015,10
8524,2810,72,1,56852,10
8525,2810,37,3,13473,0
8526,2810,124,2,802,15
8527,2811,149,3,21714,10
8528,2812,67,2,1118,0
8529,2812,89,2,32102,15
8530,2812,60,1,87675,0
8531,2812,64,1,11154,5
8532,2813,37,2,13473,15
8533,2813,25,1,21576,0
8534,2813,100,3,10475,0
8535,2814,115,2,3558,0
8536,2814,49,2,5982,0
8537,2814,58,2,5881,0
8538,2814,52,2,10374,20
8539,2814,97,3,31743,0
8540,2815,21,1,22149,5
8541,2816,89,3,32102,10
8542,2816,130,3,3932,15
8543,2816,77,2,16368,0
8544,2816,45,3,4793,20
8545,2816,22,2,7737,5
8546,2817,30,2,64462,0
8547,2817,34,2,19613,15
8548,2818,136,1,18015,0
8549,2818,121,2,31449,15
8550,2819,32,2,34048,0
8551,2819,96,1,31762,0
8552,2819,65,2,4314,15
8553,2819,1,1,22303,20
8554,2819,17,3,22827,0
8555,2820,14,2,34891,20
8556,2820,90,3,2547,0
8557,2821,25,1,21576,15
8558,2821,38,2,61947,10
8559,2821,68,3,21251,15
8560,2821,109,2,7325,0
8561,2821,80,2,25826,0
8562,2822,4,1,9654,15
8563,2822,116,1,49805,5
8564,2822,115,3,3558,15
8565,2822,105,2,5388,0
8566,2823,133,2,7704,0
8567,2823,11,2,12063,5
8568,2823,104,1,1014,0
8569,2823,90,3,2547,0
8570,2823,3,1,4862,0
8571,2824,13,1,6575,5
8572,2824,1,1,22303,10
8573,2824,69,3,1763,10
8574,2824,15,2,4792,20
8575,2825,149,2,21714,0
8576,2826,107,1,2852,0
8577,2826,103,1,5734,15
8578,2826,123,1,5135,0
8579,2826,137,1,98300,0
8580,2826,70,2,23703,0
8581,2827,46,1,24848,15
8582,2827,67,2,1118,10
8583,2827,144,2,6276,0
8584,2827,116,3,49805,15
8585,2828,128,2,8256,15
8586,2828,119,3,5947,10
8587,2828,57,1,43577,10
8588,2829,128,2,8256,0
8589,2829,144,2,6276,0
8590,2829,56,3,39996,15
8591,2829,105,1,5388,0
8592,2829,121,2,31449,10
8593,2830,75,1,15710,10
8594,2831,37,3,13473,0
8595,2832,115,1,3558,0
8596,2833,87,1,6253,0
8597,2833,22,3,7737,0
8598,2833,46,1,24848,5
8599,2833,24,1,22479,15
8600,2834,6,1,2386,10
8601,2834,36,2,6799,20
8602,2834,75,3,15710,15
8603,2834,92,1,1168,0
8604,2834,79,2,7718,0
8605,2835,128,3,8256,10
8606,2835,124,2,802,0
8607,2836,60,3,87675,15
8608,2836,132,1,29436,0
8609,2836,68,1,21251,0
8610,2836,94,1,24419,0
8611,2837,23,3,12370,5
8612,2838,47,1,26189,20
8613,2838,74,3,5168,5
8614,2838,117,2,16602,0
8615,2838,87,3,6253,20
8616,2838,44,3,35472,10
8617,2839,90,1,2547,10
8618,2839,72,2,56852,20
8619,2839,11,1,12063,0
8620,2839,120,3,22987,15
8621,2839,1,1,22303,0
8622,2840,59,1,11729,15
8623,2840,147,1,7155,15
8624,2840,91,3,4612,20
8625,2841,76,3,21281,5
8626,2841,112,3,8812,0
8627,2841,20,1,12448,0
8628,2841,83,1,4219,10
8629,2841,36,2,6799,0
8630,2842,21,3,22149,5
8631,2842,19,1,8855,5
8632,2842,142,1,7481,10
8633,2842,135,1,4575,15
8634,2843,137,2,98300,0
8635,2843,12,3,8038,10
8636,2844,54,1,23925,10
8637,2844,63,2,32668,0
8638,2845,118,3,2198,10
8639,2845,15,1,4792,0
8640,2845,49,1,5982,5
8641,2845,5,3,12605,10
8642,2846,65,2,4314,20
8643,2846,112,2,8812,5
8644,2846,132,1,29436,20
8645,2846,111,2,5235,0
8646,2846,135,2,4575,5
8647,2847,56,2,39996,10
8648,2848,30,1,64462,5
8649,2848,29,3,5679,0
8650,2848,14,3,34891,0
8651,2849,37,1,13473,0
8652,2849,52,3,10374,15
8653,2849,67,1,1118,0
8654,2849,51,3,17314,10
8655,2849,23,2,12370,0
8656,2850,118,1,2198,20
8657,2851,85,3,96244,0
8658,2852,29,2,5679,10
8659,2852,115,1,3558,15
8660,2853,47,3,26189,0
8661,2854,45,1,4793,15
8662,2854,9,2,10988,10
8663,2854,43,3,69132,0
8664,2855,49,3,5982,15
8665,2855,145,3,2749,10
8666,2855,71,2,6424,20
8667,2855,143,3,3379,0
8668,2855,23,1,12370,5
8669,2856,79,2,7718,0
8670,2856,80,1,25826,20
8671,2856,118,3,2198,0
8672,2856,68,1,21251,0
8673,2857,101,2,104734,5
8674,2857,134,1,3277,20
8675,2857,145,1,2749,10
8676,2857,97,3,31743,5
8677,2857,88,2,2914,10
8678,2858,13,1,6575,20
8679,2858,62,3,12613,0
8680,2858,116,1,49805,15
8681,2858,133,1,7704,10
8682,2859,126,2,44365,15
8683,2860,29,1,5679,0
8684,2860,111,3,5235,0
8685,2861,104,2,1014,0
8686,2862,48,1,4231,20
8687,2862,136,3,18015,20
8688,2862,54,2,23925,5
8689,2863,116,2,49805,10
8690,2864,97,2,31743,5
8691,2864,112,3,8812,10
8692,2864,22,2,7737,0
8693,2865,110,3,1902,0
8694,2865,4,2,9654,0
8695,2865,91,3,4612,5
8696,2866,89,2,32102,0
8697,2866,112,1,8812,10
8698,2866,51,1,17314,0
8699,2866,50,2,76133,10
8700,2866,36,2,6799,0
8701,2867,83,2,4219,10
8702,2867,105,2,5388,10
8703,2867,132,3,29436,15
8704,2867,149,3,21714,5
8705,2868,44,2,35472,15
8706,2868,134,1,3277,5
8707,2868,15,3,4792,20
8708,2869,37,1,13473,0
8709,2869,64,2,11154,0
8710,2869,2,2,4027,10
8711,2870,25,3,21576,15
8712,2870,136,1,18015,20
8713,2870,116,3,49805,0
8714,2870,66,3,14182,0
8715,2870,127,1,7024,20
8716,2871,4,1,9654,0
8717,2871,111,2,5235,5
8718,2872,106,3,8943,10
8719,2872,78,2,25106,20
8720,2872,45,1,4793,0
8721,2873,128,1,8256,0
8722,2873,55,1,11943,0
8723,2874,55,2,11943,20
8724,2874,87,2,6253,0
8725,2874,35,1,3958,10
8726,2874,62,3,12613,15
8727,2875,88,3,2914,0
8728,2875,137,3,98300,0
8729,2875,111,1,5235,15
8730,2875,38,3,61947,20
8731,2876,127,2,7024,20
8732,2877,62,1,12613,10
8733,2877,106,1,8943,15
8734,2877,81,1,1827,0
8735,2877,130,2,3932,20
8736,2878,54,3,23925,0
8737,2878,133,3,7704,0
8738,2879,92,3,1168,15
8739,2879,53,1,6141,15
8740,2880,88,3,2914,15
8741,2880,112,2,8812,0
8742,2880,123,3,5135,0
8743,2880,27,1,5124,0
8744,2881,35,3,3958,20
8745,2882,20,1,12448,10
8746,2882,136,3,18015,0
8747,2882,95,1,5785,15
8748,2882,43,1,69132,0
8749,2882,137,1,98300,0
8750,2883,66,2,14182,15
8751,2884,38,1,61947,15
8752,2884,138,2,5435,0
8753,2884,45,3,4793,15
8754,2885,82,3,20813,20
8755,2885,71,2,6424,5
8756,2885,79,2,7718,20
8757,2885,51,2,17314,20
8758,2885,69,2,1763,0
8759,2886,5,3,12605,0
8760,2886,9,3,10988,0
8761,2886,25,3,21576,5
8762,2887,51,1,17314,10
8763,2887,104,2,1014,0
8764,2887,4,1,9654,15
8765,2888,62,3,12613,10
8766,2888,110,2,1902,10
8767,2888,9,1,10988,5
8768,2889,148,1,23262,0
8769,2889,27,1,5124,20
8770,2890,121,1,31449,0
8771,2890,44,3,35472,5
8772,2891,115,2,3558,15
8773,2891,131,1,18705,10
8774,2891,1,3,22303,15
8775,2892,52,2,10374,0
8776,2892,110,2,1902,0
8777,2892,133,2,7704,20
8778,2893,2,2,4027,10
8779,2893,91,3,4612,10
8780,2893,73,2,4391,15
8781,2894,16,1,11167,0
8782,2895,35,3,3958,0
8783,2895,84,3,13163,0
8784,2895,73,3,4391,0
8785,2895,134,3,3277,0
8786,2896,84,3,13163,20
8787,2897,9,2,10988,0
8788,2898,63,1,32668,20
8789,2898,83,2,4219,20
8790,2898,135,3,4575,0
8791,2898,76,3,21281,15
8792,2899,143,2,3379,10
8793,2900,54,1,23925,0
8794,2901,95,1,5785,0
8795,2901,19,3,8855,15
8796,2902,79,1,7718,15
8797,2903,122,3,5675,10
8798,2903,11,3,12063,5
8799,2903,62,3,12613,5
8800,2903,38,2,61947,5
8801,2903,67,2,1118,0
8802,2904,83,3,4219,0
8803,2904,5,3,12605,10
8804,2905,52,1,10374,10
8805,2905,6,1,2386,5
8806,2905,143,1,3379,0
8807,2906,49,2,5982,20
8808,2907,93,2,44770,10
8809,2908,21,2,22149,10
8810,2909,134,3,3277,0
8811,2909,20,1,12448,20
8812,2909,37,1,13473,0
8813,2909,149,1,21714,10
8814,2910,136,3,18015,20
8815,2910,50,1,76133,0
8816,2910,64,2,11154,0
8817,2911,46,2,24848,0
8818,2911,72,2,56852,0
8819,2911,128,1,8256,5
8820,2911,47,2,26189,10
8821,2911,101,2,104734,5
8822,2912,123,1,5135,0
8823,2912,95,2,5785,15
8824,2913,115,3,3558,0
8825,2913,14,3,34891,0
8826,2914,129,2,22197,0
8827,2914,67,2,1118,5
8828,2914,63,2,32668,0
8829,2914,147,3,7155,5
8830,2915,144,3,6276,15
8831,2915,3,1,4862,0
8832,2915,147,3,7155,0
8833,2915,54,2,23925,5
8834,2916,117,2,16602,0
8835,2916,15,3,4792,0
8836,2916,67,1,1118,20
8837,2916,80,3,25826,10
8838,2916,92,1,1168,0
8839,2917,90,1,2547,0
8840,2918,145,1,2749,20
8841,2918,147,3,7155,0
8842,2919,101,1,104734,15
8843,2920,101,3,104734,20
8844,2920,126,1,44365,0
8845,2920,68,3,21251,5
8846,2920,131,1,18705,0
8847,2920,112,3,8812,10
8848,2921,50,3,76133,20
8849,2921,111,1,5235,0
8850,2921,142,3,7481,0
8851,2921,26,1,19472,15
8852,2922,38,3,61947,0
8853,2922,138,2,5435,0
8854,2923,136,2,18015,0
8855,2924,143,1,3379,0
8856,2924,65,2,4314,5
8857,2924,23,1,12370,0
8858,2924,70,1,23703,0
8859,2924,1,3,22303,0
8860,2925,82,2,20813,10
8861,2926,119,3,5947,20
8862,2926,38,2,61947,0
8863,2926,25,3,21576,5
8864,2926,52,1,10374,20
8865,2926,40,3,8292,5
8866,2927,104,1,1014,0
8867,2927,14,1,34891,10
8868,2927,142,1,7481,20
8869,2927,145,2,2749,10
8870,2928,57,2,43577,0
8871,2928,106,1,8943,0
8872,2928,56,3,39996,0
8873,2928,21,2,22149,0
8874,2929,4,3,9654,0
8875,2929,64,3,11154,20
8876,2929,56,2,39996,20
8877,2929,109,3,7325,5
8878,2929,83,2,4219,10
8879,2930,9,1,10988,0
8880,2930,62,3,12613,15
8881,2931,39,2,11179,0
8882,2931,142,2,7481,0
8883,2932,101,1,104734,15
8884,2932,41,1,62050,10
8885,2932,44,2,35472,10
8886,2932,94,2,24419,0
8887,2932,21,1,22149,5
8888,2933,2,3,4027,0
8889,2933,79,2,7718,0
8890,2933,115,3,3558,15
8891,2933,5,2,12605,0
8892,2934,75,2,15710,5
8893,2934,20,3,12448,5
8894,2934,7,3,1137,10
8895,2935,118,2,2198,0
8896,2936,52,2,10374,0
8897,2936,92,1,1168,15
8898,2936,72,1,56852,15
8899,2936,69,2,1763,20
8900,2936,4,1,9654,10
8901,2937,92,3,1168,15
8902,2938,90,2,2547,20
8903,2938,63,1,32668,0
8904,2938,59,2,11729,10
8905,2938,53,2,6141,0
8906,2938,34,2,19613,15
8907,2939,48,3,4231,10
8908,2939,43,1,69132,0
8909,2939,2,3,4027,0
8910,2939,49,1,5982,10
8911,2939,137,3,98300,20
8912,2940,1,1,22303,0
8913,2940,32,1,34048,20
8914,2940,43,2,69132,20
8915,2940,112,1,8812,5
8916,2940,118,3,2198,0
8917,2941,79,2,7718,0
8918,2941,65,3,4314,20
8919,2941,15,1,4792,5
8920,2941,67,2,1118,10
8921,2941,46,2,24848,20
8922,2942,63,2,32668,15
8923,2943,95,1,5785,10
8924,2943,142,2,7481,15
8925,2943,5,2,12605,20
8926,2943,51,1,17314,0
8927,2943,60,3,87675,5
8928,2944,6,2,2386,15
8929,2944,89,3,32102,20
8930,2944,16,2,11167,15
8931,2945,35,1,3958,0
8932,2945,57,3,43577,0
8933,2945,127,2,7024,0
8934,2945,132,2,29436,0
8935,2945,46,2,24848,10
8936,2946,132,2,29436,20
8937,2947,143,2,3379,15
8938,2947,137,2,98300,20
8939,2947,74,1,5168,5
8940,2947,107,2,2852,20
8941,2948,37,3,13473,0
8942,2948,59,2,11729,20
8943,2948,106,2,8943,0
8944,2948,101,1,104734,0
8945,2949,56,3,39996,15
8946,2949,136,3,18015,15
8947,2949,42,2,12253,0
8948,2949,95,2,5785,0
8949,2949,36,3,6799,0
8950,2950,88,3,2914,5
8951,2950,131,2,18705,10
8952,2950,120,2,22987,10
8953,2950,100,1,10475,0
8954,2950,36,3,6799,15
8955,2951,125,2,106692,0
8956,2952,104,1,1014,20
8957,2952,72,3,56852,0
8958,2952,43,1,69132,0
8959,2952,139,3,36748,20
8960,2953,12,1,8038,0
8961,2953,141,3,20886,20
8962,2953,145,3,2749,20
8963,2953,92,2,1168,0
8964,2954,133,3,7704,5
8965,2954,81,1,1827,15
8966,2954,124,3,802,5
8967,2954,88,2,2914,0
8968,2954,73,2,4391,20
8969,2955,97,3,31743,5
8970,2955,105,2,5388,0
8971,2955,90,3,2547,5
8972,2956,128,3,8256,20
8973,2956,55,3,11943,10
8974,2956,108,1,83584,0
8975,2957,84,1,13163,5
8976,2957,117,3,16602,0
8977,2957,75,1,15710,15
8978,2957,57,3,43577,15
8979,2958,27,2,5124,0
8980,2958,105,1,5388,5
8981,2958,85,1,96244,0
8982,2958,137,1,98300,0
8983,2959,115,2,3558,20
8984,2959,123,2,5135,15
8985,2959,30,1,64462,10
8986,2959,40,1,8292,10
8987,2959,104,1,1014,20
8988,2960,70,3,23703,5
8989,2960,18,1,69910,15
8990,2961,89,1,32102,15
8991,2961,99,2,10798,0
8992,2961,52,2,10374,5
8993,2961,127,1,7024,0
8994,2961,62,3,12613,0
8995,2962,34,3,19613,20
8996,2962,119,1,5947,0
8997,2962,69,3,1763,0
8998,2962,148,1,23262,0
8999,2963,111,1,5235,20
9000,2963,13,1,6575,0
9001,2963,41,3,62050,5
9002,2964,111,3,5235,0
9003,2964,142,3,7481,20
9004,2964,44,2,35472,0
9005,2964,48,2,4231,0
9006,2964,136,3,18015,0
9007,2965,130,3,3932,0
9008,2966,97,3,31743,5
9009,2966,138,1,5435,0
9010,2966,126,3,44365,0
9011,2966,66,1,14182,10
9012,2967,125,3,106692,5
9013,2967,32,1,34048,20
9014,2967,86,3,5085,0
9015,2967,52,2,10374,0
9016,2968,101,2,104734,0
9017,2968,17,1,22827,0
9018,2968,13,2,6575,15
9019,2969,120,1,22987,0
9020,2970,118,2,2198,20
9021,2970,57,2,43577,0
9022,2970,87,3,6253,5
9023,2970,3,1,4862,10
9024,2971,126,2,44365,0
9025,2971,107,1,2852,15
9026,2971,37,2,13473,0
9027,2971,45,1,4793,0
9028,2972,85,3,96244,0
9029,2973,15,3,4792,0
9030,2973,76,3,21281,0
9031,2973,104,3,1014,0
9032,2973,127,2,7024,10
9033,2974,9,1,10988,0
9034,2974,50,2,76133,0
9035,2974,106,3,8943,10
9036,2975,118,2,2198,5
9037,2976,87,1,6253,15
9038,2977,75,3,15710,0
9039,2977,59,3,11729,15
9040,2977,89,2,32102,0
9041,2977,60,2,87675,10
9042,2978,9,1,10988,0
9043,2978,89,2,32102,20
9044,2978,123,2,5135,20
9045,2978,60,3,87675,20
9046,2978,50,3,76133,10
9047,2979,30,2,64462,0
9048,2979,84,3,13163,0
9049,2979,32,3,34048,0
9050,2979,8,2,7533,0
9051,2980,108,1,83584,0
9052,2980,144,1,6276,0
9053,2980,134,3,3277,10
9054,2980,72,3,56852,20
9055,2980,78,3,25106,10
9056,2981,41,2,62050,0
9057,2981,108,1,83584,5
9058,2981,67,3,1118,0
9059,2981,84,2,13163,15
9060,2982,96,3,31762,0
9061,2982,21,3,22149,0
9062,2982,54,1,23925,0
9063,2982,129,1,22197,5
9064,2983,6,1,2386,0
9065,2983,18,2,69910,5
9066,2983,134,1,3277,5
9067,2983,116,2,49805,15
9068,2983,43,2,69132,0
9069,2984,41,1,62050,20
9070,2984,39,3,11179,20
9071,2985,73,3,4391,15
9072,2986,145,2,2749,20
9073,2986,73,2,4391,10
9074,2986,13,3,6575,20
9075,2986,68,3,21251,15
9076,2986,67,3,1118,0
9077,2987,3,3,4862,20
9078,2987,4,1,9654,0
9079,2988,72,1,56852,0
9080,2989,149,3,21714,0
9081,2990,118,1,2198,0
9082,2990,11,2,12063,15
9083,2990,50,2,76133,10
9084,2990,29,2,5679,5
9085,2990,64,1,11154,0
9086,2991,116,1,49805,0
9087,2991,70,3,23703,15
9088,2991,39,3,11179,15
9089,2991,137,2,98300,10
9090,2992,72,3,56852,0
9091,2992,138,1,5435,5
9092,2992,71,1,6424,20
9093,2992,86,3,5085,0
9094,2993,99,3,10798,20
9095,2993,112,1,8812,20
9096,2993,94,2,24419,5
9097,2993,134,2,3277,5
9098,2994,92,3,1168,15
9099,2994,16,2,11167,0
9100,2994,81,3,1827,0
9101,2994,64,2,11154,0
9102,2994,136,2,18015,0
9103,2995,35,1,3958,5
9104,2995,60,1,87675,0
9105,2996,111,1,5235,15
9106,2996,27,3,5124,0
9107,2997,4,2,9654,0
9108,2997,86,3,5085,0
9109,2997,137,2,98300,0
9110,2997,54,3,23925,20
9111,2997,66,2,14182,20
9112,2998,138,3,5435,5
9113,2998,34,2,19613,5
9114,2998,47,3,26189,0
9115,2998,4,1,9654,0
9116,2998,118,3,2198,10
9117,2999,38,2,61947,10
9118,2999,65,1,4314,0
9119,3000,55,1,11943,20
9120,3000,92,1,1168,10
9121,3000,90,1,2547,0
9122,3000,128,2,8256,5
9123,3000,9,1,10988,15
9124,3001,37,3,13473,5
9125,3002,75,3,15710,0
9126,3002,26,3,19472,0
9127,3003,143,2,3379,20
9128,3004,132,3,29436,15
9129,3004,69,1,1763,20
9130,3004,128,1,8256,15
9131,3004,131,1,18705,0
9132,3005,67,2,1118,0
9133,3005,127,1,7024,15
9134,3005,47,3,26189,5
9135,3006,51,1,17314,0
9136,3006,76,2,21281,0
9137,3007,134,1,3277,5
9138,3007,130,2,3932,0
9139,3007,123,2,5135,5
9140,3008,142,2,7481,10
9141,3008,92,2,1168,5
9142,3008,50,1,76133,0
9143,3008,25,3,21576,5
9144,3008,27,1,5124,10
9145,3009,80,2,25826,15
9146,3009,48,3,4231,15
9147,3009,5,3,12605,20
9148,3009,77,3,16368,0
9149,3009,126,2,44365,15
9150,3010,66,1,14182,0
9151,3010,48,3,4231,15
9152,3010,142,1,7481,0
9153,3010,91,2,4612,0
9154,3011,111,3,5235,15
9155,3011,121,1,31449,10
9156,3011,123,3,5135,10
9157,3012,87,3,6253,10
9158,3012,78,2,25106,15
9159,3012,37,2,13473,0
9160,3012,18,1,69910,15
9161,3012,31,2,18801,15
9162,3013,132,3,29436,0
9163,3013,116,3,49805,20
9164,3013,38,3,61947,5
9165,3013,108,2,83584,0
9166,3014,130,3,3932,15
9167,3015,26,3,19472,0
9168,3016,107,1,2852,0
9169,3017,12,1,8038,15
9170,3017,107,3,2852,20
9171,3017,121,3,31449,20
9172,3018,139,2,36748,0
9173,3018,131,3,18705,0
9174,3018,49,2,5982,20
9175,3019,80,1,25826,20
9176,3019,140,1,13494,0
9177,3020,18,2,69910,0
9178,3020,49,1,5982,0
9179,3020,58,1,5881,5
9180,3021,57,2,43577,10
9181,3021,68,2,21251,0
9182,3021,36,1,6799,0
9183,3021,105,3,5388,0
9184,3022,69,1,1763,5
9185,3023,111,1,5235,15
9186,3024,111,1,5235,20
9187,3024,135,3,4575,0
9188,3024,73,2,4391,0
9189,3024,129,1,22197,0
9190,3025,58,1,5881,0
9191,3026,96,3,31762,5
9192,3026,87,3,6253,15
9193,3027,25,3,21576,0
9194,3027,16,3,11167,10
9195,3027,135,2,4575,20
9196,3027,48,2,4231,20
9197,3027,141,2,20886,0
9198,3028,55,1,11943,20
9199,3028,109,3,7325,5
9200,3028,64,1,11154,20
9201,3029,11,1,12063,15
9202,3029,85,3,96244,20
9203,3030,17,3,22827,5
9204,3031,21,1,22149,5
9205,3031,105,3,5388,5
9206,3031,70,3,23703,20
9207,3032,97,3,31743,15
9208,3032,53,2,6141,15
9209,3033,85,2,96244,5
9210,3033,147,2,7155,5
9211,3034,49,3,5982,10
9212,3035,14,3,34891,0
9213,3036,106,3,8943,0
9214,3036,138,2,5435,20
9215,3037,147,2,7155,5
9216,3037,145,2,2749,0
9217,3037,77,3,16368,0
9218,3037,21,3,22149,10
9219,3038,94,3,24419,0
9220,3038,111,2,5235,10
9221,3038,23,3,12370,0
9222,3038,129,1,22197,0
9223,3038,119,3,5947,0
9224,3039,7,3,1137,0
9225,3039,119,1,5947,10
9226,3039,52,3,10374,0
9227,3039,2,3,4027,0
9228,3040,135,3,4575,15
9229,3040,28,2,5795,0
9230,3040,100,2,10475,0
9231,3040,52,2,10374,10
9232,3040,93,3,44770,0
9233,3041,124,3,802,0
9234,3042,94,2,24419,0
9235,3042,14,2,34891,15
9236,3042,142,2,7481,20
9237,3042,147,2,7155,20
9238,3042,146,1,2879,15
9239,3043,29,1,5679,10
9240,3044,70,1,23703,10
9241,3044,68,1,21251,5
9242,3044,135,3,4575,20
9243,3044,119,3,5947,10
9244,3045,105,1,5388,0
9245,3045,88,2,2914,20
9246,3045,66,2,14182,5
9247,3046,40,3,8292,0
9248,3046,42,3,12253,0
9249,3046,118,2,2198,0
9250,3046,46,1,24848,0
9251,3047,84,1,13163,0
9252,3047,14,3,34891,0
9253,3047,86,1,5085,0
9254,3048,130,2,3932,10
9255,3048,117,2,16602,5
9256,3048,44,1,35472,5
9257,3048,21,2,22149,0
9258,3048,73,3,4391,10
9259,3049,132,2,29436,0
9260,3049,63,1,32668,10
9261,3049,105,2,5388,15
9262,3050,92,1,1168,20
9263,3050,96,3,31762,10
9264,3050,123,3,5135,0
9265,3050,31,2,18801,0
9266,3050,66,3,14182,10
9267,3051,49,2,5982,5
9268,3051,90,2,2547,5
9269,3051,130,2,3932,0
9270,3052,139,2,36748,5
9271,3052,124,1,802,20
9272,3052,121,3,31449,0
9273,3053,134,1,3277,15
9274,3053,145,1,2749,20
9275,3053,59,3,11729,0
9276,3054,93,1,44770,5
9277,3054,31,2,18801,10
9278,3054,120,2,22987,0
9279,3055,74,1,5168,0
9280,3055,81,2,1827,0
9281,3056,67,2,1118,0
9282,3056,16,1,11167,0
9283,3057,84,1,13163,10
9284,3057,146,1,2879,15
9285,3057,6,3,2386,0
9286,3057,107,3,2852,5
9287,3058,128,1,8256,20
9288,3058,137,3,98300,20
9289,3058,149,2,21714,0
9290,3059,139,2,36748,20
9291,3059,67,2,1118,5
9292,3060,89,3,32102,15
9293,3060,3,2,4862,0
9294,3060,16,2,11167,15
9295,3061,7,3,1137,0
9296,3061,22,3,7737,0
9297,3061,5,2,12605,0
9298,3061,121,1,31449,5
9299,3061,63,3,32668,0
9300,3062,81,1,1827,0
9301,3062,22,2,7737,5
9302,3062,93,2,44770,0
9303,3062,116,3,49805,10
9304,3062,135,3,4575,20
9305,3063,149,2,21714,15
9306,3064,88,1,2914,0
9307,3064,84,1,13163,15
9308,3064,54,2,23925,0
9309,3064,148,3,23262,15
9310,3065,9,2,10988,0
9311,3065,124,1,802,20
9312,3065,7,1,1137,5
9313,3066,85,2,96244,10
9314,3067,141,3,20886,20
9315,3067,89,3,32102,20
9316,3067,60,1,87675,0
9317,3067,123,2,5135,15
9318,3068,130,1,3932,0
9319,3069,143,2,3379,10
9320,3069,58,2,5881,15
9321,3069,9,3,10988,0
9322,3070,44,2,35472,0
9323,3070,53,3,6141,5
9324,3070,145,1,2749,5
9325,3070,107,2,2852,5
9326,3071,78,2,25106,15
9327,3071,27,3,5124,15
9328,3071,1,2,22303,5
9329,3072,88,3,2914,10
9330,3072,144,3,6276,10
9331,3073,122,3,5675,0
9332,3073,41,2,62050,20
9333,3073,57,2,43577,15
9334,3073,91,1,4612,0
9335,3073,132,3,29436,0
9336,3074,99,1,10798,20
9337,3075,4,3,9654,20
9338,3075,141,1,20886,0
9339,3075,32,2,34048,15
9340,3075,117,2,16602,15
9341,3076,120,1,22987,0
9342,3076,95,2,5785,0
9343,3076,13,3,6575,0
9344,3077,6,2,2386,10
9345,3077,109,2,7325,10
9346,3077,11,1,12063,0
9347,3077,104,2,1014,15
9348,3078,57,2,43577,0
9349,3078,58,1,5881,0
9350,3078,109,2,7325,0
9351,3078,78,3,25106,15
9352,3079,18,2,69910,0
9353,3079,79,3,7718,15
9354,3079,50,3,76133,15
9355,3080,70,2,23703,0
9356,3081,84,2,13163,0
9357,3081,28,3,5795,10
9358,3082,136,1,18015,10
9359,3082,122,3,5675,0
9360,3082,56,2,39996,5
9361,3082,20,3,12448,10
9362,3082,135,1,4575,0
9363,3083,29,1,5679,0
9364,3083,49,2,5982,0
9365,3083,148,2,23262,0
9366,3083,26,2,19472,5
9367,3083,97,1,31743,0
9368,3084,29,3,5679,10
9369,3084,35,2,3958,5
9370,3084,120,1,22987,20
9371,3084,109,1,7325,20
9372,3085,97,3,31743,10
9373,3085,11,3,12063,10
9374,3085,17,3,22827,20
9375,3086,24,2,22479,0
9376,3086,90,2,2547,0
9377,3087,122,2,5675,0
9378,3087,24,2,22479,0
9379,3087,112,1,8812,0
9380,3088,39,1,11179,15
9381,3088,112,3,8812,20
9382,3088,77,3,16368,20
9383,3088,99,1,10798,20
9384,3088,69,1,1763,15
9385,3089,6,3,2386,20
9386,3089,51,1,17314,5
9387,3090,129,1,22197,15
9388,3090,112,2,8812,0
9389,3091,119,1,5947,0
9390,3091,34,1,19613,0
9391,3092,53,1,6141,10
9392,3092,39,2,11179,0
9393,3092,118,3,2198,0
9394,3092,42,2,12253,0
9395,3092,24,1,22479,10
9396,3093,90,3,2547,10
9397,3093,2,3,4027,0
9398,3093,99,3,10798,0
9399,3093,108,3,83584,10
9400,3094,41,2,62050,0
9401,3095,57,1,43577,5
9402,3095,133,2,7704,0
9403,3095,143,2,3379,0
9404,3095,28,1,5795,0
9405,3095,67,2,1118,0
9406,3096,119,3,5947,20
9407,3096,89,1,32102,10
9408,3096,137,3,98300,20
9409,3097,79,3,7718,10
9410,3097,41,1,62050,20
9411,3097,78,1,25106,0
9412,3097,72,2,56852,5
9413,3098,70,3,23703,5
9414,3098,2,2,4027,15
9415,3098,88,3,2914,0
9416,3098,62,1,12613,0
9417,3098,109,1,7325,0
9418,3099,123,2,5135,0
9419,3099,4,1,9654,10
9420,3099,91,3,4612,10
9421,3099,66,1,14182,0
9422,3100,28,2,5795,5
9423,3101,37,3,13473,0
9424,3101,145,3,2749,10
9425,3101,16,3,11167,15
9426,3101,32,3,34048,15
9427,3102,131,1,18705,0
9428,3102,147,2,7155,0
9429,3103,117,1,16602,0
9430,3103,4,3,9654,5
9431,3103,136,2,18015,0
9432,3103,115,2,3558,5
9433,3104,134,1,3277,0
9434,3104,149,1,21714,15
9435,3104,36,3,6799,15
9436,3105,66,2,14182,0
9437,3106,86,2,5085,20
9438,3107,142,1,7481,10
9439,3107,18,3,69910,5
9440,3108,115,1,3558,5
9441,3108,100,3,10475,0
9442,3108,14,2,34891,10
9443,3108,144,3,6276,0
9444,3109,15,3,4792,5
9445,3109,142,1,7481,0
9446,3110,7,2,1137,20
9447,3110,15,3,4792,15
9448,3111,48,3,4231,0
9449,3112,141,1,20886,0
9450,3112,144,1,6276,5
9451,3112,143,1,3379,10
9452,3112,46,1,24848,0
9453,3113,124,2,802,0
9454,3113,47,1,26189,0
9455,3114,78,3,25106,10
9456,3114,64,2,11154,20
9457,3114,23,2,12370,0
9458,3115,47,2,26189,10
9459,3115,73,3,4391,0
9460,3115,117,2,16602,20
9461,3115,58,2,5881,0
9462,3115,108,3,83584,15
9463,3116,146,2,2879,0
9464,3116,134,1,3277,20
9465,3117,31,1,18801,0
9466,3117,121,3,31449,0
9467,3118,56,1,39996,20
9468,3118,64,2,11154,15
9469,3119,23,2,12370,5
9470,3120,50,1,76133,0
9471,3120,2,2,4027,0
9472,3120,119,3,5947,10
9473,3121,108,2,83584,0
9474,3121,62,2,12613,0
9475,3121,63,3,32668,0
9476,3121,31,1,18801,0
9477,3122,79,2,7718,20
9478,3122,85,1,96244,10
9479,3122,127,3,7024,15
9480,3122,68,3,21251,0
9481,3122,13,1,6575,10
9482,3123,111,3,5235,0
9483,3123,120,1,22987,20
9484,3123,63,2,32668,0
9485,3124,96,2,31762,0
9486,3124,49,1,5982,15
9487,3125,15,2,4792,5
9488,3126,45,2,4793,0
9489,3126,52,1,10374,15
9490,3126,97,2,31743,10
9491,3126,122,1,5675,0
9492,3126,120,2,22987,0
9493,3127,134,1,3277,0
9494,3127,93,3,44770,5
9495,3127,44,3,35472,10
9496,3127,106,3,8943,20
9497,3128,67,1,1118,0
9498,3128,27,1,5124,0
9499,3128,130,1,3932,15
9500,3128,29,2,5679,0
9501,3128,85,1,96244,0
9502,3129,58,1,5881,15
9503,3129,21,2,22149,20
9504,3129,55,3,11943,0
9505,3129,121,1,31449,10
9506,3130,15,2,4792,15
9507,3130,146,1,2879,0
9508,3130,94,2,24419,0
9509,3131,8,3,7533,0
9510,3131,105,1,5388,0
9511,3131,28,3,5795,0
9512,3131,55,2,11943,0
9513,3132,8,2,7533,5
9514,3132,66,3,14182,5
9515,3133,18,3,69910,0
9516,3133,85,3,96244,20
9517,3133,78,2,25106,10
9518,3133,36,1,6799,20
9519,3133,108,2,83584,0
9520,3134,81,1,1827,0
9521,3134,19,2,8855,0
9522,3135,40,2,8292,0
9523,3135,35,3,3958,0
9524,3135,62,1,12613,5
9525,3135,17,3,22827,0
9526,3135,116,2,49805,0
9527,3136,41,3,62050,5
9528,3136,64,2,11154,0
9529,3136,75,1,15710,0
9530,3137,27,2,5124,10
9531,3137,118,2,2198,0
9532,3138,57,2,43577,15
9533,3139,65,3,4314,10
9534,3139,28,3,5795,0
9535,3139,4,3,9654,5
9536,3139,135,3,4575,5
9537,3140,15,1,4792,0
9538,3140,30,1,64462,15
9539,3140,142,3,7481,0
9540,3140,62,3,12613,20
9541,3141,64,3,11154,0
9542,3141,72,2,56852,15
9543,3142,117,3,16602,20
9544,3143,131,2,18705,0
9545,3144,23,3,12370,0
9546,3145,95,1,5785,10
9547,3146,93,3,44770,0
9548,3146,131,2,18705,15
9549,3146,42,1,12253,5
9550,3146,136,2,18015,10
9551,3146,19,1,8855,5
9552,3147,25,3,21576,0
9553,3148,139,3,36748,15
9554,3148,7,3,1137,0
9555,3148,138,2,5435,10
9556,3148,144,1,6276,0
9557,3149,89,1,32102,0
9558,3149,38,1,61947,0
9559,3149,149,2,21714,5
9560,3149,41,2,62050,5
9561,3149,44,1,35472,0
9562,3150,117,1,16602,15
9563,3150,34,2,19613,15
9564,3150,116,1,49805,0
9565,3151,51,3,17314,5
9566,3151,39,1,11179,15
9567,3151,54,2,23925,20
9568,3151,84,2,13163,0
9569,3152,50,3,76133,0
9570,3152,9,2,10988,0
9571,3152,120,1,22987,0
9572,3153,14,3,34891,20
9573,3153,88,2,2914,0
9574,3153,37,3,13473,20
9575,3154,133,3,7704,20
9576,3154,134,1,3277,5
9577,3154,60,1,87675,5
9578,3154,107,3,2852,0
9579,3154,79,2,7718,0
9580,3155,35,3,3958,0
9581,3156,65,3,4314,0
9582,3157,13,2,6575,10
9583,3157,48,2,4231,10
9584,3157,70,2,23703,15
9585,3158,46,3,24848,5
9586,3158,9,1,10988,10
9587,3159,81,1,1827,10
9588,3159,56,2,39996,10
9589,3159,28,2,5795,10
9590,3159,67,1,1118,5
9591,3159,130,3,3932,0
9592,3160,50,1,76133,10
9593,3160,38,3,61947,0
9594,3160,101,2,104734,0
9595,3160,15,2,4792,0
9596,3160,140,3,13494,0
9597,3161,147,2,7155,15
9598,3161,67,2,1118,15
9599,3161,146,2,2879,15
9600,3161,1,1,22303,10
9601,3161,53,1,6141,0
9602,3162,107,2,2852,0
9603,3162,46,2,24848,0
9604,3162,82,2,20813,20
9605,3163,137,1,98300,0
9606,3163,140,3,13494,15
9607,3163,36,1,6799,15
9608,3164,140,1,13494,20
9609,3164,86,1,5085,15
9610,3165,132,2,29436,5
9611,3165,94,2,24419,0
9612,3165,59,2,11729,20
9613,3165,126,1,44365,0
9614,3165,19,3,8855,0
9615,3166,17,1,22827,0
9616,3166,108,3,83584,20
9617,3166,57,1,43577,15
9618,3166,63,2,32668,15
9619,3167,7,2,1137,0
9620,3167,66,3,14182,0
9621,3168,21,2,22149,10
9622,3168,127,3,7024,15
9623,3168,3,1,4862,0
9624,3168,58,2,5881,0
9625,3169,99,1,10798,5
9626,3169,140,1,13494,20
9627,3169,36,1,6799,5
9628,3170,118,1,2198,0
9629,3170,73,2,4391,20
9630,3170,130,2,3932,0
9631,3171,104,3,1014,15
9632,3171,120,1,22987,0
9633,3172,92,2,1168,10
9634,3173,27,2,5124,5
9635,3173,112,2,8812,15
9636,3173,146,2,2879,15
9637,3173,71,3,6424,15
9638,3173,75,3,15710,20
9639,3174,84,2,13163,0
9640,3175,115,1,3558,10
9641,3175,131,1,18705,0
9642,3175,75,1,15710,15
9643,3176,66,2,14182,20
9644,3176,11,3,12063,0
9645,3176,7,2,1137,20
9646,3176,20,1,12448,0
9647,3176,60,3,87675,15
9648,3177,20,2,12448,10
9649,3177,69,2,1763,0
9650,3177,73,1,4391,0
9651,3177,118,1,2198,0
9652,3177,95,1,5785,0
9653,3178,126,3,44365,10
9654,3178,104,2,1014,0
9655,3178,143,1,3379,0
9656,3178,57,2,43577,0
9657,3178,79,2,7718,10
9658,3179,37,1,13473,0
9659,3179,84,1,13163,10
9660,3179,121,1,31449,15
9661,3179,116,2,49805,10
9662,3180,104,2,1014,0
9663,3181,88,2,2914,0
9664,3181,6,2,2386,20
9665,3181,82,1,20813,20
9666,3181,65,2,4314,0
9667,3181,29,1,5679,15
9668,3182,51,1,17314,15
9669,3182,27,1,5124,0
9670,3182,12,3,8038,5
9671,3182,62,2,12613,5
9672,3183,138,2,5435,10
9673,3183,69,2,1763,0
9674,3183,78,2,25106,20
9675,3183,75,3,15710,10
9676,3184,62,1,12613,20
9677,3184,50,2,76133,15
9678,3184,138,1,5435,0
9679,3184,19,3,8855,15
9680,3184,24,3,22479,0
9681,3185,87,3,6253,10
9682,3185,25,2,21576,0
9683,3185,72,1,56852,10
9684,3185,80,3,25826,0
9685,3186,42,3,12253,15
9686,3186,78,3,25106,5
9687,3187,107,3,2852,5
9688,3187,130,1,3932,5
9689,3187,115,3,3558,0
9690,3187,69,2,1763,0
9691,3188,34,3,19613,5
9692,3188,116,2,49805,5
9693,3188,35,2,3958,20
9694,3188,145,2,2749,5
9695,3189,22,2,7737,20
9696,3189,32,2,34048,0
9697,3189,51,2,17314,10
9698,3189,97,3,31743,15
9699,3189,44,3,35472,0
9700,3190,94,1,24419,15
9701,3190,115,2,3558,20
9702,3190,122,3,5675,5
9703,3190,85,3,96244,20
9704,3190,31,1,18801,20
9705,3191,130,1,3932,0
9706,3191,131,2,18705,20
9707,3191,30,2,64462,0
9708,3191,73,1,4391,0
9709,3192,76,2,21281,0
9710,3192,11,2,12063,5
9711,3192,145,3,2749,0
9712,3192,86,2,5085,0
9713,3192,125,2,106692,15
9714,3193,105,2,5388,15
9715,3193,110,2,1902,0
9716,3193,56,1,39996,15
9717,3193,65,2,4314,0
9718,3194,44,3,35472,15
9719,3194,128,3,8256,20
9720,3194,36,1,6799,5
9721,3194,143,2,3379,10
9722,3195,73,1,4391,5
9723,3195,43,2,69132,20
9724,3195,117,3,16602,10
9725,3195,109,1,7325,20
9726,3195,6,3,2386,0
9727,3196,47,1,26189,5
9728,3196,77,3,16368,20
9729,3196,53,2,6141,20
9730,3196,96,1,31762,5
9731,3196,13,2,6575,0
9732,3197,69,2,1763,0
9733,3197,38,3,61947,0
9734,3197,75,3,15710,0
9735,3197,133,2,7704,0
9736,3197,29,3,5679,5
9737,3198,48,1,4231,5
9738,3198,92,3,1168,0
9739,3198,11,2,12063,5
9740,3199,130,3,3932,0
9741,3200,5,2,12605,0
9742,3200,39,1,11179,0
9743,3200,56,2,39996,10
9744,3201,1,1,22303,15
9745,3201,25,3,21576,0
9746,3201,103,3,5734,20
9747,3201,94,2,24419,5
9748,3201,32,2,34048,0
9749,3202,26,3,19472,0
9750,3202,71,1,6424,0
9751,3202,119,3,5947,0
9752,3202,95,1,5785,20
9753,3203,104,3,1014,0
9754,3203,118,1,2198,10
9755,3203,68,3,21251,0
9756,3203,42,3,12253,5
9757,3203,58,2,5881,20
9758,3204,129,1,22197,0
9759,3204,130,3,3932,10
9760,3205,122,1,5675,15
9761,3205,129,1,22197,5
9762,3206,13,1,6575,0
9763,3206,88,2,2914,5
9764,3206,94,3,24419,10
9765,3207,66,3,14182,5
9766,3207,127,3,7024,0
9767,3207,39,3,11179,10
9768,3207,107,3,2852,10
9769,3207,126,3,44365,20
9770,3208,121,2,31449,0
9771,3208,45,2,4793,20
9772,3208,137,3,98300,5
9773,3208,132,3,29436,0
9774,3209,101,2,104734,0
9775,3209,103,3,5734,0
9776,3210,14,2,34891,0
9777,3210,39,3,11179,0
9778,3210,5,2,12605,20
9779,3210,77,1,16368,10
9780,3210,6,1,2386,0
9781,3211,49,2,5982,0
9782,3212,59,1,11729,10
9783,3212,95,1,5785,0
9784,3212,85,1,96244,0
9785,3212,8,3,7533,0
9786,3213,121,2,31449,0
9787,3213,60,3,87675,0
9788,3213,25,3,21576,15
9789,3213,59,3,11729,0
9790,3214,112,1,8812,0
9791,3214,8,1,7533,0
9792,3214,135,3,4575,15
9793,3215,13,3,6575,0
9794,3215,23,3,12370,0
9795,3215,2,2,4027,0
9796,3215,27,1,5124,20
9797,3216,4,1,9654,0
9798,3216,1,3,22303,5
9799,3216,112,2,8812,0
9800,3217,67,3,1118,0
9801,3217,91,2,4612,20
9802,3217,146,2,2879,0
9803,3218,15,3,4792,0
9804,3218,23,1,12370,15
9805,3218,84,1,13163,10
9806,3219,131,3,18705,20
9807,3219,109,1,7325,20
9808,3220,119,3,5947,20
9809,3220,112,2,8812,5
9810,3220,14,1,34891,0
9811,3220,87,2,6253,0
9812,3220,69,1,1763,20
9813,3221,105,3,5388,0
9814,3222,29,2,5679,20
9815,3222,140,2,13494,0
9816,3222,43,1,69132,0
9817,3223,21,3,22149,5
9818,3224,108,3,83584,10
9819,3224,133,2,7704,20
9820,3225,25,3,21576,0
9821,3225,80,3,25826,0
9822,3225,75,1,15710,15
9823,3226,17,1,22827,0
9824,3226,92,2,1168,15
9825,3226,13,3,6575,15
9826,3226,18,2,69910,20
9827,3226,88,1,2914,5
9828,3227,39,2,11179,15
9829,3227,69,3,1763,15
9830,3227,18,3,69910,0
9831,3228,145,1,2749,5
9832,3228,22,3,7737,0
9833,3228,120,2,22987,0
9834,3228,3,2,4862,0
9835,3229,106,2,8943,0
9836,3229,111,1,5235,20
9837,3229,28,2,5795,20
9838,3229,14,1,34891,0
9839,3230,125,2,106692,20
9840,3231,129,3,22197,0
9841,3231,149,2,21714,0
9842,3231,68,2,21251,5
9843,3231,48,1,4231,10
9844,3232,132,1,29436,10
9845,3232,36,1,6799,0
9846,3232,25,3,21576,20
9847,3232,43,1,69132,0
9848,3233,43,3,69132,0
9849,3233,123,3,5135,5
9850,3233,48,3,4231,0
9851,3234,142,3,7481,10
9852,3235,72,3,56852,0
9853,3235,77,1,16368,0
9854,3235,127,3,7024,20
9855,3235,106,1,8943,0
9856,3235,144,2,6276,20
9857,3236,146,1,2879,0
9858,3237,46,2,24848,0
9859,3237,14,1,34891,0
9860,3237,107,2,2852,10
9861,3237,65,2,4314,10
9862,3238,119,3,5947,5
9863,3239,52,2,10374,0
9864,3239,104,2,1014,10
9865,3239,15,2,4792,0
9866,3239,36,1,6799,20
9867,3240,13,2,6575,10
9868,3240,148,2,23262,0
9869,3240,6,3,2386,5
9870,3241,54,3,23925,0
9871,3241,77,2,16368,5
9872,3241,32,2,34048,10
9873,3241,16,2,11167,10
9874,3241,15,2,4792,0
9875,3242,17,1,22827,15
9876,3242,60,3,87675,10
9877,3242,84,3,13163,20
9878,3242,112,3,8812,5
9879,3243,2,3,4027,0
9880,3243,76,3,21281,20
9881,3243,127,2,7024,15
9882,3244,133,3,7704,0
9883,3244,143,1,3379,20
9884,3245,14,2,34891,15
9885,3246,80,3,25826,10
9886,3246,131,1,18705,10
9887,3246,56,2,39996,0
9888,3247,136,1,18015,5
9889,3247,87,1,6253,0
9890,3248,145,1,2749,0
9891,3248,96,2,31762,0
9892,3249,25,2,21576,10
9893,3250,34,3,19613,15
9894,3250,56,2,39996,0
9895,3250,32,3,34048,0
9896,3251,1,2,22303,0
9897,3252,117,1,16602,5
9898,3252,57,2,43577,15
9899,3252,58,3,5881,0
9900,3253,138,3,5435,0
9901,3253,127,1,7024,10
9902,3254,101,1,104734,0
9903,3255,41,2,62050,20
9904,3256,38,3,61947,0
9905,3257,77,1,16368,5
9906,3257,51,2,17314,15
9907,3257,118,3,2198,0
9908,3257,80,1,25826,15
9909,3258,149,3,21714,10
9910,3258,32,2,34048,0
9911,3258,99,2,10798,5
9912,3258,9,3,10988,0
9913,3259,65,1,4314,0
9914,3259,13,1,6575,0
9915,3260,142,1,7481,0
9916,3260,65,1,4314,10
9917,3260,28,3,5795,15
9918,3260,104,3,1014,0
9919,3260,2,2,4027,0
9920,3261,119,2,5947,0
9921,3261,103,2,5734,15
9922,3261,117,1,16602,5
9923,3261,139,1,36748,15
9924,3261,81,1,1827,5
9925,3262,111,1,5235,0
9926,3262,136,1,18015,5
9927,3263,13,1,6575,0
9928,3263,125,3,106692,20
9929,3264,127,2,7024,0
9930,3265,111,3,5235,0
9931,3265,51,3,17314,15
9932,3265,109,3,7325,0
9933,3265,125,2,106692,10
9934,3265,143,3,3379,5
9935,3266,18,3,69910,20
9936,3266,43,1,69132,0
9937,3266,132,1,29436,10
9938,3266,14,3,34891,0
9939,3266,83,2,4219,0
9940,3267,37,3,13473,10
9941,3267,43,3,69132,20
9942,3267,77,2,16368,10
9943,3267,27,2,5124,0
9944,3268,71,3,6424,10
9945,3268,2,2,4027,15
9946,3269,13,2,6575,5
9947,3269,73,2,4391,10
9948,3269,144,2,6276,15
9949,3269,67,2,1118,15
9950,3269,52,3,10374,0
9951,3270,8,2,7533,15
9952,3270,116,3,49805,10
9953,3270,112,2,8812,15
9954,3270,80,3,25826,0
9955,3270,16,1,11167,15
9956,3271,121,1,31449,15
9957,3271,142,2,7481,15
9958,3272,143,2,3379,20
9959,3272,135,2,4575,5
9960,3272,6,3,2386,15
9961,3272,77,1,16368,0
9962,3272,22,3,7737,15
9963,3273,130,3,3932,0
9964,3274,67,2,1118,10
9965,3274,53,1,6141,5
9966,3274,30,1,64462,15
9967,3275,37,1,13473,5
9968,3275,9,3,10988,0
9969,3275,143,3,3379,5
9970,3275,83,2,4219,0
9971,3276,38,3,61947,0
9972,3276,31,2,18801,0
9973,3276,132,3,29436,0
9974,3276,138,2,5435,0
9975,3277,47,1,26189,0
9976,3277,48,3,4231,5
9977,3277,16,2,11167,10
9978,3277,126,2,44365,0
9979,3278,140,2,13494,15
9980,3278,44,1,35472,10
9981,3279,54,3,23925,20
9982,3279,145,3,2749,10
9983,3280,115,1,3558,0
9984,3280,50,2,76133,5
9985,3280,111,2,5235,5
9986,3280,118,2,2198,15
9987,3280,24,3,22479,0
9988,3281,44,2,35472,0
9989,3281,111,3,5235,0
9990,3281,40,1,8292,15
9991,3282,111,3,5235,20
9992,3282,77,2,16368,0
9993,3282,105,2,5388,10
9994,3282,11,1,12063,10
9995,3283,95,2,5785,15
9996,3283,86,1,5085,0
9997,3283,83,1,4219,0
9998,3283,90,2,2547,10
9999,3284,43,1,69132,20
10000,3284,2,3,4027,0
10001,3284,84,2,13163,15
10002,3285,16,1,11167,0
10003,3285,135,1,4575,5
10004,3286,13,3,6575,5
10005,3287,134,1,3277,0
10006,3288,110,2,1902,0
10007,3289,82,1,20813,5
10008,3289,111,3,5235,15
10009,3289,90,2,2547,0
10010,3290,22,1,7737,10
10011,3290,111,2,5235,15
10012,3290,4,3,9654,0
10013,3291,134,1,3277,0
10014,3291,85,3,96244,0
10015,3291,50,3,76133,0
10016,3292,27,2,5124,0
10017,3293,134,3,3277,0
10018,3293,125,2,106692,15
10019,3294,92,2,1168,5
10020,3294,124,3,802,15
10021,3294,142,3,7481,0
10022,3295,71,3,6424,0
10023,3295,106,3,8943,5
10024,3296,28,2,5795,15
10025,3296,3,3,4862,20
10026,3296,110,1,1902,0
10027,3297,138,3,5435,10
10028,3297,45,1,4793,0
10029,3298,35,3,3958,5
10030,3298,116,1,49805,20
10031,3298,95,1,5785,0
10032,3298,137,3,98300,10
10033,3298,93,1,44770,0
10034,3299,70,2,23703,0
10035,3299,62,3,12613,0
10036,3299,71,1,6424,0
10037,3299,93,1,44770,0
10038,3299,101,2,104734,0
10039,3300,20,3,12448,0
10040,3300,65,3,4314,15
10041,3301,87,1,6253,15
10042,3301,6,3,2386,20
10043,3301,128,1,8256,0
10044,3302,106,3,8943,0
10045,3302,82,1,20813,15
10046,3303,137,2,98300,0
10047,3303,58,2,5881,20
10048,3303,126,1,44365,5
10049,3303,124,1,802,10
10050,3303,15,2,4792,15
10051,3304,50,2,76133,0
10052,3304,121,2,31449,15
10053,3305,134,3,3277,10
10054,3306,65,3,4314,0
10055,3306,120,1,22987,15
10056,3306,140,3,13494,0
10057,3306,135,3,4575,10
10058,3306,134,3,3277,5
10059,3307,96,1,31762,20
10060,3307,74,3,5168,20
10061,3307,72,3,56852,10
10062,3308,42,3,12253,10
10063,3308,142,1,7481,0
10064,3308,45,2,4793,20
10065,3308,108,2,83584,0
10066,3308,40,2,8292,10
10067,3309,134,1,3277,0
10068,3309,27,1,5124,15
10069,3309,96,2,31762,10
10070,3309,88,1,2914,0
10071,3309,60,3,87675,0
10072,3310,116,3,49805,0
10073,3310,26,1,19472,0
10074,3310,126,1,44365,20
10075,3310,103,1,5734,20
10076,3310,96,1,31762,0
10077,3311,16,3,11167,0
10078,3311,2,2,4027,0
10079,3311,93,3,44770,15
10080,3311,32,1,34048,20
10081,3312,134,3,3277,0
10082,3312,104,1,1014,15
10083,3313,77,2,16368,10
10084,3313,104,3,1014,10
10085,3313,50,2,76133,0
10086,3313,48,1,4231,0
10087,3314,133,2,7704,10
10088,3314,37,1,13473,15
10089,3314,7,1,1137,0
10090,3314,121,3,31449,0
10091,3314,87,2,6253,15
10092,3315,101,3,104734,0
10093,3315,73,3,4391,0
10094,3315,84,3,13163,0
10095,3315,104,1,1014,10
10096,3315,48,3,4231,20
10097,3316,62,1,12613,15
10098,3316,111,2,5235,0
10099,3316,143,2,3379,15
10100,3316,88,1,2914,10
10101,3317,24,2,22479,5
10102,3317,144,1,6276,0
10103,3318,112,3,8812,5
10104,3318,117,2,16602,15
10105,3318,21,2,22149,15
10106,3319,64,1,11154,0
10107,3319,73,1,4391,5
10108,3319,1,3,22303,0
10109,3320,115,3,3558,5
10110,3320,107,1,2852,15
10111,3320,96,1,31762,10
10112,3321,1,2,22303,10
10113,3321,118,1,2198,20
10114,3321,141,3,20886,0
10115,3322,32,3,34048,5
10116,3322,83,3,4219,0
10117,3323,59,2,11729,0
10118,3323,4,3,9654,10
10119,3323,86,1,5085,5
10120,3323,55,3,11943,10
10121,3324,54,1,23925,5
10122,3324,17,1,22827,20
10123,3324,101,1,104734,5
10124,3324,30,2,64462,0
10125,3324,94,2,24419,10
10126,3325,17,1,22827,5
10127,3325,72,3,56852,20
10128,3325,32,3,34048,15
10129,3326,76,3,21281,0
10130,3326,111,3,5235,5
10131,3326,121,2,31449,10
10132,3326,9,2,10988,20
10133,3326,105,1,5388,20
10134,3327,133,2,7704,20
10135,3327,146,3,2879,10
10136,3327,140,3,13494,10
10137,3327,83,1,4219,0
10138,3327,128,1,8256,5
10139,3328,48,1,4231,15
10140,3328,122,1,5675,0
10141,3328,68,1,21251,10
10142,3328,136,3,18015,5
10143,3329,5,1,12605,5
10144,3329,31,2,18801,20
10145,3329,52,1,10374,15
10146,3330,18,3,69910,0
10147,3330,74,2,5168,20
10148,3330,5,2,12605,0
10149,3330,145,3,2749,15
10150,3330,43,1,69132,15
10151,3331,75,3,15710,5
10152,3331,45,3,4793,0
10153,3331,58,2,5881,10
10154,3331,29,1,5679,20
10155,3331,100,1,10475,0
10156,3332,103,1,5734,0
10157,3332,6,2,2386,10
10158,3333,71,2,6424,0
10159,3333,17,3,22827,20
10160,3333,92,1,1168,10
10161,3333,147,2,7155,0
10162,3333,18,2,69910,10
10163,3334,119,3,5947,0
10164,3334,144,1,6276,10
10165,3335,141,1,20886,5
10166,3335,20,3,12448,5
10167,3335,78,3,25106,5
10168,3335,82,1,20813,0
10169,3336,44,2,35472,0
10170,3336,1,3,22303,0
10171,3336,110,2,1902,15
10172,3337,69,3,1763,15
10173,3338,48,1,4231,0
10174,3338,76,1,21281,0
10175,3338,2,2,4027,0
10176,3338,9,3,10988,20
10177,3339,119,3,5947,5
10178,3339,48,2,4231,0
10179,3339,41,3,62050,0
10180,3339,83,3,4219,0
10181,3339,81,3,1827,20
10182,3340,11,1,12063,0
10183,3341,37,1,13473,10
10184,3341,40,2,8292,10
10185,3341,121,2,31449,20
10186,3341,132,3,29436,0
10187,3341,129,2,22197,10
10188,3342,71,2,6424,10
10189,3342,53,1,6141,0
10190,3342,75,1,15710,10
10191,3343,74,1,5168,10
10192,3343,27,3,5124,20
10193,3343,99,2,10798,0
10194,3343,28,1,5795,0
10195,3344,66,1,14182,20
10196,3344,32,2,34048,0
10197,3344,126,3,44365,15
10198,3344,85,1,96244,0
10199,3345,93,3,44770,5
10200,3345,131,2,18705,5
10201,3346,5,3,12605,0
10202,3346,4,3,9654,0
10203,3346,115,2,3558,15
10204,3347,78,2,25106,20
10205,3347,12,3,8038,10
10206,3348,141,3,20886,0
10207,3348,120,3,22987,15
10208,3348,49,2,5982,0
10209,3349,58,1,5881,0
10210,3349,103,2,5734,10
10211,3349,5,1,12605,20
10212,3349,142,3,7481,0
10213,3350,100,2,10475,0
10214,3350,6,1,2386,15
10215,3350,18,2,69910,15
10216,3350,23,1,12370,20
10217,3351,90,3,2547,15
10218,3351,103,2,5734,0
10219,3351,147,3,7155,5
10220,3351,138,1,5435,0
10221,3352,67,3,1118,10
10222,3352,137,3,98300,15
10223,3352,50,1,76133,20
10224,3353,105,3,5388,5
10225,3353,88,2,2914,0
10226,3353,123,2,5135,0
10227,3353,97,1,31743,0
10228,3353,52,3,10374,0
10229,3354,55,1,11943,10
10230,3354,75,3,15710,15
10231,3354,110,3,1902,5
10232,3354,69,1,1763,0
10233,3354,72,3,56852,0
10234,3355,54,1,23925,5
10235,3355,71,3,6424,20
10236,3355,91,3,4612,0
10237,3355,21,3,22149,15
10238,3356,140,2,13494,10
10239,3356,101,2,104734,15
10240,3356,4,2,9654,20
10241,3356,82,1,20813,20
10242,3356,50,1,76133,0
10243,3357,89,3,32102,10
10244,3357,112,2,8812,10
10245,3357,48,2,4231,0
10246,3357,84,1,13163,0
10247,3357,9,2,10988,0
10248,3358,139,1,36748,0
10249,3358,140,1,13494,5
10250,3358,104,1,1014,0
10251,3358,8,3,7533,15
10252,3358,142,1,7481,0
10253,3359,137,3,98300,0
10254,3360,132,1,29436,20
10255,3360,37,1,13473,0
10256,3361,57,3,43577,10
10257,3361,60,1,87675,20
10258,3361,20,2,12448,0
10259,3361,21,3,22149,0
10260,3362,88,1,2914,0
10261,3362,101,3,104734,0
10262,3362,139,3,36748,20
10263,3362,70,1,23703,0
10264,3363,25,1,21576,0
10265,3363,62,1,12613,5
10266,3364,58,1,5881,0
10267,3365,122,1,5675,0
10268,3366,147,2,7155,10
10269,3366,149,1,21714,0
10270,3366,25,2,21576,0
10271,3366,22,1,7737,20
10272,3366,144,2,6276,0
10273,3367,24,3,22479,0
10274,3367,149,1,21714,0
10275,3367,28,1,5795,0
10276,3367,3,1,4862,5
10277,3368,42,3,12253,15
10278,3368,52,1,10374,0
10279,3369,25,3,21576,0
10280,3370,105,2,5388,5
10281,3370,23,1,12370,5
10282,3370,64,1,11154,0
10283,3370,109,3,7325,15
10284,3370,11,2,12063,0
10285,3371,93,1,44770,0
10286,3371,62,2,12613,0
10287,3372,19,3,8855,0
10288,3372,11,2,12063,0
10289,3372,83,2,4219,0
10290,3373,59,1,11729,10
10291,3373,35,2,3958,5
10292,3374,130,2,3932,0
10293,3375,65,1,4314,20
10294,3375,64,2,11154,0
10295,3375,14,3,34891,10
10296,3376,85,3,96244,0
10297,3377,39,1,11179,0
10298,3377,101,3,104734,0
10299,3377,132,2,29436,10
10300,3377,96,1,31762,15
10301,3378,69,2,1763,10
10302,3378,99,3,10798,15
10303,3379,17,3,22827,0
10304,3379,27,3,5124,10
10305,3380,93,3,44770,0
10306,3380,28,2,5795,15
10307,3380,141,1,20886,20
10308,3380,148,3,23262,0
10309,3381,44,1,35472,0
10310,3381,105,2,5388,0
10311,3381,126,2,44365,15
10312,3381,129,1,22197,15
10313,3381,94,1,24419,15
10314,3382,145,1,2749,0
10315,3382,135,2,4575,20
10316,3382,45,3,4793,5
10317,3382,3,1,4862,0
10318,3383,132,1,29436,0
10319,3383,101,2,104734,20
10320,3383,79,1,7718,15
10321,3384,58,2,5881,10
10322,3384,18,2,69910,0
10323,3384,79,1,7718,10
10324,3385,93,2,44770,0
10325,3385,82,1,20813,20
10326,3385,128,2,8256,15
10327,3385,53,1,6141,10
10328,3385,84,2,13163,0
10329,3386,43,1,69132,0
10330,3386,70,3,23703,5
10331,3386,86,3,5085,0
10332,3386,16,2,11167,0
10333,3386,141,1,20886,20
10334,3387,17,1,22827,0
10335,3387,117,1,16602,0
10336,3387,4,2,9654,0
10337,3387,45,3,4793,15
10338,3388,50,2,76133,0
10339,3388,147,2,7155,0
10340,3388,8,2,7533,15
10341,3388,92,1,1168,0
10342,3389,93,3,44770,0
10343,3390,55,3,11943,0
10344,3390,57,3,43577,5
10345,3390,109,3,7325,15
10346,3390,28,2,5795,5
10347,3390,7,1,1137,0
10348,3391,130,3,3932,20
10349,3391,101,2,104734,5
10350,3391,70,1,23703,0
10351,3391,126,1,44365,10
10352,3392,67,2,1118,0
10353,3392,42,3,12253,10
10354,3392,95,1,5785,10
10355,3393,29,3,5679,15
10356,3393,68,1,21251,0
10357,3393,65,3,4314,0
10358,3394,32,2,34048,0
10359,3394,145,3,2749,20
10360,3394,34,1,19613,20
10361,3394,143,3,3379,20
10362,3394,11,1,12063,20
10363,3395,4,1,9654,20
10364,3395,146,1,2879,0
10365,3396,126,3,44365,20
10366,3396,108,3,83584,0
10367,3396,39,3,11179,0
10368,3396,18,2,69910,0
10369,3397,132,2,29436,15
10370,3397,79,2,7718,0
10371,3397,82,2,20813,10
10372,3398,56,1,39996,20
10373,3398,149,3,21714,15
10374,3398,82,2,20813,15
10375,3398,66,2,14182,5
10376,3399,101,3,104734,5
10377,3399,49,1,5982,0
10378,3400,12,2,8038,5
10379,3400,51,2,17314,15
10380,3400,22,1,7737,0
10381,3400,87,1,6253,15
10382,3401,63,3,32668,10
10383,3401,41,1,62050,15
10384,3401,137,3,98300,15
10385,3401,121,2,31449,0
10386,3401,104,2,1014,20
10387,3402,50,3,76133,0
10388,3402,64,2,11154,0
10389,3402,117,3,16602,15
10390,3403,21,2,22149,0
10391,3403,142,2,7481,0
10392,3404,119,3,5947,10
10393,3405,126,1,44365,5
10394,3405,103,1,5734,0
10395,3405,46,2,24848,10
10396,3406,86,2,5085,5
10397,3406,93,1,44770,0
10398,3406,112,3,8812,0
10399,3407,63,3,32668,20
10400,3407,129,3,22197,10
10401,3407,5,3,12605,0
10402,3407,4,1,9654,10
10403,3408,28,3,5795,10
10404,3408,109,1,7325,15
10405,3408,100,2,10475,0
10406,3408,118,3,2198,15
10407,3408,3,3,4862,0
10408,3409,142,2,7481,0
10409,3409,46,2,24848,0
10410,3410,54,3,23925,0
10411,3410,22,3,7737,0
10412,3410,71,1,6424,5
10413,3410,52,1,10374,20
10414,3411,2,3,4027,10
10415,3411,62,3,12613,0
10416,3411,1,2,22303,10
10417,3412,69,3,1763,15
10418,3412,50,2,76133,10
10419,3412,130,1,3932,0
10420,3412,53,1,6141,15
10421,3413,28,1,5795,15
10422,3413,21,3,22149,0
10423,3413,97,2,31743,15
10424,3413,92,3,1168,10
10425,3414,132,3,29436,0
10426,3414,18,1,69910,10
10427,3414,110,2,1902,0
10428,3414,15,3,4792,5
10429,3415,83,2,4219,15
10430,3415,4,3,9654,0
10431,3415,128,3,8256,10
10432,3415,43,1,69132,0
10433,3416,145,3,2749,15
10434,3416,21,1,22149,5
10435,3416,47,3,26189,15
10436,3416,143,1,3379,10
10437,3417,42,2,12253,5
10438,3417,50,3,76133,0
10439,3417,122,1,5675,10
10440,3417,140,2,13494,0
10441,3417,26,2,19472,10
10442,3418,45,1,4793,20
10443,3418,80,3,25826,0
10444,3418,138,2,5435,5
10445,3418,112,3,8812,20
10446,3419,8,1,7533,0
10447,3419,18,2,69910,15
10448,3419,75,1,15710,20
10449,3419,104,1,1014,10
10450,3419,133,1,7704,0
10451,3420,54,2,23925,0
10452,3420,115,3,3558,0
10453,3420,35,2,3958,0
10454,3420,76,1,21281,20
10455,3420,148,2,23262,10
10456,3421,123,2,5135,0
10457,3421,125,3,106692,5
10458,3422,65,2,4314,10
10459,3423,21,2,22149,15
10460,3423,111,1,5235,5
10461,3423,148,2,23262,15
10462,3424,137,2,98300,0
10463,3425,142,2,7481,10
10464,3425,96,1,31762,5
10465,3425,38,1,61947,10
10466,3425,74,3,5168,20
10467,3426,45,1,4793,0
10468,3426,51,2,17314,0
10469,3426,101,1,104734,0
10470,3426,11,2,12063,20
10471,3426,76,2,21281,5
10472,3427,89,1,32102,5
10473,3427,147,1,7155,15
10474,3428,78,1,25106,20
10475,3428,1,3,22303,20
10476,3429,119,1,5947,10
10477,3429,148,3,23262,5
10478,3430,28,3,5795,15
10479,3430,126,3,44365,0
10480,3430,1,3,22303,20
10481,3430,134,1,3277,15
10482,3431,128,3,8256,0
10483,3431,97,1,31743,0
10484,3432,97,3,31743,5
10485,3432,85,1,96244,15
10486,3432,129,1,22197,10
10487,3432,81,1,1827,0
10488,3433,84,3,13163,15
10489,3433,130,3,3932,20
10490,3433,56,2,39996,0
10491,3434,103,3,5734,0
10492,3434,31,1,18801,0
10493,3434,110,2,1902,5
10494,3434,19,2,8855,0
10495,3435,126,1,44365,0
10496,3435,25,3,21576,20
10497,3435,138,2,5435,20
10498,3435,23,3,12370,5
10499,3435,79,2,7718,5
10500,3436,51,2,17314,0
10501,3436,72,1,56852,20
10502,3436,49,3,5982,10
10503,3436,112,1,8812,20
10504,3436,6,3,2386,0
10505,3437,139,2,36748,20
10506,3438,6,1,2386,0
10507,3438,52,3,10374,5
10508,3438,115,2,3558,0
10509,3439,65,3,4314,15
10510,3439,123,3,5135,0
10511,3439,16,1,11167,10
10512,3439,45,3,4793,15
10513,3439,43,2,69132,0
10514,3440,86,3,5085,10
10515,3440,88,3,2914,0
10516,3440,120,1,22987,5
10517,3441,16,3,11167,0
10518,3441,103,2,5734,0
10519,3442,99,1,10798,20
10520,3443,131,3,18705,15
10521,3443,103,3,5734,15
10522,3443,132,1,29436,15
10523,3443,96,1,31762,15
10524,3444,127,3,7024,5
10525,3444,22,2,7737,0
10526,3445,82,2,20813,0
10527,3446,143,2,3379,20
10528,3446,38,3,61947,5
10529,3447,105,3,5388,5
10530,3447,132,3,29436,10
10531,3447,73,3,4391,5
10532,3447,147,3,7155,20
10533,3448,80,1,25826,10
10534,3449,76,2,21281,0
10535,3450,96,2,31762,0
10536,3450,80,3,25826,0
10537,3451,68,3,21251,5
10538,3451,125,2,106692,0
10539,3451,44,2,35472,0
10540,3452,2,1,4027,10
10541,3452,65,1,4314,0
10542,3452,122,2,5675,5
10543,3452,147,3,7155,10
10544,3453,130,2,3932,0
10545,3453,125,1,106692,0
10546,3453,1,3,22303,15
10547,3453,128,3,8256,10
10548,3454,123,1,5135,0
10549,3454,130,2,3932,20
10550,3454,81,2,1827,0
10551,3454,106,3,8943,5
10552,3455,111,3,5235,5
10553,3455,19,1,8855,20
10554,3455,109,3,7325,0
10555,3455,63,1,32668,0
10556,3455,60,1,87675,0
10557,3456,68,2,21251,5
10558,3457,84,1,13163,5
10559,3458,90,3,2547,5
10560,3458,77,2,16368,0
10561,3458,28,1,5795,10
10562,3458,36,3,6799,0
10563,3458,29,1,5679,15
10564,3459,144,1,6276,20
10565,3459,3,3,4862,10
10566,3460,77,3,16368,0
10567,3461,11,1,12063,10
10568,3462,4,2,9654,15
10569,3462,73,2,4391,0
10570,3462,34,3,19613,15
10571,3463,112,3,8812,20
10572,3463,25,3,21576,15
10573,3463,47,1,26189,20
10574,3463,130,1,3932,0
10575,3463,122,1,5675,20
10576,3464,25,3,21576,0
10577,3465,47,2,26189,0
10578,3465,97,1,31743,0
10579,3465,15,1,4792,10
10580,3465,112,2,8812,0
10581,3466,57,3,43577,5
10582,3466,69,2,1763,15
10583,3467,59,3,11729,0
10584,3468,15,3,4792,0
10585,3468,21,3,22149,10
10586,3468,139,3,36748,0
10587,3469,49,1,5982,20
10588,3469,91,3,4612,15
10589,3469,118,2,2198,20
10590,3470,76,3,21281,20
10591,3470,124,2,802,20
10592,3470,89,1,32102,5
10593,3470,20,3,12448,0
10594,3470,66,3,14182,0
10595,3471,15,2,4792,5
10596,3471,92,3,1168,0
10597,3471,84,1,13163,0
10598,3472,93,3,44770,5
10599,3473,63,1,32668,0
10600,3474,73,1,4391,15
10601,3474,35,2,3958,0
10602,3474,148,3,23262,0
10603,3475,94,1,24419,20
10604,3475,14,2,34891,15
10605,3475,128,1,8256,10
10606,3475,135,1,4575,20
10607,3475,66,1,14182,0
10608,3476,7,3,1137,0
10609,3476,88,3,2914,0
10610,3477,100,3,10475,15
10611,3477,104,1,1014,20
10612,3477,92,1,1168,10
10613,3477,121,1,31449,10
10614,3478,22,3,7737,0
10615,3478,146,2,2879,10
10616,3478,137,2,98300,10
10617,3479,91,3,4612,5
10618,3479,131,3,18705,0
10619,3479,49,1,5982,15
10620,3479,138,1,5435,10
10621,3479,66,3,14182,10
10622,3480,123,2,5135,0
10623,3481,1,1,22303,10
10624,3481,56,3,39996,10
10625,3481,43,2,69132,0
10626,3481,122,3,5675,5
10627,3482,9,2,10988,15
10628,3482,132,1,29436,0
10629,3483,56,2,39996,10
10630,3483,6,2,2386,5
10631,3483,108,2,83584,0
10632,3484,130,1,3932,15
10633,3485,49,1,5982,20
10634,3486,107,3,2852,20
10635,3487,112,1,8812,0
10636,3487,115,2,3558,15
10637,3487,74,3,5168,0
10638,3487,131,2,18705,0
10639,3488,147,1,7155,0
10640,3489,22,1,7737,0
10641,3489,142,1,7481,10
10642,3489,59,1,11729,0
10643,3489,48,2,4231,0
10644,3490,148,2,23262,0
10645,3491,133,2,7704,5
10646,3491,38,3,61947,0
10647,3491,57,2,43577,5
10648,3491,36,1,6799,0
10649,3492,64,3,11154,10
10650,3492,133,1,7704,0
10651,3492,124,2,802,0
10652,3492,143,3,3379,0
10653,3493,128,3,8256,0
10654,3493,144,3,6276,0
10655,3493,13,2,6575,0
10656,3494,146,2,2879,5
10657,3494,99,3,10798,0
10658,3494,124,1,802,20
10659,3495,75,3,15710,20
10660,3495,133,2,7704,10
10661,3495,23,2,12370,10
10662,3495,6,3,2386,20
10663,3495,58,2,5881,0
10664,3496,57,1,43577,0
10665,3496,52,2,10374,10
10666,3496,71,3,6424,0
10667,3497,106,2,8943,0
10668,3497,127,2,7024,5
10669,3498,116,1,49805,10
10670,3499,15,2,4792,10
10671,3499,52,1,10374,0
10672,3500,8,1,7533,20
10673,3500,147,3,7155,0
10674,3501,117,3,16602,0
10675,3501,22,2,7737,0
10676,3501,29,3,5679,0
10677,3501,45,1,4793,5
10678,3501,99,2,10798,15
10679,3502,29,3,5679,10
10680,3502,109,1,7325,20
10681,3502,140,3,13494,20
10682,3502,1,2,22303,5
10683,3503,41,1,62050,20
10684,3503,115,3,3558,5
10685,3503,131,1,18705,0
10686,3504,142,3,7481,20
10687,3504,118,2,2198,0
10688,3504,74,2,5168,5
10689,3504,115,1,3558,0
10690,3505,78,2,25106,5
10691,3505,50,2,76133,5
10692,3505,91,3,4612,10
10693,3505,47,3,26189,15
10694,3506,100,1,10475,15
10695,3506,24,1,22479,15
10696,3506,105,3,5388,0
10697,3506,104,3,1014,5
10698,3506,9,3,10988,20
10699,3507,17,2,22827,15
10700,3507,120,1,22987,10
10701,3507,21,3,22149,5
10702,3508,41,3,62050,0
10703,3508,90,2,2547,15
10704,3508,115,3,3558,10
10705,3508,21,3,22149,0
10706,3509,35,3,3958,15
10707,3509,5,3,12605,0
10708,3509,119,2,5947,15
10709,3509,50,3,76133,15
10710,3510,144,1,6276,0
10711,3510,16,1,11167,0
10712,3510,93,3,44770,0
10713,3510,23,2,12370,0
10714,3510,141,2,20886,5
10715,3511,67,3,1118,0
10716,3511,76,1,21281,15
10717,3511,132,2,29436,5
10718,3511,40,2,8292,0
10719,3511,79,1,7718,20
10720,3512,110,3,1902,15
10721,3512,77,1,16368,0
10722,3512,135,2,4575,10
10723,3512,81,1,1827,15
10724,3512,36,2,6799,10
10725,3513,28,3,5795,15
10726,3513,115,3,3558,0
10727,3513,46,3,24848,0
10728,3514,120,1,22987,0
10729,3514,130,1,3932,20
10730,3515,127,1,7024,0
10731,3515,106,1,8943,10
10732,3515,109,2,7325,20
10733,3515,60,3,87675,0
10734,3515,72,2,56852,5
10735,3516,108,2,83584,10
10736,3516,140,1,13494,0
10737,3516,88,2,2914,0
10738,3516,31,1,18801,5
10739,3517,80,3,25826,15
10740,3517,87,2,6253,0
10741,3517,70,3,23703,0
10742,3517,124,2,802,20
10743,3517,8,2,7533,0
10744,3518,83,2,4219,0
10745,3518,144,1,6276,10
10746,3518,125,3,106692,0
10747,3518,140,1,13494,0
10748,3519,77,3,16368,20
10749,3519,146,1,2879,0
10750,3519,48,2,4231,0
10751,3520,97,2,31743,0
10752,3520,67,2,1118,5
10753,3521,29,1,5679,15
10754,3522,22,3,7737,0
10755,3522,46,2,24848,10
10756,3522,137,3,98300,0
10757,3522,64,3,11154,0
10758,3522,84,1,13163,5
10759,3523,86,2,5085,15
10760,3524,123,2,5135,0
10761,3525,1,1,22303,10
10762,3525,52,3,10374,0
10763,3525,8,2,7533,0
10764,3525,145,1,2749,10
10765,3525,43,3,69132,20
10766,3526,66,2,14182,0
10767,3526,126,2,44365,0
10768,3527,46,1,24848,10
10769,3528,149,1,21714,0
10770,3529,138,1,5435,0
10771,3529,4,1,9654,5
10772,3529,2,3,4027,0
10773,3529,67,3,1118,5
10774,3529,1,3,22303,15
10775,3530,3,1,4862,0
10776,3530,124,3,802,0
10777,3531,127,2,7024,0
10778,3531,101,1,104734,0
10779,3531,106,3,8943,0
10780,3531,45,3,4793,10
10781,3531,30,1,64462,5
10782,3532,45,1,4793,15
10783,3532,82,3,20813,5
10784,3533,45,3,4793,15
10785,3533,105,2,5388,10
10786,3533,54,2,23925,0
10787,3533,146,3,2879,0
10788,3533,132,1,29436,10
10789,3534,137,3,98300,0
10790,3534,93,2,44770,5
10791,3534,124,3,802,0
10792,3534,41,3,62050,10
10793,3534,139,3,36748,0
10794,3535,132,1,29436,15
10795,3535,97,3,31743,0
10796,3535,56,3,39996,5
10797,3536,80,3,25826,15
10798,3536,18,1,69910,15
10799,3536,117,1,16602,0
10800,3536,127,2,7024,10
10801,3536,87,3,6253,10
10802,3537,20,3,12448,10
10803,3538,81,1,1827,20
10804,3538,145,1,2749,10
10805,3538,131,1,18705,5
10806,3538,73,1,4391,10
10807,3538,69,3,1763,5
10808,3539,6,3,2386,15
10809,3539,16,3,11167,0
10810,3540,77,2,16368,15
10811,3540,56,1,39996,15
10812,3540,86,3,5085,0
10813,3540,122,2,5675,0
10814,3541,72,2,56852,15
10815,3541,116,3,49805,10
10816,3541,4,1,9654,0
10817,3541,1,1,22303,5
10818,3541,28,1,5795,0
10819,3542,2,1,4027,0
10820,3543,38,1,61947,10
10821,3543,82,2,20813,20
10822,3543,72,2,56852,15
10823,3543,116,2,49805,0
10824,3544,66,2,14182,5
10825,3544,15,1,4792,15
10826,3544,144,3,6276,10
10827,3544,57,1,43577,10
10828,3545,125,3,106692,0
10829,3545,82,2,20813,20
10830,3545,22,1,7737,0
10831,3546,92,2,1168,10
10832,3546,124,3,802,20
10833,3546,67,1,1118,10
10834,3546,57,2,43577,5
10835,3547,88,2,2914,10
10836,3547,138,2,5435,5
10837,3548,136,1,18015,15
10838,3548,130,2,3932,0
10839,3548,142,3,7481,5
10840,3549,94,3,24419,0
10841,3549,70,2,23703,20
10842,3549,109,1,7325,0
10843,3550,71,2,6424,20
10844,3550,138,1,5435,15
10845,3550,77,3,16368,0
10846,3550,124,2,802,0
10847,3550,2,2,4027,15
10848,3551,89,1,32102,10
10849,3551,29,2,5679,15
10850,3551,18,1,69910,0
10851,3551,141,3,20886,15
10852,3552,75,3,15710,0
10853,3552,44,1,35472,15
10854,3552,48,1,4231,0
10855,3552,142,1,7481,10
10856,3552,28,3,5795,10
10857,3553,29,3,5679,15
10858,3554,103,2,5734,10
10859,3554,15,3,4792,0
10860,3555,60,2,87675,0
10861,3555,112,3,8812,0
10862,3555,73,3,4391,0
10863,3556,112,3,8812,5
10864,3556,22,2,7737,5
10865,3556,106,2,8943,15
10866,3556,25,2,21576,10
10867,3556,142,3,7481,0
10868,3557,44,3,35472,15
10869,3557,19,1,8855,15
10870,3557,122,1,5675,20
10871,3558,99,2,10798,15
10872,3559,99,2,10798,10
10873,3559,145,1,2749,15
10874,3559,121,1,31449,5
10875,3559,116,3,49805,0
10876,3559,86,1,5085,0
10877,3560,65,3,4314,0
10878,3560,93,3,44770,0
10879,3560,82,2,20813,10
10880,3560,29,3,5679,0
10881,3560,46,1,24848,0
10882,3561,85,1,96244,20
10883,3561,135,2,4575,0
10884,3561,21,3,22149,5
10885,3562,139,1,36748,0
10886,3562,111,2,5235,15
10887,3563,36,3,6799,15
10888,3564,105,1,5388,0
10889,3564,63,2,32668,15
10890,3564,79,2,7718,0
10891,3564,74,1,5168,15
10892,3565,107,3,2852,5
10893,3565,75,3,15710,0
10894,3565,20,3,12448,20
10895,3566,26,3,19472,15
10896,3566,96,1,31762,0
10897,3567,53,3,6141,0
10898,3567,103,1,5734,0
10899,3568,66,2,14182,15
10900,3568,89,2,32102,0
10901,3569,64,1,11154,0
10902,3569,13,1,6575,10
10903,3569,109,1,7325,0
10904,3570,45,1,4793,10
10905,3570,53,2,6141,0
10906,3570,72,2,56852,5
10907,3571,65,3,4314,20
10908,3571,138,1,5435,10
10909,3571,99,2,10798,0
10910,3571,18,3,69910,10
10911,3572,12,3,8038,0
10912,3572,13,1,6575,10
10913,3572,92,1,1168,5
10914,3572,96,3,31762,15
10915,3572,133,1,7704,5
10916,3573,68,1,21251,0
10917,3573,124,2,802,20
10918,3573,99,2,10798,0
10919,3574,140,2,13494,10
10920,3574,11,2,12063,20
10921,3574,107,3,2852,5
10922,3575,68,1,21251,0
10923,3576,11,2,12063,20
10924,3577,103,2,5734,10
10925,3577,65,1,4314,20
10926,3578,148,1,23262,0
10927,3578,107,1,2852,0
10928,3579,36,3,6799,0
10929,3580,42,1,12253,0
10930,3580,46,3,24848,0
10931,3580,77,3,16368,0
10932,3580,65,1,4314,0
10933,3580,6,1,2386,0
10934,3581,71,2,6424,0
10935,3581,64,3,11154,10
10936,3582,44,2,35472,0
10937,3582,86,3,5085,5
10938,3583,101,3,104734,20
10939,3583,77,2,16368,5
10940,3583,16,3,11167,0
10941,3583,145,1,2749,5
10942,3584,12,1,8038,5
10943,3584,15,1,4792,0
10944,3584,106,2,8943,0
10945,3584,66,1,14182,15
10946,3585,133,3,7704,20
10947,3586,147,2,7155,0
10948,3586,128,3,8256,15
10949,3586,123,3,5135,0
10950,3587,118,1,2198,0
10951,3587,45,1,4793,10
10952,3587,43,1,69132,0
10953,3588,58,3,5881,0
10954,3588,90,2,2547,0
10955,3589,75,2,15710,0
10956,3590,42,3,12253,0
10957,3590,68,3,21251,15
10958,3590,99,3,10798,10
10959,3590,105,1,5388,10
10960,3590,121,3,31449,0
10961,3591,51,2,17314,0
10962,3591,53,2,6141,10
10963,3591,125,3,106692,20
10964,3591,75,1,15710,0
10965,3591,30,3,64462,10
10966,3592,6,2,2386,0
10967,3593,131,3,18705,0
10968,3593,96,2,31762,20
10969,3593,92,2,1168,0
10970,3593,17,1,22827,0
10971,3593,138,3,5435,15
10972,3594,19,2,8855,5
10973,3594,119,3,5947,5
10974,3594,81,2,1827,5
10975,3594,136,3,18015,15
10976,3595,67,3,1118,15
10977,3595,97,2,31743,10
10978,3595,103,1,5734,15
10979,3595,96,1,31762,5
10980,3595,12,3,8038,0
10981,3596,28,2,5795,0
10982,3596,30,3,64462,5
10983,3596,17,1,22827,15
10984,3597,137,3,98300,0
10985,3597,7,3,1137,5
10986,3597,71,2,6424,5
10987,3597,14,1,34891,0
10988,3598,53,2,6141,0
10989,3598,42,2,12253,20
10990,3598,7,3,1137,15
10991,3599,80,3,25826,15
10992,3599,17,1,22827,5
10993,3600,13,3,6575,0
10994,3601,8,1,7533,15
10995,3601,97,1,31743,15
10996,3602,74,3,5168,5
10997,3602,121,1,31449,5
10998,3602,76,2,21281,15
10999,3602,120,3,22987,15
11000,3603,11,3,12063,15
11001,3603,127,1,7024,5
11002,3604,29,1,5679,0
11003,3605,80,2,25826,0
11004,3605,35,3,3958,10
11005,3605,28,3,5795,0
11006,3605,30,1,64462,0
11007,3605,138,2,5435,10
11008,3606,52,3,10374,20
11009,3606,20,2,12448,10
11010,3607,78,1,25106,0
11011,3607,16,1,11167,5
11012,3607,71,1,6424,15
11013,3607,23,2,12370,15
11014,3608,58,1,5881,0
11015,3609,112,2,8812,15
11016,3609,4,1,9654,0
11017,3609,118,1,2198,0
11018,3609,121,3,31449,0
11019,3610,32,2,34048,5
11020,3610,72,1,56852,15
11021,3610,36,1,6799,0
11022,3611,89,1,32102,0
11023,3612,56,2,39996,0
11024,3612,99,1,10798,5
11025,3612,52,1,10374,15
11026,3613,50,1,76133,20
11027,3613,85,3,96244,0
11028,3613,93,2,44770,0
11029,3613,58,2,5881,0
11030,3614,147,3,7155,0
11031,3615,119,1,5947,20
11032,3615,9,1,10988,5
11033,3615,117,1,16602,0
11034,3615,35,3,3958,0
11035,3615,85,3,96244,15
11036,3616,17,1,22827,0
11037,3616,7,3,1137,20
11038,3616,137,3,98300,5
11039,3617,122,3,5675,0
11040,3617,82,2,20813,0
11041,3617,21,3,22149,0
11042,3617,89,2,32102,15
11043,3617,69,2,1763,20
11044,3618,130,3,3932,15
11045,3618,66,2,14182,15
11046,3619,89,1,32102,20
11047,3620,40,3,8292,5
11048,3620,73,2,4391,5
11049,3620,51,2,17314,10
11050,3620,5,3,12605,0
11051,3621,1,1,22303,10
11052,3621,138,3,5435,20
11053,3621,37,1,13473,15
11054,3621,68,2,21251,0
11055,3622,48,2,4231,5
11056,3622,16,1,11167,20
11057,3622,49,3,5982,5
11058,3622,67,3,1118,0
11059,3623,31,3,18801,20
11060,3623,38,2,61947,0
11061,3623,103,3,5734,10
11062,3624,73,3,4391,15
11063,3624,1,3,22303,5
11064,3624,65,2,4314,5
11065,3624,7,1,1137,20
11066,3624,49,2,5982,0
11067,3625,92,2,1168,0
11068,3625,13,3,6575,0
11069,3625,106,2,8943,0
11070,3625,109,3,7325,15
11071,3625,134,1,3277,15
11072,3626,15,3,4792,10
11073,3626,148,1,23262,0
11074,3626,58,1,5881,15
11075,3626,13,3,6575,10
11076,3626,112,3,8812,20
11077,3627,83,1,4219,20
11078,3627,21,1,22149,0
11079,3627,77,1,16368,5
11080,3628,12,2,8038,0
11081,3628,120,3,22987,0
11082,3629,56,3,39996,0
11083,3629,111,1,5235,0
11084,3629,134,1,3277,5
11085,3629,141,2,20886,0
11086,3629,71,3,6424,20
11087,3630,100,2,10475,0
11088,3630,6,2,2386,0
11089,3630,12,3,8038,20
11090,3631,48,1,4231,15
11091,3631,86,3,5085,0
11092,3632,57,2,43577,5
11093,3633,99,2,10798,0
11094,3633,55,2,11943,15
11095,3633,87,3,6253,5
11096,3633,21,2,22149,0
11097,3634,125,3,106692,0
11098,3635,1,1,22303,15
11099,3636,109,1,7325,10
11100,3637,144,3,6276,0
11101,3637,94,2,24419,5
11102,3637,31,2,18801,0
11103,3637,108,2,83584,10
11104,3637,23,1,12370,0
11105,3638,119,3,5947,0
11106,3639,36,2,6799,0
11107,3639,118,3,2198,20
11108,3639,28,1,5795,0
11109,3639,5,3,12605,5
11110,3640,88,3,2914,10
11111,3640,39,3,11179,0
11112,3640,25,2,21576,10
11113,3641,123,3,5135,0
11114,3641,74,1,5168,0
11115,3641,94,3,24419,0
11116,3641,51,3,17314,5
11117,3641,18,2,69910,0
11118,3642,63,3,32668,0
11119,3642,101,2,104734,0
11120,3642,11,1,12063,20
11121,3642,17,3,22827,5
11122,3643,58,1,5881,0
11123,3643,69,3,1763,0
11124,3643,49,3,5982,5
11125,3643,5,3,12605,20
11126,3643,4,2,9654,0
11127,3644,43,1,69132,20
11128,3645,110,2,1902,20
11129,3645,13,2,6575,10
11130,3645,24,3,22479,5
11131,3645,6,3,2386,15
11132,3645,101,1,104734,15
11133,3646,36,3,6799,15
11134,3646,58,2,5881,15
11135,3646,88,2,2914,15
11136,3646,68,2,21251,0
11137,3646,12,3,8038,0
11138,3647,101,3,104734,0
11139,3647,105,2,5388,0
11140,3647,6,3,2386,10
11141,3648,49,1,5982,0
11142,3648,60,3,87675,0
11143,3649,78,3,25106,10
11144,3650,17,1,22827,0
11145,3650,139,2,36748,0
11146,3650,60,1,87675,10
11147,3651,24,1,22479,20
11148,3651,138,2,5435,10
11149,3651,56,3,39996,0
11150,3652,7,1,1137,10
11151,3652,125,1,106692,0
11152,3652,82,1,20813,10
11153,3653,117,2,16602,0
11154,3653,122,3,5675,0
11155,3653,89,2,32102,20
11156,3653,1,3,22303,15
11157,3653,9,2,10988,15
11158,3654,105,2,5388,0
11159,3654,19,2,8855,5
11160,3655,41,2,62050,5
11161,3655,84,3,13163,0
11162,3656,65,3,4314,0
11163,3656,112,1,8812,5
11164,3656,81,3,1827,0
11165,3657,17,1,22827,0
11166,3657,105,2,5388,0
11167,3658,82,2,20813,5
11168,3658,7,3,1137,10
11169,3658,17,1,22827,20
11170,3658,42,3,12253,0
11171,3659,129,1,22197,0
11172,3659,130,1,3932,0
11173,3659,103,2,5734,20
11174,3659,88,1,2914,0
11175,3659,70,2,23703,0
11176,3660,44,1,35472,10
11177,3660,115,1,3558,15
11178,3660,95,2,5785,5
11179,3660,118,2,2198,5
11180,3660,91,1,4612,5
11181,3661,82,3,20813,0
11182,3661,138,3,5435,5
11183,3662,46,3,24848,0
11184,3662,49,2,5982,0
11185,3662,14,2,34891,0
11186,3663,3,3,4862,15
11187,3663,19,3,8855,5
11188,3664,73,1,4391,10
11189,3665,18,2,69910,15
11190,3665,94,3,24419,20
11191,3665,140,2,13494,0
11192,3665,63,1,32668,0
11193,3666,83,2,4219,0
11194,3666,73,1,4391,10
11195,3666,48,2,4231,20
11196,3667,104,1,1014,20
11197,3667,13,2,6575,15
11198,3667,146,1,2879,5
11199,3667,123,1,5135,0
11200,3667,108,2,83584,20
11201,3668,52,2,10374,5
11202,3668,130,1,3932,20
11203,3668,145,2,2749,0
11204,3668,23,1,12370,15
11205,3669,143,1,3379,0
11206,3669,134,2,3277,0
11207,3670,112,2,8812,15
11208,3670,32,3,34048,15
11209,3670,116,2,49805,10
11210,3670,46,3,24848,10
11211,3671,47,1,26189,0
11212,3671,21,2,22149,10
11213,3671,136,3,18015,15
11214,3671,38,1,61947,0
11215,3672,124,1,802,5
11216,3673,39,3,11179,0
11217,3673,89,1,32102,0
11218,3673,124,1,802,10
11219,3673,145,3,2749,0
11220,3673,99,1,10798,20
11221,3674,68,2,21251,0
11222,3674,91,2,4612,5
11223,3675,49,3,5982,0
11224,3675,18,3,69910,0
11225,3676,119,2,5947,5
11226,3677,106,2,8943,0
11227,3678,93,1,44770,20
11228,3678,86,1,5085,0
11229,3679,9,1,10988,0
11230,3680,19,1,8855,0
11231,3680,78,1,25106,15
11232,3680,95,2,5785,0
11233,3680,122,2,5675,5
11234,3680,128,3,8256,15
11235,3681,72,1,56852,0
11236,3682,138,3,5435,5
11237,3682,139,1,36748,5
11238,3682,62,3,12613,20
11239,3682,119,2,5947,15
11240,3683,52,1,10374,10
11241,3683,36,1,6799,15
11242,3683,111,1,5235,5
11243,3683,122,3,5675,20
11244,3684,38,2,61947,0
11245,3684,21,1,22149,15
11246,3684,24,3,22479,0
11247,3684,47,1,26189,5
11248,3684,72,3,56852,15
11249,3685,37,1,13473,0
11250,3685,32,3,34048,0
11251,3685,26,3,19472,10
11252,3685,38,3,61947,10
11253,3686,1,2,22303,5
11254,3686,99,2,10798,0
11255,3686,93,2,44770,10
11256,3687,83,3,4219,20
11257,3688,115,1,3558,20
11258,3688,141,3,20886,20
11259,3688,5,1,12605,0
11260,3689,134,1,3277,0
11261,3689,71,3,6424,0
11262,3689,53,1,6141,0
11263,3690,129,3,22197,15
11264,3691,64,2,11154,0
11265,3692,35,3,3958,0
11266,3692,5,2,12605,0
11267,3692,99,3,10798,0
11268,3692,81,1,1827,5
11269,3692,146,3,2879,0
11270,3693,5,3,12605,0
11271,3693,104,2,1014,15
11272,3693,78,1,25106,15
11273,3693,56,2,39996,10
11274,3694,9,2,10988,0
11275,3694,31,3,18801,20
11276,3694,100,1,10475,0
11277,3694,53,1,6141,0
11278,3695,147,1,7155,0
11279,3695,146,2,2879,0
11280,3695,5,3,12605,15
11281,3695,80,2,25826,0
11282,3695,134,2,3277,0
11283,3696,9,3,10988,20
11284,3696,89,2,32102,0
11285,3696,123,1,5135,15
11286,3697,64,3,11154,15
11287,3698,7,3,1137,20
11288,3698,96,2,31762,15
11289,3698,42,3,12253,20
11290,3698,20,2,12448,10
11291,3699,39,3,11179,15
11292,3699,4,3,9654,10
11293,3699,9,3,10988,0
11294,3700,54,1,23925,0
11295,3700,147,2,7155,5
11296,3700,13,1,6575,20
11297,3700,52,1,10374,0
11298,3700,130,1,3932,0
11299,3701,55,2,11943,10
11300,3701,17,2,22827,10
11301,3701,124,1,802,20
11302,3702,74,1,5168,0
11303,3703,21,1,22149,0
11304,3703,134,3,3277,20
11305,3703,9,2,10988,0
11306,3703,1,3,22303,15
11307,3704,68,1,21251,0
11308,3704,137,3,98300,10
11309,3705,104,1,1014,0
11310,3705,40,2,8292,0
11311,3705,86,1,5085,15
11312,3705,96,3,31762,20
11313,3705,118,3,2198,20
11314,3706,51,3,17314,0
11315,3706,36,1,6799,5
11316,3706,34,2,19613,0
11317,3706,89,1,32102,0
11318,3706,40,2,8292,10
11319,3707,91,1,4612,0
11320,3707,37,2,13473,20
11321,3707,111,2,5235,15
11322,3707,21,3,22149,0
11323,3708,18,1,69910,15
11324,3709,124,3,802,5
11325,3709,103,3,5734,5
11326,3709,90,1,2547,0
11327,3709,99,1,10798,10
11328,3710,82,2,20813,0
11329,3710,76,1,21281,20
11330,3711,16,2,11167,15
11331,3711,84,3,13163,0
11332,3711,54,1,23925,10
11333,3711,139,3,36748,0
11334,3711,4,1,9654,10
11335,3712,122,1,5675,0
11336,3712,133,3,7704,10
11337,3712,48,2,4231,0
11338,3713,22,3,7737,10
11339,3713,93,3,44770,20
11340,3713,125,3,106692,0
11341,3714,99,2,10798,0
11342,3714,45,3,4793,0
11343,3714,116,1,49805,0
11344,3715,142,3,7481,10
11345,3715,130,1,3932,15
11346,3715,46,1,24848,0
11347,3716,84,1,13163,0
11348,3716,29,2,5679,15
11349,3716,66,2,14182,20
11350,3716,71,2,6424,10
11351,3717,100,1,10475,0
11352,3717,62,1,12613,0
11353,3718,56,1,39996,0
11354,3719,67,3,1118,15
11355,3719,127,3,7024,0
11356,3719,130,2,3932,0
11357,3720,35,2,3958,0
11358,3721,140,3,13494,10
11359,3721,123,2,5135,15
11360,3721,50,2,76133,0
11361,3721,93,1,44770,0
11362,3721,109,2,7325,0
11363,3722,103,1,5734,0
11364,3722,123,3,5135,5
11365,3722,45,3,4793,0
11366,3722,122,1,5675,5
11367,3722,109,1,7325,0
11368,3723,35,1,3958,0
11369,3723,13,1,6575,20
11370,3724,39,3,11179,15
11371,3724,35,1,3958,0
11372,3724,99,3,10798,15
11373,3725,57,2,43577,0
11374,3725,30,2,64462,5
11375,3726,12,3,8038,10
11376,3726,132,3,29436,10
11377,3726,31,2,18801,0
11378,3726,30,1,64462,0
11379,3727,17,2,22827,0
11380,3727,53,2,6141,15
11381,3728,36,1,6799,15
11382,3728,56,2,39996,0
11383,3728,109,3,7325,10
11384,3729,75,2,15710,15
11385,3730,95,3,5785,15
11386,3731,82,1,20813,0
11387,3731,75,3,15710,5
11388,3731,14,2,34891,20
11389,3732,55,1,11943,0
11390,3732,109,2,7325,10
11391,3732,105,2,5388,20
11392,3732,117,3,16602,5
11393,3733,142,1,7481,15
11394,3734,77,3,16368,0
11395,3734,112,2,8812,15
11396,3734,120,1,22987,5
11397,3734,140,1,13494,15
11398,3735,141,2,20886,20
11399,3735,28,2,5795,0
11400,3735,85,1,96244,20
11401,3735,112,2,8812,0
11402,3735,134,3,3277,20
11403,3736,125,3,106692,20
11404,3737,90,1,2547,0
11405,3737,56,2,39996,0
11406,3737,7,1,1137,20
11407,3738,47,2,26189,5
11408,3738,29,3,5679,0
11409,3738,49,2,5982,0
11410,3738,149,2,21714,0
11411,3738,95,2,5785,20
11412,3739,77,2,16368,0
11413,3739,144,3,6276,5
11414,3739,94,2,24419,0
11415,3739,118,3,2198,0
11416,3740,50,1,76133,0
11417,3741,12,2,8038,0
11418,3741,125,3,106692,0
11419,3741,44,3,35472,0
11420,3741,101,3,104734,0
11421,3742,120,2,22987,0
11422,3742,46,1,24848,10
11423,3743,52,2,10374,15
11424,3743,48,2,4231,0
11425,3743,17,2,22827,10
11426,3743,100,2,10475,15
11427,3743,1,1,22303,15
11428,3744,35,2,3958,10
11429,3744,58,2,5881,0
11430,3744,107,1,2852,15
11431,3745,101,1,104734,20
11432,3745,133,2,7704,0
11433,3745,109,1,7325,0
11434,3745,9,1,10988,20
11435,3745,80,2,25826,0
11436,3746,48,2,4231,0
11437,3746,110,1,1902,0
11438,3746,8,2,7533,15
11439,3746,90,1,2547,0
11440,3746,141,1,20886,0
11441,3747,13,2,6575,5
11442,3748,89,2,32102,0
11443,3748,137,3,98300,15
11444,3748,52,2,10374,0
11445,3748,108,1,83584,5
11446,3748,132,2,29436,15
11447,3749,140,1,13494,0
11448,3749,16,3,11167,0
11449,3749,32,1,34048,15
11450,3749,28,3,5795,0
11451,3749,18,1,69910,10
11452,3750,127,2,7024,0
11453,3750,134,2,3277,0
11454,3751,71,3,6424,15
11455,3751,75,3,15710,5
11456,3752,115,2,3558,15
11457,3752,28,3,5795,0
11458,3753,53,1,6141,0
11459,3753,128,1,8256,0
11460,3754,103,3,5734,20
11461,3754,20,2,12448,15
11462,3754,14,3,34891,15
11463,3754,41,2,62050,0
11464,3755,133,1,7704,0
11465,3755,127,3,7024,15
11466,3756,55,2,11943,5
11467,3757,72,2,56852,10
11468,3757,87,2,6253,20
11469,3757,107,1,2852,0
11470,3757,3,3,4862,10
11471,3758,48,3,4231,5
11472,3758,50,2,76133,10
11473,3759,31,3,18801,15
11474,3759,49,1,5982,15
11475,3759,92,2,1168,0
11476,3760,36,2,6799,0
11477,3760,39,3,11179,0
11478,3761,133,2,7704,0
11479,3762,141,2,20886,10
11480,3762,64,3,11154,0
11481,3762,119,1,5947,15
11482,3762,118,2,2198,0
11483,3762,4,3,9654,0
11484,3763,94,3,24419,10
11485,3764,7,2,1137,0
11486,3764,146,1,2879,0
11487,3764,6,1,2386,0
11488,3764,131,1,18705,20
11489,3764,99,1,10798,5
11490,3765,75,2,15710,20
11491,3766,123,2,5135,0
11492,3766,24,3,22479,0
11493,3767,62,3,12613,0
11494,3767,47,3,26189,0
11495,3767,39,2,11179,0
11496,3767,110,2,1902,20
11497,3767,136,2,18015,15
11498,3768,138,3,5435,5
11499,3768,57,1,43577,20
11500,3768,39,3,11179,0
11501,3768,83,3,4219,20
11502,3768,8,2,7533,10
11503,3769,7,2,1137,0
11504,3769,137,3,98300,0
11505,3769,8,1,7533,5
11506,3769,144,3,6276,0
11507,3769,17,2,22827,0
11508,3770,96,2,31762,0
11509,3770,70,1,23703,15
11510,3770,37,3,13473,15
11511,3770,105,3,5388,5
11512,3771,64,1,11154,20
11513,3771,40,1,8292,5
11514,3771,85,3,96244,20
11515,3772,68,3,21251,15
11516,3772,96,2,31762,0
11517,3772,26,3,19472,20
11518,3772,23,1,12370,5
11519,3773,29,3,5679,5
11520,3773,60,2,87675,20
11521,3773,54,3,23925,0
11522,3774,109,3,7325,0
11523,3774,107,3,2852,0
11524,3774,82,1,20813,0
11525,3774,130,3,3932,0
11526,3774,18,2,69910,0
11527,3775,108,1,83584,20
11528,3775,88,2,2914,0
11529,3775,97,2,31743,10
11530,3776,115,3,3558,5
11531,3776,96,2,31762,10
11532,3776,94,2,24419,5
11533,3776,21,1,22149,15
11534,3777,92,3,1168,0
11535,3777,28,3,5795,0
11536,3777,78,1,25106,15
11537,3777,64,2,11154,0
11538,3777,123,2,5135,10
11539,3778,127,1,7024,0
11540,3778,128,1,8256,20
11541,3778,73,1,4391,15
11542,3778,40,2,8292,0
11543,3779,8,1,7533,0
11544,3780,48,3,4231,0
11545,3781,55,1,11943,0
11546,3781,64,2,11154,0
11547,3781,46,3,24848,0
11548,3781,129,1,22197,0
11549,3781,27,2,5124,15
11550,3782,120,1,22987,10
11551,3783,122,2,5675,20
11552,3783,23,1,12370,0
11553,3783,95,3,5785,15
11554,3784,147,2,7155,10
11555,3784,39,1,11179,10
11556,3784,40,3,8292,10
11557,3784,9,3,10988,0
11558,3785,81,3,1827,15
11559,3785,92,1,1168,20
11560,3785,125,3,106692,15
11561,3785,32,3,34048,10
11562,3785,112,1,8812,5
11563,3786,86,2,5085,0
11564,3786,67,1,1118,0
11565,3786,115,3,3558,5
11566,3787,104,1,1014,5
11567,3787,22,1,7737,0
11568,3787,118,2,2198,0
11569,3788,103,1,5734,0
11570,3788,128,2,8256,15
11571,3789,47,1,26189,5
11572,3790,123,1,5135,20
11573,3790,38,1,61947,0
11574,3790,117,1,16602,10
11575,3790,122,2,5675,0
11576,3791,121,3,31449,15
11577,3791,149,3,21714,5
11578,3791,123,3,5135,0
11579,3791,84,2,13163,0
11580,3792,92,2,1168,0
11581,3792,67,2,1118,20
11582,3792,32,1,34048,0
11583,3793,146,1,2879,0
11584,3793,73,3,4391,20
11585,3794,92,3,1168,15
11586,3794,120,1,22987,10
11587,3794,115,2,3558,0
11588,3795,106,3,8943,15
11589,3795,53,1,6141,0
11590,3795,110,3,1902,0
11591,3796,56,1,39996,10
11592,3797,145,3,2749,5
11593,3797,97,2,31743,5
11594,3797,29,1,5679,10
11595,3798,73,3,4391,5
11596,3798,62,1,12613,5
11597,3798,132,2,29436,0
11598,3799,99,2,10798,0
11599,3799,57,3,43577,0
11600,3799,91,2,4612,20
11601,3799,89,1,32102,5
11602,3800,145,1,2749,10
11603,3800,111,3,5235,15
11604,3800,64,2,11154,15
11605,3801,55,2,11943,10
11606,3801,80,3,25826,0
11607,3801,59,2,11729,0
11608,3801,23,1,12370,0
11609,3802,126,1,44365,10
11610,3802,105,2,5388,5
11611,3802,40,2,8292,0
11612,3802,83,2,4219,0
11613,3803,6,2,2386,5
11614,3803,54,2,23925,20
11615,3803,99,1,10798,0
11616,3803,68,2,21251,20
11617,3804,1,3,22303,0
11618,3805,6,1,2386,0
11619,3805,132,2,29436,0
11620,3805,46,2,24848,15
11621,3806,139,1,36748,10
11622,3807,56,3,39996,0
11623,3808,25,2,21576,5
11624,3809,16,1,11167,5
11625,3809,92,3,1168,0
11626,3809,99,3,10798,10
11627,3809,86,1,5085,0
11628,3809,35,3,3958,5
11629,3810,147,1,7155,0
11630,3810,76,1,21281,20
11631,3810,37,1,13473,20
11632,3810,103,3,5734,10
11633,3811,12,1,8038,15
11634,3812,56,1,39996,0
11635,3813,12,3,8038,15
11636,3813,54,3,23925,0
11637,3813,97,2,31743,0
11638,3814,63,1,32668,10
11639,3814,12,3,8038,20
11640,3814,124,1,802,20
11641,3815,5,1,12605,0
11642,3815,119,3,5947,5
11643,3815,51,2,17314,15
11644,3815,45,3,4793,10
11645,3816,42,1,12253,10
11646,3817,95,3,5785,0
11647,3817,123,1,5135,20
11648,3818,51,3,17314,5
11649,3818,93,1,44770,10
11650,3818,78,3,25106,15
11651,3818,123,2,5135,0
11652,3818,50,2,76133,20
11653,3819,16,1,11167,5
11654,3819,60,3,87675,0
11655,3820,51,3,17314,15
11656,3821,91,3,4612,15
11657,3821,64,1,11154,0
11658,3822,121,2,31449,20
11659,3822,104,1,1014,20
11660,3823,105,3,5388,10
11661,3823,106,3,8943,0
11662,3823,141,1,20886,10
11663,3824,7,1,1137,15
11664,3824,20,1,12448,15
11665,3825,133,2,7704,0
11666,3825,39,1,11179,0
11667,3825,2,1,4027,20
11668,3826,46,3,24848,15
11669,3826,28,2,5795,5
11670,3827,143,1,3379,0
11671,3827,65,1,4314,0
11672,3827,21,3,22149,0
11673,3828,19,3,8855,0
11674,3828,16,2,11167,0
11675,3828,41,2,62050,0
11676,3828,124,1,802,5
11677,3828,47,1,26189,5
11678,3829,56,1,39996,0
11679,3829,6,2,2386,0
11680,3830,133,2,7704,0
11681,3830,77,1,16368,20
11682,3831,99,2,10798,5
11683,3831,107,1,2852,0
11684,3832,81,2,1827,0
11685,3833,53,2,6141,0
11686,3833,123,3,5135,0
11687,3833,47,3,26189,5
11688,3833,93,2,44770,5
11689,3834,132,3,29436,5
11690,3834,2,2,4027,20
11691,3834,86,1,5085,5
11692,3834,32,2,34048,10
11693,3835,100,3,10475,15
11694,3836,124,2,802,5
11695,3836,1,3,22303,5
11696,3836,83,3,4219,0
11697,3836,45,1,4793,20
11698,3836,116,3,49805,10
11699,3837,59,1,11729,15
11700,3837,137,2,98300,0
11701,3837,49,2,5982,0
11702,3837,100,2,10475,0
11703,3838,43,1,69132,20
11704,3838,49,1,5982,10
11705,3838,89,1,32102,0
11706,3838,47,3,26189,20
11707,3838,30,3,64462,15
11708,3839,101,2,104734,10
11709,3839,66,2,14182,0
11710,3839,86,3,5085,20
11711,3839,26,2,19472,15
11712,3840,88,2,2914,0
11713,3840,74,3,5168,20
11714,3840,99,1,10798,0
11715,3840,65,3,4314,20
11716,3840,147,3,7155,0
11717,3841,92,1,1168,10
11718,3841,60,3,87675,5
11719,3841,93,3,44770,15
11720,3841,90,2,2547,0
11721,3841,39,1,11179,0
11722,3842,125,1,106692,0
11723,3842,67,2,1118,10
11724,3842,18,2,69910,0
11725,3843,1,3,22303,20
11726,3843,76,2,21281,15
11727,3843,86,1,5085,10
11728,3844,96,3,31762,5
11729,3845,95,1,5785,0
11730,3845,73,3,4391,0
11731,3845,46,1,24848,0
11732,3846,86,3,5085,5
11733,3846,73,1,4391,0
11734,3846,11,2,12063,0
11735,3846,127,3,7024,0
11736,3847,55,2,11943,0
11737,3848,8,3,7533,0
11738,3848,108,1,83584,0
11739,3848,25,2,21576,20
11740,3848,116,1,49805,0
11741,3849,84,2,13163,5
11742,3849,96,3,31762,0
11743,3849,97,3,31743,5
11744,3849,145,3,2749,10
11745,3849,43,1,69132,0
11746,3850,8,3,7533,15
11747,3850,119,1,5947,5
11748,3850,6,2,2386,0
11749,3851,38,1,61947,10
11750,3852,89,2,32102,0
11751,3853,54,3,23925,20
11752,3853,55,3,11943,15
11753,3853,130,3,3932,0
11754,3853,95,3,5785,15
11755,3854,135,3,4575,20
11756,3854,1,3,22303,15
11757,3854,30,3,64462,15
11758,3854,140,1,13494,0
11759,3854,24,3,22479,0
11760,3855,56,1,39996,0
11761,3855,54,1,23925,0
11762,3856,27,2,5124,20
11763,3856,40,3,8292,5
11764,3856,133,1,7704,0
11765,3856,136,3,18015,10
11766,3857,52,3,10374,0
11767,3858,82,2,20813,10
11768,3859,133,3,7704,20
11769,3860,129,2,22197,0
11770,3860,30,3,64462,20
11771,3860,9,2,10988,10
11772,3861,45,1,4793,5
11773,3861,37,1,13473,15
11774,3861,74,1,5168,10
11775,3862,56,1,39996,0
11776,3862,69,2,1763,15
11777,3862,9,3,10988,5
11778,3863,60,2,87675,10
11779,3863,66,1,14182,0
11780,3864,89,1,32102,10
11781,3865,22,2,7737,5
11782,3865,25,1,21576,15
11783,3866,72,2,56852,20
11784,3866,3,3,4862,5
11785,3867,105,3,5388,0
11786,3867,42,1,12253,20
11787,3868,73,3,4391,5
11788,3868,69,3,1763,15
11789,3869,142,2,7481,10
11790,3870,75,2,15710,20
11791,3870,120,1,22987,15
11792,3870,39,1,11179,0
11793,3870,94,2,24419,0
11794,3870,79,2,7718,0
11795,3871,69,1,1763,20
11796,3871,1,2,22303,0
11797,3871,71,2,6424,0
11798,3871,104,2,1014,15
11799,3871,87,2,6253,5
11800,3872,43,3,69132,10
11801,3872,85,3,96244,10
11802,3872,37,3,13473,20
11803,3873,62,2,12613,10
11804,3873,7,2,1137,0
11805,3873,68,1,21251,0
11806,3873,64,3,11154,0
11807,3873,23,1,12370,20
11808,3874,132,1,29436,15
11809,3874,131,2,18705,15
11810,3875,31,1,18801,15
11811,3875,45,1,4793,20
11812,3875,85,3,96244,15
11813,3876,38,1,61947,0
11814,3876,49,2,5982,0
11815,3876,62,1,12613,10
11816,3876,124,2,802,0
11817,3877,44,3,35472,10
11818,3877,64,3,11154,15
11819,3878,43,3,69132,0
11820,3878,26,3,19472,0
11821,3878,1,3,22303,5
11822,3879,43,3,69132,10
11823,3879,24,2,22479,20
11824,3880,140,3,13494,10
11825,3880,25,2,21576,0
11826,3880,143,3,3379,0
11827,3880,34,2,19613,20
11828,3880,27,3,5124,10
11829,3881,51,2,17314,0
11830,3881,54,2,23925,0
11831,3881,85,1,96244,0
11832,3882,35,3,3958,15
11833,3882,4,1,9654,0
11834,3882,73,2,4391,0
11835,3882,14,2,34891,20
11836,3883,22,1,7737,0
11837,3883,125,1,106692,0
11838,3883,60,3,87675,0
11839,3883,30,1,64462,15
11840,3883,101,3,104734,15
11841,3884,8,1,7533,0
11842,3884,132,1,29436,0
11843,3885,14,1,34891,0
11844,3886,75,3,15710,10
11845,3886,78,2,25106,0
11846,3887,146,1,2879,0
11847,3887,56,3,39996,5
11848,3888,95,1,5785,0
11849,3888,16,2,11167,0
11850,3888,29,2,5679,0
11851,3888,144,1,6276,5
11852,3889,105,1,5388,0
11853,3890,104,3,1014,0
11854,3890,111,2,5235,20
11855,3891,148,2,23262,15
11856,3891,73,1,4391,15
11857,3892,105,1,5388,20
11858,3893,52,1,10374,20
11859,3893,110,2,1902,0
11860,3894,9,2,10988,0
11861,3894,55,1,11943,5
11862,3894,24,1,22479,0
11863,3894,15,1,4792,5
11864,3894,42,2,12253,15
11865,3895,43,2,69132,20
11866,3895,42,2,12253,0
11867,3895,87,3,6253,15
11868,3896,25,1,21576,5
11869,3896,80,2,25826,0
11870,3896,99,2,10798,15
11871,3896,94,2,24419,0
11872,3896,15,1,4792,5
11873,3897,45,3,4793,5
11874,3897,110,2,1902,0
11875,3898,89,2,32102,15
11876,3898,45,1,4793,15
11877,3898,39,1,11179,0
11878,3899,123,2,5135,0
11879,3899,144,1,6276,5
11880,3899,15,1,4792,10
11881,3900,132,1,29436,0
11882,3900,59,2,11729,5
11883,3900,19,2,8855,0
11884,3900,29,3,5679,10
11885,3900,117,2,16602,0
11886,3901,69,1,1763,0
11887,3901,2,1,4027,15
11888,3902,142,2,7481,20
11889,3903,99,2,10798,0
11890,3903,94,2,24419,15
11891,3903,136,3,18015,5
11892,3903,60,2,87675,20
11893,3903,117,3,16602,5
11894,3904,44,1,35472,5
11895,3904,16,3,11167,0
11896,3904,81,2,1827,0
11897,3905,87,2,6253,0
11898,3905,17,2,22827,0
11899,3905,123,1,5135,20
11900,3905,141,3,20886,0
11901,3905,118,2,2198,10
11902,3906,70,2,23703,5
11903,3906,100,2,10475,0
11904,3906,29,3,5679,15
11905,3906,59,3,11729,10
11906,3906,43,3,69132,10
11907,3907,6,1,2386,15
11908,3908,51,2,17314,5
11909,3908,85,1,96244,0
11910,3908,20,1,12448,20
11911,3908,132,1,29436,0
11912,3909,18,2,69910,0
11913,3910,43,1,69132,5
11914,3910,77,2,16368,0
11915,3910,20,3,12448,0
11916,3910,16,2,11167,10
11917,3911,25,2,21576,0
11918,3912,8,2,7533,5
11919,3912,125,2,106692,10
11920,3912,27,1,5124,10
11921,3912,143,2,3379,5
11922,3913,39,2,11179,5
11923,3913,122,1,5675,0
11924,3913,92,1,1168,0
11925,3913,46,2,24848,15
11926,3913,133,3,7704,15
11927,3914,16,1,11167,0
11928,3914,18,3,69910,15
11929,3914,139,3,36748,20
11930,3914,58,2,5881,5
11931,3915,90,2,2547,0
11932,3915,66,1,14182,0
11933,3915,124,1,802,0
11934,3915,12,1,8038,0
11935,3915,2,3,4027,0
11936,3916,85,1,96244,20
11937,3917,101,3,104734,0
11938,3918,119,1,5947,20
11939,3918,140,1,13494,0
11940,3918,130,3,3932,0
11941,3918,18,1,69910,0
11942,3919,96,3,31762,5
11943,3919,30,2,64462,20
11944,3920,34,1,19613,0
11945,3920,118,2,2198,0
11946,3920,122,1,5675,20
11947,3920,40,2,8292,0
11948,3921,43,3,69132,20
11949,3921,23,1,12370,0
11950,3921,140,2,13494,15
11951,3922,88,2,2914,15
11952,3922,1,1,22303,5
11953,3922,46,1,24848,0
11954,3922,79,2,7718,0
11955,3922,39,1,11179,0
11956,3923,52,1,10374,0
11957,3924,4,1,9654,20
11958,3924,64,3,11154,5
11959,3925,140,3,13494,15
11960,3925,45,2,4793,10
11961,3925,48,1,4231,5
11962,3926,62,2,12613,20
11963,3926,9,2,10988,20
11964,3926,104,2,1014,0
11965,3926,112,3,8812,5
11966,3927,19,3,8855,5
11967,3927,12,1,8038,5
11968,3927,69,2,1763,20
11969,3928,71,2,6424,15
11970,3928,81,1,1827,0
11971,3928,110,3,1902,20
11972,3928,92,3,1168,5
11973,3928,127,1,7024,0
11974,3929,141,1,20886,0
11975,3929,126,1,44365,20
11976,3930,78,3,25106,0
11977,3930,35,2,3958,15
11978,3930,135,2,4575,15
11979,3930,82,1,20813,0
11980,3930,117,3,16602,0
11981,3931,112,1,8812,10
11982,3931,87,3,6253,0
11983,3931,79,1,7718,0
11984,3931,95,1,5785,0
11985,3932,44,2,35472,15
11986,3932,36,2,6799,0
11987,3932,142,3,7481,15
11988,3932,112,1,8812,15
11989,3932,97,1,31743,20
11990,3933,63,3,32668,5
11991,3933,127,1,7024,20
11992,3934,83,1,4219,0
11993,3935,42,1,12253,10
11994,3935,57,2,43577,0
11995,3935,19,3,8855,0
11996,3935,94,1,24419,0
11997,3936,18,2,69910,0
11998,3937,38,3,61947,10
11999,3937,32,3,34048,20
12000,3937,99,1,10798,0
12001,3937,18,1,69910,15
12002,3937,11,3,12063,20
12003,3938,132,3,29436,5
12004,3938,60,2,87675,5
12005,3938,38,3,61947,0
12006,3938,4,1,9654,5
12007,3939,47,2,26189,5
12008,3939,103,3,5734,0
12009,3939,53,3,6141,15
12010,3939,45,1,4793,0
12011,3939,106,2,8943,0
12012,3940,136,2,18015,20
12013,3940,129,1,22197,5
12014,3940,22,3,7737,0
12015,3940,74,1,5168,10
12016,3940,29,1,5679,0
12017,3941,137,3,98300,10
12018,3941,54,3,23925,0
12019,3942,84,2,13163,15
12020,3942,83,2,4219,0
12021,3942,15,1,4792,10
12022,3942,95,3,5785,0
12023,3942,144,2,6276,0
12024,3943,89,1,32102,0
12025,3943,125,2,106692,0
12026,3943,147,2,7155,15
12027,3944,6,1,2386,0
12028,3945,86,3,5085,0
12029,3945,75,2,15710,15
12030,3945,100,3,10475,10
12031,3945,56,2,39996,5
12032,3945,9,1,10988,15
12033,3946,90,3,2547,0
12034,3946,65,3,4314,0
12035,3946,3,1,4862,10
12036,3946,9,2,10988,20
12037,3946,35,3,3958,0
12038,3947,29,2,5679,0
12039,3947,47,2,26189,0
12040,3948,31,1,18801,5
12041,3949,53,1,6141,0
12042,3949,111,1,5235,0
12043,3949,39,2,11179,10
12044,3949,79,2,7718,0
12045,3949,48,1,4231,10
12046,3950,86,2,5085,15
12047,3950,58,3,5881,10
12048,3951,47,1,26189,10
12049,3951,88,2,2914,20
12050,3951,118,2,2198,0
12051,3951,43,3,69132,20
12052,3951,131,1,18705,20
12053,3952,39,3,11179,0
12054,3952,148,1,23262,15
12055,3952,115,3,3558,5
12056,3952,144,2,6276,0
12057,3952,129,1,22197,0
12058,3953,120,3,22987,10
12059,3953,94,1,24419,15
12060,3953,11,3,12063,0
12061,3953,104,3,1014,10
12062,3953,101,2,104734,20
12063,3954,115,2,3558,20
12064,3955,103,2,5734,0
12065,3955,146,1,2879,5
12066,3955,85,3,96244,20
12067,3956,66,2,14182,0
12068,3957,46,2,24848,20
12069,3957,40,2,8292,5
12070,3957,24,1,22479,0
12071,3958,120,2,22987,0
12072,3958,22,1,7737,0
12073,3958,78,1,25106,5
12074,3958,138,3,5435,0
12075,3958,86,2,5085,20
12076,3959,115,3,3558,0
12077,3959,92,1,1168,5
12078,3959,27,1,5124,0
12079,3960,53,3,6141,0
12080,3960,12,2,8038,15
12081,3960,89,3,32102,20
12082,3960,124,2,802,5
12083,3961,124,3,802,5
12084,3962,5,3,12605,0
12085,3962,139,2,36748,0
12086,3962,96,1,31762,5
12087,3963,69,3,1763,15
12088,3963,135,2,4575,0
12089,3963,73,1,4391,15
12090,3963,29,2,5679,0
12091,3964,85,1,96244,0
12092,3964,105,1,5388,0
12093,3965,29,3,5679,0
12094,3965,105,3,5388,0
12095,3965,58,3,5881,15
12096,3965,143,3,3379,15
12097,3966,59,1,11729,5
12098,3966,29,2,5679,0
12099,3966,144,1,6276,20
12100,3966,130,3,3932,0
12101,3966,35,2,3958,15
12102,3967,9,3,10988,0
12103,3967,141,1,20886,5
12104,3967,118,1,2198,0
12105,3967,120,3,22987,20
12106,3967,85,1,96244,0
12107,3968,109,2,7325,0
12108,3969,23,2,12370,10
12109,3969,125,1,106692,0
12110,3970,49,2,5982,5
12111,3970,92,3,1168,0
12112,3970,91,1,4612,0
12113,3970,67,3,1118,0
12114,3971,30,3,64462,0
12115,3971,104,2,1014,0
12116,3971,57,2,43577,0
12117,3972,144,3,6276,0
12118,3972,25,2,21576,0
12119,3973,108,2,83584,10
12120,3973,4,2,9654,20
12121,3973,129,3,22197,10
12122,3974,81,1,1827,0
12123,3974,68,3,21251,20
12124,3974,145,2,2749,0
12125,3975,138,2,5435,0
12126,3975,147,1,7155,20
12127,3975,133,2,7704,0
12128,3976,100,2,10475,15
12129,3976,15,2,4792,10
12130,3976,147,3,7155,5
12131,3976,112,3,8812,15
12132,3977,133,1,7704,0
12133,3977,22,2,7737,15
12134,3977,62,1,12613,15
12135,3977,82,3,20813,20
12136,3978,99,2,10798,20
12137,3978,125,2,106692,0
12138,3978,37,2,13473,20
12139,3978,122,1,5675,15
12140,3979,63,2,32668,0
12141,3979,57,2,43577,20
12142,3979,101,1,104734,0
12143,3979,120,3,22987,15
12144,3979,132,3,29436,0
12145,3980,141,1,20886,15
12146,3981,66,3,14182,15
12147,3981,89,1,32102,5
12148,3981,138,1,5435,15
12149,3981,49,3,5982,0
12150,3981,130,1,3932,0
12151,3982,119,3,5947,0
12152,3982,96,2,31762,10
12153,3982,26,3,19472,5
12154,3983,133,1,7704,0
12155,3983,95,3,5785,0
12156,3983,127,2,7024,10
12157,3983,130,2,3932,5
12158,3983,23,1,12370,15
12159,3984,94,1,24419,20
12160,3984,26,2,19472,15
12161,3984,6,3,2386,5
12162,3984,145,2,2749,10
12163,3984,55,2,11943,10
12164,3985,50,2,76133,0
12165,3985,104,3,1014,0
12166,3986,73,1,4391,0
12167,3987,90,3,2547,0
12168,3987,48,3,4231,0
12169,3988,8,3,7533,0
12170,3989,85,2,96244,10
12171,3989,55,2,11943,5
12172,3989,141,1,20886,0
12173,3990,53,2,6141,0
12174,3991,32,3,34048,0
12175,3991,92,3,1168,10
12176,3992,48,1,4231,0
12177,3993,8,1,7533,0
12178,3994,49,3,5982,0
12179,3994,66,1,14182,0
12180,3994,133,1,7704,0
12181,3995,131,2,18705,10
12182,3995,106,3,8943,20
12183,3995,44,3,35472,15
12184,3995,21,2,22149,15
12185,3995,130,1,3932,15
12186,3996,134,3,3277,20
12187,3996,72,1,56852,0
12188,3997,133,3,7704,10
12189,3998,74,3,5168,5
12190,3999,107,2,2852,0
12191,3999,106,2,8943,0
12192,3999,46,2,24848,0
12193,3999,131,3,18705,10
12194,3999,25,3,21576,5
12195,4000,100,1,10475,0
12196,4000,122,3,5675,10
12197,4000,126,3,44365,0
12198,4000,26,3,19472,15
12199,4000,34,3,19613,20
12200,4001,3,3,4862,5
12201,4001,1,3,22303,20
12202,4001,35,2,3958,20
12203,4001,46,1,24848,15
12204,4002,53,1,6141,10
12205,4002,1,3,22303,5
12206,4002,3,3,4862,15
12207,4003,82,2,20813,10
12208,4003,24,3,22479,15
12209,4003,146,2,2879,10
12210,4004,2,3,4027,10
12211,4004,56,1,39996,0
12212,4005,7,2,1137,15
12213,4005,55,2,11943,10
12214,4005,128,2,8256,20
12215,4005,97,2,31743,0
12216,4006,2,2,4027,15
12217,4006,39,2,11179,0
12218,4007,41,2,62050,5
12219,4007,47,2,26189,0
12220,4008,65,3,4314,0
12221,4008,100,2,10475,0
12222,4008,1,3,22303,15
12223,4009,116,2,49805,5
12224,4009,48,2,4231,0
12225,4009,40,1,8292,10
12226,4009,68,1,21251,20
12227,4010,39,2,11179,0
12228,4011,125,3,106692,10
12229,4012,66,1,14182,15
12230,4012,60,1,87675,10
12231,4012,54,2,23925,20
12232,4012,137,2,98300,10
12233,4013,143,2,3379,0
12234,4013,41,3,62050,20
12235,4013,92,3,1168,5
12236,4013,139,3,36748,0
12237,4013,34,2,19613,0
12238,4014,64,1,11154,15
12239,4014,130,3,3932,0
12240,4014,147,1,7155,0
12241,4014,133,3,7704,10
12242,4015,8,1,7533,10
12243,4015,53,3,6141,15
12244,4015,56,2,39996,0
12245,4015,78,3,25106,5
12246,4016,50,2,76133,5
12247,4016,144,2,6276,5
12248,4016,24,3,22479,5
12249,4016,16,3,11167,20
12250,4017,131,2,18705,15
12251,4017,21,3,22149,5
12252,4017,144,2,6276,5
12253,4017,19,3,8855,20
12254,4017,13,3,6575,10
12255,4018,75,2,15710,0
12256,4018,12,2,8038,0
12257,4018,116,1,49805,15
12258,4018,43,1,69132,0
12259,4019,105,1,5388,10
12260,4019,93,3,44770,0
12261,4020,57,1,43577,10
12262,4021,71,2,6424,20
12263,4021,127,1,7024,10
12264,4022,86,3,5085,15
12265,4022,9,3,10988,0
12266,4022,3,1,4862,10
12267,4022,127,3,7024,15
12268,4022,38,3,61947,0
12269,4023,138,3,5435,20
12270,4023,117,2,16602,15
12271,4023,119,1,5947,0
12272,4023,44,1,35472,20
12273,4023,72,2,56852,10
12274,4024,92,2,1168,0
12275,4024,132,1,29436,20
12276,4025,106,3,8943,10
12277,4025,27,3,5124,15
12278,4025,17,2,22827,5
12279,4025,132,1,29436,0
12280,4025,135,1,4575,0
12281,4026,86,1,5085,0
12282,4027,97,3,31743,5
12283,4027,17,3,22827,5
12284,4027,129,3,22197,10
12285,4027,115,1,3558,20
12286,4028,95,2,5785,15
12287,4028,65,3,4314,15
12288,4028,149,1,21714,0
12289,4029,135,2,4575,20
12290,4030,143,3,3379,15
12291,4030,92,1,1168,20
12292,4030,59,1,11729,20
12293,4031,57,1,43577,0
12294,4031,49,2,5982,15
12295,4032,100,1,10475,0
12296,4032,23,1,12370,10
12297,4032,122,1,5675,0
12298,4032,108,2,83584,10
12299,4032,53,2,6141,10
12300,4033,18,1,69910,5
12301,4033,4,1,9654,15
12302,4033,118,1,2198,20
12303,4034,30,3,64462,5
12304,4034,18,3,69910,20
12305,4034,124,3,802,0
12306,4034,51,3,17314,0
12307,4034,7,1,1137,0
12308,4035,64,1,11154,0
12309,4035,2,1,4027,0
12310,4035,50,3,76133,0
12311,4035,149,1,21714,0
12312,4035,77,2,16368,20
12313,4036,41,3,62050,5
12314,4037,115,3,3558,0
12315,4037,87,2,6253,0
12316,4037,71,3,6424,20
12317,4037,149,1,21714,10
12318,4037,19,2,8855,0
12319,4038,100,2,10475,10
12320,4039,103,3,5734,0
12321,4039,42,2,12253,5
12322,4039,60,1,87675,10
12323,4039,8,3,7533,0
12324,4040,38,3,61947,20
12325,4041,101,2,104734,0
12326,4041,118,2,2198,10
12327,4041,16,1,11167,20
12328,4042,132,2,29436,10
12329,4042,145,3,2749,0
12330,4042,57,3,43577,0
12331,4043,12,3,8038,20
12332,4043,51,3,17314,15
12333,4043,87,2,6253,20
12334,4043,42,1,12253,10
12335,4043,23,1,12370,0
12336,4044,82,1,20813,0
12337,4045,14,1,34891,5
12338,4045,36,2,6799,0
12339,4045,119,3,5947,10
12340,4045,112,1,8812,20
12341,4045,37,1,13473,20
12342,4046,99,2,10798,10
12343,4046,44,1,35472,0
12344,4046,67,2,1118,5
12345,4047,71,2,6424,5
12346,4047,42,3,12253,5
12347,4047,97,2,31743,20
12348,4047,112,3,8812,0
12349,4048,93,1,44770,0
12350,4048,58,2,5881,20
12351,4048,147,2,7155,20
12352,4049,89,2,32102,5
12353,4049,124,3,802,15
12354,4049,146,2,2879,10
12355,4049,29,3,5679,0
12356,4049,14,2,34891,10
12357,4050,117,3,16602,15
12358,4050,110,3,1902,0
12359,4050,25,2,21576,0
12360,4051,39,3,11179,10
12361,4051,107,2,2852,0
12362,4051,106,2,8943,15
12363,4051,117,2,16602,0
12364,4052,96,3,31762,0
12365,4052,94,2,24419,0
12366,4052,13,1,6575,0
12367,4052,46,3,24848,0
12368,4053,83,2,4219,5
12369,4053,29,1,5679,10
12370,4053,142,3,7481,0
12371,4053,106,2,8943,0
12372,4053,26,3,19472,0
12373,4054,96,1,31762,15
12374,4055,31,1,18801,5
12375,4055,29,3,5679,0
12376,4055,121,2,31449,0
12377,4055,2,2,4027,0
12378,4056,62,2,12613,20
12379,4056,30,2,64462,0
12380,4057,147,1,7155,0
12381,4057,91,3,4612,15
12382,4057,141,2,20886,15
12383,4057,73,3,4391,15
12384,4057,53,2,6141,0
12385,4058,123,1,5135,10
12386,4059,92,2,1168,10
12387,4059,110,3,1902,20
12388,4059,91,1,4612,5
12389,4059,120,1,22987,10
12390,4060,24,3,22479,0
12391,4061,78,2,25106,0
12392,4061,28,3,5795,5
12393,4062,24,2,22479,10
12394,4062,123,1,5135,0
12395,4062,14,2,34891,0
12396,4062,103,1,5734,0
12397,4063,96,2,31762,10
12398,4064,21,1,22149,0
12399,4064,93,2,44770,5
12400,4064,129,3,22197,0
12401,4065,133,3,7704,0
12402,4066,131,2,18705,0
12403,4066,28,2,5795,10
12404,4066,80,2,25826,0
12405,4067,51,3,17314,0
12406,4067,146,2,2879,0
12407,4067,132,3,29436,5
12408,4067,57,2,43577,15
12409,4067,104,1,1014,20
12410,4068,19,1,8855,20
12411,4068,103,2,5734,15
12412,4068,146,1,2879,0
12413,4068,83,3,4219,0
12414,4068,143,3,3379,10
12415,4069,74,1,5168,0
12416,4069,68,3,21251,0
12417,4069,91,2,4612,15
12418,4069,1,1,22303,0
12419,4070,139,2,36748,0
12420,4071,65,1,4314,0
12421,4071,38,2,61947,0
12422,4071,124,2,802,10
12423,4071,49,2,5982,0
12424,4072,14,1,34891,0
12425,4072,70,1,23703,0
12426,4072,126,1,44365,0
12427,4073,56,2,39996,20
12428,4073,127,2,7024,0
12429,4073,51,1,17314,15
12430,4074,17,1,22827,5
12431,4074,103,2,5734,0
12432,4074,7,3,1137,0
12433,4074,125,1,106692,0
12434,4075,19,3,8855,10
12435,4076,43,3,69132,0
12436,4077,35,1,3958,10
12437,4077,146,2,2879,0
12438,4077,49,2,5982,20
12439,4077,45,2,4793,10
12440,4078,99,2,10798,0
12441,4078,45,3,4793,5
12442,4078,42,2,12253,20
12443,4079,125,2,106692,0
12444,4079,94,1,24419,10
12445,4079,107,3,2852,15
12446,4079,97,3,31743,15
12447,4080,110,1,1902,0
12448,4080,116,1,49805,15
12449,4080,92,1,1168,0
12450,4080,124,1,802,0
12451,4081,71,1,6424,0
12452,4081,48,2,4231,15
12453,4082,124,3,802,15
12454,4082,77,3,16368,0
12455,4082,137,3,98300,5
12456,4083,100,1,10475,0
12457,4083,77,3,16368,20
12458,4084,94,1,24419,5
12459,4085,144,1,6276,0
12460,4085,41,2,62050,20
12461,4085,69,2,1763,5
12462,4085,128,1,8256,0
12463,4086,6,1,2386,0
12464,4086,44,3,35472,0
12465,4087,112,3,8812,10
12466,4088,71,1,6424,0
12467,4089,31,2,18801,0
12468,4089,79,1,7718,5
12469,4090,106,2,8943,10
12470,4091,94,3,24419,0
12471,4092,47,1,26189,0
12472,4092,106,2,8943,20
12473,4093,105,1,5388,0
12474,4093,51,2,17314,5
12475,4094,27,1,5124,5
12476,4094,94,3,24419,15
12477,4094,79,2,7718,5
12478,4094,91,3,4612,20
12479,4094,90,1,2547,15
12480,4095,76,3,21281,10
12481,4095,6,3,2386,10
12482,4095,63,2,32668,10
12483,4095,4,3,9654,0
12484,4096,106,3,8943,10
12485,4096,58,2,5881,10
12486,4096,142,3,7481,5
12487,4096,29,2,5679,5
12488,4096,34,1,19613,0
12489,4097,78,2,25106,0
12490,4097,25,1,21576,5
12491,4098,89,1,32102,0
12492,4098,55,2,11943,0
12493,4099,136,3,18015,20
12494,4099,118,3,2198,0
12495,4099,144,1,6276,0
12496,4099,99,1,10798,5
12497,4100,82,3,20813,10
12498,4101,78,1,25106,0
12499,4101,54,2,23925,5
12500,4101,22,2,7737,0
12501,4102,112,3,8812,20
12502,4102,12,2,8038,10
12503,4102,147,2,7155,10
12504,4103,44,2,35472,10
12505,4103,51,2,17314,20
12506,4103,27,2,5124,0
12507,4104,38,3,61947,0
12508,4104,2,3,4027,0
12509,4104,139,1,36748,15
12510,4104,29,3,5679,20
12511,4105,78,1,25106,0
12512,4106,72,3,56852,0
12513,4106,130,3,3932,0
12514,4107,46,2,24848,5
12515,4107,111,1,5235,0
12516,4108,57,2,43577,0
12517,4108,107,2,2852,0
12518,4108,4,3,9654,0
12519,4109,64,3,11154,0
12520,4109,108,3,83584,0
12521,4109,143,2,3379,20
12522,4110,148,3,23262,10
12523,4111,70,1,23703,20
12524,4112,3,3,4862,15
12525,4112,127,1,7024,10
12526,4113,21,3,22149,0
12527,4113,128,1,8256,0
12528,4113,91,2,4612,0
12529,4114,129,1,22197,0
12530,4114,1,3,22303,0
12531,4114,144,2,6276,20
12532,4114,105,2,5388,0
12533,4115,24,3,22479,0
12534,4115,134,2,3277,0
12535,4115,38,1,61947,0
12536,4115,11,1,12063,0
12537,4116,73,1,4391,0
12538,4116,121,1,31449,0
12539,4116,68,2,21251,0
12540,4116,19,3,8855,5
12541,4117,111,1,5235,0
12542,4117,118,2,2198,0
12543,4118,32,2,34048,20
12544,4118,67,2,1118,15
12545,4118,21,2,22149,0
12546,4119,115,1,3558,15
12547,4119,53,2,6141,0
12548,4119,88,1,2914,0
12549,4120,83,3,4219,0
12550,4120,138,3,5435,0
12551,4121,94,3,24419,0
12552,4121,120,3,22987,0
12553,4121,124,2,802,0
12554,4121,84,1,13163,15
12555,4122,118,2,2198,0
12556,4123,12,2,8038,5
12557,4123,42,3,12253,0
12558,4123,82,1,20813,5
12559,4124,6,2,2386,0
12560,4124,51,1,17314,15
12561,4124,72,2,56852,0
12562,4124,31,2,18801,10
12563,4125,126,3,44365,0
12564,4125,42,1,12253,20
12565,4126,132,3,29436,5
12566,4126,115,2,3558,15
12567,4126,138,2,5435,5
12568,4126,131,2,18705,15
12569,4127,2,3,4027,0
12570,4127,24,1,22479,0
12571,4128,1,1,22303,10
12572,4128,46,3,24848,5
12573,4128,112,1,8812,0
12574,4128,131,3,18705,0
12575,4129,94,3,24419,0
12576,4129,116,1,49805,10
12577,4129,34,2,19613,10
12578,4129,112,2,8812,15
12579,4130,43,2,69132,10
12580,4130,136,2,18015,15
12581,4131,103,1,5734,15
12582,4131,19,2,8855,5
12583,4131,99,3,10798,10
12584,4131,46,1,24848,10
12585,4131,51,3,17314,0
12586,4132,77,3,16368,20
12587,4132,131,3,18705,20
12588,4133,7,1,1137,20
12589,4133,38,3,61947,15
12590,4134,38,3,61947,15
12591,4135,55,1,11943,0
12592,4136,32,1,34048,15
12593,4137,125,2,106692,5
12594,4137,43,3,69132,20
12595,4137,120,1,22987,0
12596,4137,149,2,21714,0
12597,4137,127,3,7024,10
12598,4138,28,3,5795,0
12599,4138,81,3,1827,5
12600,4138,69,2,1763,5
12601,4139,103,3,5734,0
12602,4140,120,1,22987,0
12603,4140,39,1,11179,0
12604,4140,14,1,34891,10
12605,4140,47,2,26189,0
12606,4140,139,3,36748,0
12607,4141,31,1,18801,0
12608,4141,21,3,22149,0
12609,4141,120,1,22987,5
12610,4141,111,2,5235,10
12611,4141,67,2,1118,0
12612,4142,45,3,4793,10
12613,4143,30,3,64462,5
12614,4143,110,3,1902,0
12615,4143,24,3,22479,5
12616,4144,63,1,32668,0
12617,4144,36,2,6799,0
12618,4144,65,3,4314,0
12619,4144,137,2,98300,15
12620,4145,47,3,26189,0
12621,4145,112,3,8812,0
12622,4146,23,2,12370,5
12623,4146,118,3,2198,0
12624,4146,63,1,32668,5
12625,4147,130,1,3932,15
12626,4147,29,3,5679,0
12627,4147,51,1,17314,20
12628,4148,91,3,4612,0
12629,4148,32,1,34048,20
12630,4148,27,1,5124,0
12631,4148,149,2,21714,5
12632,4148,99,1,10798,0
12633,4149,107,2,2852,0
12634,4149,138,3,5435,0
12635,4149,44,1,35472,15
12636,4149,4,1,9654,0
12637,4149,26,2,19472,0
12638,4150,39,2,11179,0
12639,4151,125,3,106692,0
12640,4151,24,2,22479,5
12641,4151,147,3,7155,5
12642,4151,21,3,22149,0
12643,4151,53,2,6141,0
12644,4152,8,1,7533,0
12645,4152,50,3,76133,0
12646,4152,140,3,13494,0
12647,4152,45,3,4793,0
12648,4152,26,2,19472,15
12649,4153,79,3,7718,5
12650,4153,83,3,4219,15
12651,4153,103,3,5734,0
12652,4154,5,3,12605,15
12653,4154,6,3,2386,10
12654,4154,25,1,21576,0
12655,4154,123,2,5135,0
12656,4154,115,1,3558,0
12657,4155,53,3,6141,0
12658,4156,130,1,3932,5
12659,4157,111,3,5235,0
12660,4157,83,3,4219,0
12661,4157,145,3,2749,10
12662,4158,144,2,6276,10
12663,4159,16,2,11167,0
12664,4159,87,2,6253,5
12665,4159,99,2,10798,0
12666,4160,42,1,12253,15
12667,4160,7,2,1137,10
12668,4160,21,3,22149,0
12669,4160,110,1,1902,5
12670,4161,16,2,11167,0
12671,4161,105,2,5388,0
12672,4161,116,1,49805,15
12673,4161,142,3,7481,20
12674,4162,15,1,4792,20
12675,4162,82,2,20813,15
12676,4162,131,2,18705,0
12677,4163,75,2,15710,5
12678,4163,27,2,5124,5
12679,4163,117,1,16602,0
12680,4163,84,2,13163,20
12681,4164,5,3,12605,10
12682,4164,28,3,5795,0
12683,4164,141,2,20886,10
12684,4164,90,2,2547,5
12685,4165,125,2,106692,0
12686,4165,115,3,3558,15
12687,4165,22,1,7737,0
12688,4166,140,2,13494,0
12689,4167,55,1,11943,10
12690,4167,75,3,15710,20
12691,4167,40,3,8292,20
12692,4168,18,3,69910,0
12693,4169,4,2,9654,20
12694,4169,75,2,15710,0
12695,4169,2,3,4027,0
12696,4169,14,3,34891,15
12697,4169,67,3,1118,15
12698,4170,89,2,32102,10
12699,4170,1,2,22303,0
12700,4170,40,3,8292,15
12701,4170,94,3,24419,0
12702,4171,2,3,4027,20
12703,4171,73,1,4391,20
12704,4171,106,3,8943,20
12705,4171,52,3,10374,0
12706,4171,107,3,2852,20
12707,4172,51,1,17314,5
12708,4172,103,3,5734,0
12709,4172,37,2,13473,5
12710,4172,110,3,1902,5
12711,4172,112,1,8812,5
12712,4173,80,2,25826,15
12713,4173,49,3,5982,15
12714,4173,104,3,1014,5
12715,4173,27,3,5124,10
12716,4173,95,3,5785,0
12717,4174,121,1,31449,0
12718,4174,128,1,8256,20
12719,4175,118,2,2198,20
12720,4175,44,3,35472,0
12721,4175,71,3,6424,15
12722,4176,99,3,10798,0
12723,4176,7,3,1137,5
12724,4176,27,1,5124,5
12725,4176,60,2,87675,20
12726,4176,30,3,64462,0
12727,4177,145,3,2749,15
12728,4177,83,1,4219,10
12729,4177,57,3,43577,20
12730,4178,129,3,22197,15
12731,4178,144,1,6276,20
12732,4178,119,2,5947,20
12733,4179,63,3,32668,15
12734,4179,14,3,34891,0
12735,4180,136,1,18015,15
12736,4180,76,1,21281,20
12737,4180,67,3,1118,0
12738,4180,48,2,4231,10
12739,4181,16,3,11167,0
12740,4181,128,3,8256,10
12741,4182,115,3,3558,10
12742,4182,19,2,8855,0
12743,4182,127,1,7024,20
12744,4182,5,1,12605,0
12745,4183,107,3,2852,15
12746,4183,37,3,13473,0
12747,4183,19,1,8855,10
12748,4183,16,1,11167,0
12749,4184,80,2,25826,5
12750,4184,74,2,5168,15
12751,4184,20,1,12448,0
12752,4185,119,1,5947,0
12753,4185,42,1,12253,5
12754,4185,50,2,76133,10
12755,4186,86,1,5085,5
12756,4187,8,3,7533,20
12757,4187,124,1,802,0
12758,4187,50,3,76133,0
12759,4187,2,3,4027,10
12760,4188,115,3,3558,0
12761,4188,133,2,7704,5
12762,4188,129,3,22197,0
12763,4189,42,3,12253,15
12764,4189,115,1,3558,5
12765,4189,138,2,5435,0
12766,4190,120,2,22987,20
12767,4190,148,2,23262,0
12768,4190,100,1,10475,20
12769,4191,71,3,6424,15
12770,4191,104,1,1014,20
12771,4192,141,1,20886,0
12772,4192,133,1,7704,0
12773,4193,19,3,8855,5
12774,4193,74,3,5168,5
12775,4193,76,2,21281,0
12776,4194,5,1,12605,0
12777,4195,115,3,3558,20
12778,4195,16,3,11167,15
12779,4195,110,2,1902,5
12780,4195,146,3,2879,15
12781,4196,87,2,6253,10
12782,4197,71,2,6424,0
12783,4197,110,3,1902,15
12784,4198,36,1,6799,0
12785,4199,136,3,18015,10
12786,4199,131,2,18705,0
12787,4199,14,1,34891,15
12788,4199,144,2,6276,5
12789,4199,118,2,2198,20
12790,4200,112,1,8812,0
12791,4200,126,3,44365,0
12792,4201,21,2,22149,0
12793,4201,37,2,13473,0
12794,4201,71,3,6424,15
12795,4202,103,3,5734,0
12796,4203,34,3,19613,0
12797,4203,23,1,12370,0
12798,4203,57,1,43577,15
12799,4203,22,2,7737,10
12800,4204,89,3,32102,5
12801,4204,96,1,31762,0
12802,4204,122,3,5675,15
12803,4205,51,1,17314,15
12804,4206,71,3,6424,10
12805,4206,140,3,13494,0
12806,4206,67,3,1118,0
12807,4206,95,2,5785,10
12808,4207,73,1,4391,15
12809,4207,89,1,32102,5
12810,4207,117,1,16602,15
12811,4207,39,1,11179,0
12812,4207,129,2,22197,5
12813,4208,103,2,5734,20
12814,4209,40,3,8292,0
12815,4209,116,3,49805,10
12816,4209,78,3,25106,10
12817,4209,109,3,7325,5
12818,4210,23,3,12370,10
12819,4210,39,3,11179,0
12820,4211,66,1,14182,15
12821,4211,13,1,6575,0
12822,4211,140,1,13494,0
12823,4212,94,2,24419,0
12824,4212,22,2,7737,0
12825,4212,56,1,39996,15
12826,4212,104,2,1014,15
12827,4212,138,2,5435,0
12828,4213,100,1,10475,0
12829,4213,21,1,22149,15
12830,4213,15,2,4792,0
12831,4213,13,2,6575,0
12832,4214,117,2,16602,10
12833,4214,127,2,7024,5
12834,4215,58,3,5881,15
12835,4215,63,2,32668,20
12836,4216,16,3,11167,0
12837,4216,95,3,5785,0
12838,4217,115,1,3558,0
12839,4217,147,1,7155,15
12840,4217,41,3,62050,0
12841,4217,38,1,61947,0
12842,4217,73,2,4391,10
12843,4218,6,3,2386,0
12844,4218,130,2,3932,0
12845,4219,123,3,5135,15
12846,4219,16,3,11167,15
12847,4219,125,3,106692,15
12848,4219,135,3,4575,0
12849,4220,87,1,6253,20
12850,4220,120,1,22987,0
12851,4220,19,3,8855,5
12852,4220,28,3,5795,20
12853,4221,43,2,69132,10
12854,4221,105,3,5388,20
12855,4221,79,2,7718,0
12856,4222,57,3,43577,15
12857,4222,27,2,5124,10
12858,4222,4,3,9654,5
12859,4222,52,1,10374,5
12860,4222,92,1,1168,15
12861,4223,133,3,7704,0
12862,4223,20,2,12448,0
12863,4224,120,2,22987,0
12864,4224,44,2,35472,5
12865,4224,140,3,13494,20
12866,4224,148,3,23262,15
12867,4224,8,2,7533,10
12868,4225,1,3,22303,15
12869,4225,31,3,18801,0
12870,4225,109,2,7325,5
12871,4225,72,1,56852,0
12872,4225,59,3,11729,0
12873,4226,128,1,8256,0
12874,4226,2,1,4027,0
12875,4226,13,2,6575,0
12876,4226,12,1,8038,15
12877,4226,145,1,2749,0
12878,4227,143,3,3379,10
12879,4228,4,1,9654,0
12880,4229,27,2,5124,5
12881,4229,34,2,19613,0
12882,4229,132,3,29436,5
12883,4229,52,3,10374,10
12884,4229,13,3,6575,15
12885,4230,127,1,7024,5
12886,4230,53,1,6141,0
12887,4231,106,1,8943,0
12888,4232,42,3,12253,5
12889,4232,74,3,5168,20
12890,4232,24,2,22479,20
12891,4233,101,2,104734,10
12892,4233,127,1,7024,0
12893,4233,107,1,2852,15
12894,4233,69,3,1763,0
12895,4234,57,2,43577,0
12896,4235,5,2,12605,0
12897,4236,146,2,2879,20
12898,4236,60,1,87675,15
12899,4236,131,3,18705,0
12900,4237,74,2,5168,5
12901,4237,32,2,34048,5
12902,4237,128,3,8256,5
12903,4238,93,3,44770,0
12904,4239,135,3,4575,0
12905,4239,65,2,4314,10
12906,4239,58,3,5881,10
12907,4240,60,3,87675,0
12908,4240,24,3,22479,10
12909,4240,85,1,96244,15
12910,4240,92,1,1168,10
12911,4241,27,3,5124,20
12912,4241,57,1,43577,15
12913,4241,30,3,64462,10
12914,4242,105,1,5388,0
12915,4242,145,3,2749,0
12916,4242,85,3,96244,10
12917,4243,83,3,4219,0
12918,4243,48,2,4231,5
12919,4243,60,1,87675,0
12920,4243,44,2,35472,20
12921,4243,109,2,7325,0
12922,4244,116,2,49805,0
12923,4245,129,1,22197,15
12924,4245,63,1,32668,10
12925,4246,115,3,3558,0
12926,4246,1,2,22303,0
12927,4246,119,3,5947,5
12928,4247,27,3,5124,0
12929,4247,23,1,12370,15
12930,4247,50,1,76133,5
12931,4247,148,2,23262,10
12932,4248,134,1,3277,0
12933,4248,86,2,5085,10
12934,4248,60,1,87675,10
12935,4248,53,3,6141,10
12936,4248,101,2,104734,10
12937,4249,85,1,96244,0
12938,4249,107,2,2852,15
12939,4249,147,2,7155,20
12940,4249,118,3,2198,5
12941,4250,42,1,12253,0
12942,4250,90,1,2547,0
12943,4250,91,2,4612,10
12944,4250,143,1,3379,15
12945,4251,69,3,1763,0
12946,4251,78,3,25106,20
12947,4252,147,3,7155,0
12948,4252,65,2,4314,20
12949,4252,23,2,12370,10
12950,4252,50,1,76133,0
12951,4252,120,1,22987,5
12952,4253,104,3,1014,5
12953,4254,60,2,87675,0
12954,4255,18,2,69910,20
12955,4255,135,2,4575,0
12956,4255,83,2,4219,15
12957,4255,85,3,96244,0
12958,4256,8,1,7533,20
12959,4257,74,3,5168,10
12960,4258,44,2,35472,15
12961,4258,29,3,5679,10
12962,4259,77,3,16368,5
12963,4259,67,2,1118,0
12964,4259,122,2,5675,0
12965,4260,53,2,6141,5
12966,4260,55,1,11943,15
12967,4260,107,3,2852,0
12968,4260,88,2,2914,10
12969,4260,121,2,31449,15
12970,4261,60,1,87675,20
12971,4261,141,3,20886,5
12972,4262,101,2,104734,15
12973,4262,147,3,7155,10
12974,4262,20,1,12448,5
12975,4262,37,3,13473,20
12976,4262,109,3,7325,20
12977,4263,136,3,18015,5
12978,4264,100,3,10475,5
12979,4264,123,2,5135,5
12980,4264,121,2,31449,0
12981,4264,85,3,96244,15
12982,4265,111,3,5235,0
12983,4266,65,3,4314,15
12984,4266,75,1,15710,5
12985,4266,127,2,7024,10
12986,4266,76,3,21281,5
12987,4266,25,2,21576,5
12988,4267,1,2,22303,0
12989,4267,96,1,31762,0
12990,4267,42,1,12253,0
12991,4267,22,1,7737,15
12992,4268,142,2,7481,20
12993,4268,4,2,9654,5
12994,4268,45,3,4793,20
12995,4268,43,1,69132,0
12996,4268,92,3,1168,10
12997,4269,19,3,8855,15
12998,4269,3,3,4862,0
12999,4269,112,2,8812,15
13000,4269,35,2,3958,0
13001,4269,51,2,17314,0
13002,4270,77,1,16368,15
13003,4270,146,2,2879,20
13004,4270,107,1,2852,0
13005,4270,132,3,29436,10
13006,4270,34,3,19613,0
13007,4271,14,2,34891,0
13008,4271,68,3,21251,15
13009,4271,28,3,5795,20
13010,4272,103,3,5734,0
13011,4272,44,1,35472,20
13012,4272,134,1,3277,0
13013,4272,16,2,11167,5
13014,4272,23,2,12370,0
13015,4273,32,2,34048,20
13016,4273,126,2,44365,15
13017,4273,30,3,64462,10
13018,4273,2,3,4027,0
13019,4274,22,1,7737,10
13020,4274,66,3,14182,15
13021,4275,29,2,5679,0
13022,4275,25,2,21576,15
13023,4275,129,2,22197,0
13024,4275,64,2,11154,5
13025,4276,55,2,11943,10
13026,4276,91,1,4612,5
13027,4277,7,2,1137,0
13028,4277,53,1,6141,10
13029,4278,15,2,4792,0
13030,4279,18,3,69910,0
13031,4280,106,3,8943,5
13032,4281,27,2,5124,0
13033,4281,56,2,39996,20
13034,4281,71,2,6424,10
13035,4281,18,2,69910,0
13036,4281,83,3,4219,0
13037,4282,71,1,6424,0
13038,4283,42,1,12253,0
13039,4283,69,2,1763,0
13040,4283,109,1,7325,0
13041,4283,97,2,31743,10
13042,4283,27,3,5124,10
13043,4284,71,3,6424,0
13044,4284,128,2,8256,0
13045,4284,7,3,1137,0
13046,4284,27,2,5124,20
13047,4284,43,1,69132,0
13048,4285,106,2,8943,10
13049,4285,35,1,3958,0
13050,4286,46,3,24848,20
13051,4286,79,1,7718,0
13052,4286,29,1,5679,5
13053,4286,38,1,61947,20
13054,4286,138,1,5435,20
13055,4287,31,3,18801,0
13056,4287,112,2,8812,5
13057,4287,134,2,3277,0
13058,4288,39,3,11179,0
13059,4288,41,3,62050,0
13060,4288,64,1,11154,15
13061,4288,62,1,12613,0
13062,4289,45,3,4793,0
13063,4289,147,2,7155,15
13064,4289,125,3,106692,0
13065,4289,38,2,61947,15
13066,4290,25,3,21576,15
13067,4290,117,3,16602,10
13068,4290,148,1,23262,0
13069,4290,45,3,4793,15
13070,4291,52,1,10374,0
13071,4291,101,3,104734,5
13072,4291,36,3,6799,0
13073,4291,132,3,29436,20
13074,4292,38,1,61947,20
13075,4292,68,2,21251,0
13076,4293,22,2,7737,0
13077,4293,43,1,69132,10
13078,4293,91,2,4612,20
13079,4293,68,3,21251,0
13080,4293,28,2,5795,0
13081,4294,121,2,31449,0
13082,4295,80,1,25826,20
13083,4295,9,2,10988,0
13084,4295,104,1,1014,10
13085,4295,86,1,5085,15
13086,4296,63,2,32668,0
13087,4296,75,3,15710,15
13088,4296,100,3,10475,10
13089,4296,32,2,34048,5
13090,4296,99,2,10798,20
13091,4297,123,2,5135,0
13092,4297,8,2,7533,20
13093,4297,117,3,16602,0
13094,4298,52,1,10374,0
13095,4298,122,3,5675,20
13096,4298,121,2,31449,10
13097,4299,117,2,16602,0
13098,4299,31,3,18801,20
13099,4300,15,3,4792,0
13100,4300,14,1,34891,15
13101,4301,36,2,6799,0
13102,4302,92,2,1168,10
13103,4302,70,1,23703,0
13104,4303,3,1,4862,20
13105,4303,45,3,4793,0
13106,4303,84,1,13163,5
13107,4303,24,3,22479,10
13108,4303,6,1,2386,20
13109,4304,68,1,21251,0
13110,4304,57,1,43577,0
13111,4304,46,1,24848,10
13112,4304,118,1,2198,20
13113,4304,9,3,10988,5
13114,4305,133,1,7704,20
13115,4306,103,3,5734,10
13116,4306,4,3,9654,0
13117,4306,137,3,98300,0
13118,4307,38,2,61947,5
13119,4307,138,1,5435,0
13120,4308,75,2,15710,0
13121,4308,30,2,64462,10
13122,4308,28,1,5795,0
13123,4309,35,1,3958,0
13124,4309,92,3,1168,10
13125,4309,6,2,2386,10
13126,4309,29,2,5679,10
13127,4310,146,2,2879,0
13128,4310,117,3,16602,20
13129,4310,133,1,7704,20
13130,4310,21,3,22149,20
13131,4311,86,3,5085,20
13132,4311,132,3,29436,5
13133,4311,22,1,7737,0
13134,4311,81,2,1827,0
13135,4311,120,3,22987,20
13136,4312,51,1,17314,0
13137,4312,59,3,11729,0
13138,4312,108,1,83584,15
13139,4313,100,2,10475,10
13140,4314,59,1,11729,5
13141,4314,146,1,2879,0
13142,4314,127,2,7024,0
13143,4315,136,3,18015,15
13144,4315,90,2,2547,0
13145,4315,69,3,1763,10
13146,4315,31,2,18801,0
13147,4315,40,2,8292,0
13148,4316,32,2,34048,0
13149,4316,75,1,15710,20
13150,4316,60,3,87675,0
13151,4316,24,3,22479,0
13152,4316,58,3,5881,10
13153,4317,45,2,4793,20
13154,4317,49,2,5982,0
13155,4318,22,1,7737,15
13156,4318,139,3,36748,5
13157,4318,136,3,18015,15
13158,4319,92,2,1168,20
13159,4320,73,3,4391,15
13160,4320,97,2,31743,10
13161,4321,14,3,34891,0
13162,4321,142,1,7481,0
13163,4321,13,2,6575,10
13164,4322,58,3,5881,20
13165,4322,51,1,17314,5
13166,4322,23,2,12370,0
13167,4322,107,1,2852,20
13168,4322,128,3,8256,0
13169,4323,7,1,1137,0
13170,4323,118,2,2198,5
13171,4323,75,1,15710,0
13172,4323,6,3,2386,0
13173,4323,140,2,13494,10
13174,4324,7,2,1137,0
13175,4324,146,1,2879,15
13176,4325,144,1,6276,10
13177,4325,53,2,6141,20
13178,4325,51,3,17314,5
13179,4326,69,3,1763,0
13180,4326,126,1,44365,20
13181,4327,101,1,104734,10
13182,4327,65,2,4314,0
13183,4327,48,3,4231,20
13184,4327,17,1,22827,0
13185,4328,35,2,3958,10
13186,4328,67,3,1118,0
13187,4328,47,1,26189,15
13188,4328,87,3,6253,15
13189,4329,96,1,31762,10
13190,4330,71,2,6424,5
13191,4330,105,3,5388,20
13192,4331,121,1,31449,0
13193,4331,111,2,5235,0
13194,4331,84,2,13163,10
13195,4331,135,2,4575,20
13196,4331,25,2,21576,10
13197,4332,5,2,12605,0
13198,4332,19,3,8855,0
13199,4332,71,2,6424,20
13200,4332,8,3,7533,5
13201,4332,6,1,2386,15
13202,4333,149,3,21714,0
13203,4333,124,3,802,20
13204,4334,132,3,29436,0
13205,4334,95,1,5785,0
13206,4334,41,1,62050,0
13207,4334,69,2,1763,5
13208,4335,28,1,5795,0
13209,4336,63,3,32668,20
13210,4336,119,3,5947,5
13211,4336,60,3,87675,10
13212,4336,87,1,6253,20
13213,4336,12,1,8038,10
13214,4337,55,2,11943,0
13215,4337,62,2,12613,0
13216,4338,91,1,4612,0
13217,4338,89,2,32102,0
13218,4338,137,1,98300,0
13219,4338,19,3,8855,20
13220,4339,35,1,3958,0
13221,4339,57,2,43577,20
13222,4339,54,3,23925,0
13223,4339,36,1,6799,0
13224,4339,16,3,11167,5
13225,4340,100,2,10475,5
13226,4340,59,2,11729,15
13227,4340,63,3,32668,0
13228,4340,30,2,64462,20
13229,4340,21,2,22149,0
13230,4341,146,2,2879,10
13231,4341,64,1,11154,0
13232,4341,101,2,104734,0
13233,4342,104,1,1014,0
13234,4342,52,1,10374,0
13235,4342,56,2,39996,20
13236,4342,14,3,34891,15
13237,4343,23,2,12370,5
13238,4343,89,2,32102,20
13239,4344,28,3,5795,0
13240,4344,147,3,7155,0
13241,4345,20,2,12448,5
13242,4345,81,3,1827,5
13243,4345,72,3,56852,20
13244,4345,91,3,4612,5
13245,4345,97,1,31743,0
13246,4346,34,2,19613,0
13247,4346,37,3,13473,5
13248,4346,13,3,6575,0
13249,4346,62,1,12613,15
13250,4347,14,1,34891,0
13251,4348,104,3,1014,15
13252,4348,83,1,4219,15
13253,4348,62,3,12613,0
13254,4348,58,1,5881,20
13255,4349,37,1,13473,20
13256,4349,44,3,35472,15
13257,4349,121,3,31449,0
13258,4350,35,3,3958,20
13259,4350,14,1,34891,5
13260,4350,31,3,18801,20
13261,4351,8,3,7533,20
13262,4352,83,3,4219,0
13263,4353,24,3,22479,20
13264,4353,6,3,2386,0
13265,4353,54,1,23925,5
13266,4354,3,2,4862,20
13267,4354,45,1,4793,0
13268,4355,119,2,5947,0
13269,4355,95,2,5785,0
13270,4355,126,3,44365,0
13271,4355,129,3,22197,0
13272,4356,45,3,4793,20
13273,4357,18,1,69910,15
13274,4357,21,3,22149,0
13275,4357,109,3,7325,20
13276,4358,40,1,8292,15
13277,4358,44,3,35472,0
13278,4359,81,3,1827,5
13279,4359,145,3,2749,20
13280,4359,142,3,7481,0
13281,4359,94,2,24419,0
13282,4360,25,1,21576,5
13283,4360,69,3,1763,0
13284,4361,144,2,6276,5
13285,4361,36,2,6799,15
13286,4362,94,2,24419,15
13287,4362,86,3,5085,20
13288,4362,71,1,6424,20
13289,4362,97,1,31743,5
13290,4362,40,1,8292,20
13291,4363,17,3,22827,0
13292,4363,125,1,106692,20
13293,4364,130,2,3932,0
13294,4365,51,3,17314,20
13295,4365,148,3,23262,0
13296,4365,43,3,69132,0
13297,4365,140,1,13494,5
13298,4365,23,1,12370,10
13299,4366,96,1,31762,5
13300,4367,37,2,13473,20
13301,4367,125,3,106692,5
13302,4367,136,1,18015,0
13303,4367,89,2,32102,15
13304,4368,137,2,98300,0
13305,4368,34,2,19613,5
13306,4369,123,2,5135,0
13307,4369,91,2,4612,15
13308,4369,55,1,11943,0
13309,4369,9,3,10988,0
13310,4369,19,2,8855,0
13311,4370,38,3,61947,15
13312,4370,20,3,12448,15
13313,4371,15,3,4792,0
13314,4371,95,1,5785,10
13315,4372,41,1,62050,20
13316,4372,50,2,76133,5
13317,4372,12,2,8038,20
13318,4372,45,3,4793,5
13319,4372,83,1,4219,20
13320,4373,101,2,104734,0
13321,4373,110,1,1902,15
13322,4374,87,3,6253,15
13323,4374,79,2,7718,0
13324,4375,58,2,5881,0
13325,4376,53,2,6141,5
13326,4376,118,3,2198,0
13327,4376,70,2,23703,0
13328,4377,6,2,2386,10
13329,4377,56,1,39996,0
13330,4377,24,1,22479,0
13331,4378,92,2,1168,0
13332,4379,1,3,22303,0
13333,4379,42,2,12253,0
13334,4379,105,2,5388,10
13335,4380,136,3,18015,10
13336,4380,76,3,21281,15
13337,4380,54,3,23925,5
13338,4380,41,2,62050,10
13339,4380,144,3,6276,10
13340,4381,143,2,3379,0
13341,4381,92,3,1168,0
13342,4382,28,1,5795,15
13343,4382,69,2,1763,0
13344,4382,26,2,19472,15
13345,4382,118,1,2198,5
13346,4383,15,1,4792,5
13347,4383,49,3,5982,10
13348,4383,79,1,7718,10
13349,4384,138,2,5435,20
13350,4384,99,3,10798,0
13351,4384,27,3,5124,0
13352,4385,141,1,20886,20
13353,4385,76,2,21281,5
13354,4385,13,1,6575,0
13355,4385,82,1,20813,15
13356,4386,93,1,44770,10
13357,4386,21,1,22149,15
13358,4386,86,1,5085,5
13359,4386,108,3,83584,20
13360,4386,44,3,35472,0
13361,4387,82,3,20813,5
13362,4388,83,2,4219,15
13363,4388,128,3,8256,0
13364,4388,27,3,5124,0
13365,4388,82,1,20813,5
13366,4388,28,2,5795,5
13367,4389,75,3,15710,0
13368,4389,110,2,1902,0
13369,4389,101,3,104734,5
13370,4389,120,1,22987,5
13371,4390,140,2,13494,0
13372,4390,99,2,10798,0
13373,4390,100,2,10475,10
13374,4390,38,2,61947,0
13375,4391,73,1,4391,0
13376,4391,55,1,11943,0
13377,4392,72,3,56852,15
13378,4393,13,3,6575,5
13379,4393,22,2,7737,5
13380,4394,119,1,5947,20
13381,4394,26,3,19472,0
13382,4394,74,1,5168,15
13383,4394,36,1,6799,0
13384,4395,3,1,4862,10
13385,4395,138,1,5435,5
13386,4395,7,3,1137,15
13387,4395,135,2,4575,5
13388,4396,74,3,5168,5
13389,4396,48,1,4231,0
13390,4396,83,2,4219,10
13391,4397,119,3,5947,0
13392,4397,36,3,6799,5
13393,4397,1,1,22303,0
13394,4397,131,1,18705,15
13395,4398,65,2,4314,0
13396,4398,56,3,39996,5
13397,4398,81,2,1827,20
13398,4398,74,1,5168,10
13399,4399,139,2,36748,15
13400,4399,86,3,5085,10
13401,4400,123,1,5135,5
13402,4400,140,3,13494,0
13403,4401,29,3,5679,0
13404,4401,79,2,7718,0
13405,4401,125,2,106692,0
13406,4402,45,3,4793,20
13407,4402,108,1,83584,0
13408,4402,5,3,12605,10
13409,4402,118,1,2198,0
13410,4402,6,3,2386,0
13411,4403,149,2,21714,15
13412,4403,38,2,61947,0
13413,4403,72,1,56852,10
13414,4403,116,1,49805,0
13415,4404,6,1,2386,15
13416,4404,55,1,11943,0
13417,4404,85,1,96244,5
13418,4404,145,1,2749,0
13419,4404,58,2,5881,0
13420,4405,57,3,43577,15
13421,4405,142,3,7481,0
13422,4405,22,3,7737,15
13423,4405,69,1,1763,15
13424,4405,147,1,7155,0
13425,4406,32,3,34048,15
13426,4406,121,1,31449,20
13427,4406,22,3,7737,5
13428,4406,13,1,6575,0
13429,4407,48,2,4231,15
13430,4407,22,2,7737,20
13431,4407,70,2,23703,0
13432,4408,71,3,6424,10
13433,4409,91,1,4612,0
13434,4409,123,1,5135,5
13435,4410,142,1,7481,20
13436,4411,15,2,4792,15
13437,4412,132,2,29436,20
13438,4412,66,2,14182,10
13439,4412,119,2,5947,10
13440,4412,103,3,5734,5
13441,4413,60,2,87675,0
13442,4413,63,3,32668,0
13443,4414,78,2,25106,20
13444,4414,16,1,11167,10
13445,4414,87,1,6253,5
13446,4414,119,3,5947,10
13447,4414,125,1,106692,0
13448,4415,146,1,2879,0
13449,4415,11,2,12063,15
13450,4415,94,1,24419,20
13451,4416,122,1,5675,0
13452,4416,41,2,62050,20
13453,4417,89,2,32102,20
13454,4417,106,2,8943,5
13455,4417,124,1,802,0
13456,4418,80,3,25826,0
13457,4418,70,3,23703,5
13458,4418,138,1,5435,15
13459,4419,45,2,4793,20
13460,4420,57,2,43577,20
13461,4420,60,1,87675,20
13462,4420,81,2,1827,15
13463,4420,32,2,34048,20
13464,4420,144,3,6276,0
13465,4421,3,1,4862,20
13466,4421,51,1,17314,5
13467,4421,99,3,10798,0
13468,4421,72,1,56852,0
13469,4421,55,3,11943,10
13470,4422,147,3,7155,20
13471,4422,29,3,5679,5
13472,4422,146,1,2879,0
13473,4422,135,3,4575,0
13474,4422,97,3,31743,10
13475,4423,39,1,11179,20
13476,4423,141,3,20886,0
13477,4423,64,3,11154,0
13478,4423,146,2,2879,0
13479,4423,107,1,2852,0
13480,4424,59,3,11729,0
13481,4425,130,3,3932,10
13482,4425,12,3,8038,15
13483,4425,127,2,7024,20
13484,4425,103,2,5734,0
13485,4426,29,2,5679,0
13486,4427,125,3,106692,0
13487,4427,62,3,12613,15
13488,4427,4,1,9654,10
13489,4428,5,1,12605,15
13490,4428,36,3,6799,5
13491,4429,92,1,1168,5
13492,4430,59,3,11729,5
13493,4430,77,2,16368,20
13494,4430,19,1,8855,10
13495,4431,36,3,6799,10
13496,4431,127,3,7024,15
13497,4431,120,2,22987,5
13498,4431,30,1,64462,0
13499,4432,120,3,22987,5
13500,4432,77,3,16368,0
13501,4432,17,2,22827,15
13502,4433,78,3,25106,0
13503,4433,108,2,83584,5
13504,4433,43,1,69132,5
13505,4433,35,1,3958,0
13506,4434,6,1,2386,5
13507,4435,110,2,1902,15
13508,4435,55,2,11943,0
13509,4436,50,1,76133,15
13510,4436,85,3,96244,0
13511,4437,70,3,23703,15
13512,4437,78,2,25106,15
13513,4437,99,2,10798,20
13514,4437,71,2,6424,5
13515,4438,47,1,26189,5
13516,4438,78,2,25106,0
13517,4438,76,2,21281,5
13518,4438,120,3,22987,5
13519,4438,125,2,106692,10
13520,4439,32,3,34048,10
13521,4439,58,1,5881,0
13522,4439,128,2,8256,5
13523,4439,117,1,16602,20
13524,4440,134,3,3277,0
13525,4440,140,1,13494,0
13526,4440,8,1,7533,5
13527,4440,19,1,8855,0
13528,4440,48,3,4231,20
13529,4441,47,2,26189,0
13530,4442,52,2,10374,0
13531,4442,85,3,96244,20
13532,4443,136,1,18015,15
13533,4443,69,1,1763,20
13534,4444,71,1,6424,0
13535,4445,42,2,12253,5
13536,4446,7,1,1137,5
13537,4446,52,1,10374,10
13538,4447,22,2,7737,15
13539,4447,57,3,43577,20
13540,4447,132,2,29436,10
13541,4448,103,1,5734,10
13542,4448,134,1,3277,0
13543,4448,27,3,5124,15
13544,4448,78,2,25106,10
13545,4448,87,3,6253,5
13546,4449,71,2,6424,20
13547,4449,12,3,8038,0
13548,4449,100,3,10475,20
13549,4449,109,3,7325,20
13550,4449,146,1,2879,15
13551,4450,97,3,31743,20
13552,4450,47,3,26189,10
13553,4450,148,2,23262,0
13554,4450,123,1,5135,20
13555,4451,47,3,26189,0
13556,4451,90,3,2547,20
13557,4452,100,2,10475,15
13558,4452,72,3,56852,20
13559,4453,123,3,5135,0
13560,4454,41,3,62050,5
13561,4454,64,3,11154,0
13562,4454,101,3,104734,0
13563,4454,121,2,31449,0
13564,4455,49,1,5982,10
13565,4455,109,3,7325,10
13566,4455,131,1,18705,5
13567,4455,80,1,25826,5
13568,4456,74,2,5168,0
13569,4456,144,2,6276,15
13570,4456,4,3,9654,20
13571,4456,58,2,5881,0
13572,4457,96,2,31762,0
13573,4458,20,1,12448,10
13574,4458,73,1,4391,20
13575,4458,48,2,4231,15
13576,4459,95,1,5785,15
13577,4459,18,2,69910,20
13578,4460,66,2,14182,5
13579,4460,146,1,2879,5
13580,4460,13,1,6575,15
13581,4460,93,2,44770,0
13582,4460,145,2,2749,15
13583,4461,44,3,35472,15
13584,4461,116,2,49805,0
13585,4461,18,2,69910,0
13586,4461,9,3,10988,0
13587,4462,115,1,3558,10
13588,4462,89,3,32102,15
13589,4463,130,2,3932,15
13590,4463,145,2,2749,10
13591,4463,138,3,5435,0
13592,4463,22,3,7737,5
13593,4464,129,1,22197,5
13594,4464,52,3,10374,5
13595,4464,49,3,5982,20
13596,4465,6,3,2386,20
13597,4465,107,2,2852,15
13598,4465,12,2,8038,10
13599,4465,141,3,20886,10
13600,4466,63,3,32668,0
13601,4466,45,2,4793,0
13602,4466,127,1,7024,15
13603,4467,23,3,12370,0
13604,4468,99,1,10798,5
13605,4469,64,3,11154,5
13606,4469,28,1,5795,5
13607,4469,116,3,49805,5
13608,4469,75,3,15710,0
13609,4470,88,3,2914,10
13610,4470,145,1,2749,15
13611,4470,56,1,39996,0
13612,4471,138,3,5435,20
13613,4471,87,3,6253,0
13614,4471,45,3,4793,0
13615,4472,122,1,5675,0
13616,4472,24,3,22479,0
13617,4472,9,1,10988,0
13618,4472,6,1,2386,0
13619,4473,4,2,9654,15
13620,4473,138,3,5435,15
13621,4473,109,3,7325,0
13622,4473,69,2,1763,0
13623,4474,40,3,8292,10
13624,4475,31,1,18801,0
13625,4475,96,1,31762,5
13626,4476,126,2,44365,15
13627,4477,51,3,17314,0
13628,4477,57,2,43577,15
13629,4477,143,1,3379,0
13630,4477,7,2,1137,5
13631,4477,30,2,64462,0
13632,4478,71,1,6424,5
13633,4478,31,3,18801,20
13634,4478,132,1,29436,0
13635,4478,86,1,5085,0
13636,4479,135,2,4575,0
13637,4479,101,3,104734,0
13638,4479,47,3,26189,0
13639,4479,28,2,5795,0
13640,4479,133,1,7704,0
13641,4480,143,3,3379,20
13642,4480,50,1,76133,15
13643,4480,51,1,17314,5
13644,4480,124,3,802,5
13645,4481,111,3,5235,15
13646,4481,58,1,5881,0
13647,4481,96,1,31762,0
13648,4481,97,3,31743,10
13649,4481,95,3,5785,20
13650,4482,51,1,17314,0
13651,4482,90,1,2547,20
13652,4482,97,3,31743,5
13653,4483,78,3,25106,15
13654,4483,69,3,1763,10
13655,4483,96,1,31762,0
13656,4484,11,3,12063,10
13657,4484,55,3,11943,5
13658,4485,36,1,6799,20
13659,4485,19,1,8855,0
13660,4485,39,2,11179,5
13661,4486,12,1,8038,10
13662,4487,118,1,2198,0
13663,4487,140,1,13494,10
13664,4487,104,1,1014,15
13665,4488,5,2,12605,20
13666,4489,111,2,5235,0
13667,4489,9,2,10988,0
13668,4490,51,3,17314,0
13669,4490,89,1,32102,0
13670,4490,23,2,12370,5
13671,4490,126,1,44365,0
13672,4490,97,2,31743,10
13673,4491,126,1,44365,0
13674,4491,67,2,1118,0
13675,4492,63,2,32668,0
13676,4492,42,2,12253,20
13677,4492,107,1,2852,0
13678,4492,44,3,35472,0
13679,4492,35,2,3958,0
13680,4493,69,1,1763,0
13681,4493,116,3,49805,0
13682,4493,131,3,18705,0
13683,4493,97,3,31743,0
13684,4494,134,1,3277,20
13685,4494,28,1,5795,15
13686,4495,97,1,31743,10
13687,4496,110,3,1902,0
13688,4497,78,3,25106,15
13689,4497,142,2,7481,0
13690,4497,106,1,8943,0
13691,4497,100,1,10475,20
13692,4497,87,2,6253,5
13693,4498,79,2,7718,5
13694,4498,83,2,4219,0
13695,4498,39,1,11179,10
13696,4498,47,1,26189,0
13697,4499,75,2,15710,5
13698,4499,38,1,61947,10
13699,4499,50,2,76133,0
13700,4499,47,1,26189,10
13701,4499,25,1,21576,0
13702,4500,59,3,11729,0
13703,4501,68,2,21251,10
13704,4501,14,1,34891,10
13705,4502,90,3,2547,5
13706,4502,93,1,44770,15
13707,4502,55,2,11943,5
13708,4502,58,2,5881,15
13709,4503,95,2,5785,0
13710,4503,138,3,5435,20
13711,4503,39,2,11179,20
13712,4503,124,3,802,10
13713,4503,118,1,2198,0
13714,4504,133,2,7704,10
13715,4504,138,1,5435,0
13716,4505,127,2,7024,0
13717,4505,110,2,1902,5
13718,4505,31,1,18801,0
13719,4505,6,3,2386,0
13720,4505,125,2,106692,0
13721,4506,34,1,19613,0
13722,4506,141,3,20886,10
13723,4506,108,3,83584,0
13724,4506,103,1,5734,5
13725,4506,28,1,5795,15
13726,4507,50,2,76133,10
13727,4508,50,1,76133,0
13728,4508,17,3,22827,0
13729,4508,105,1,5388,5
13730,4509,89,2,32102,10
13731,4509,41,1,62050,15
13732,4510,23,1,12370,5
13733,4510,1,3,22303,0
13734,4510,36,1,6799,20
13735,4510,67,3,1118,5
13736,4511,38,1,61947,20
13737,4511,32,2,34048,10
13738,4511,49,3,5982,10
13739,4511,65,3,4314,0
13740,4511,11,2,12063,5
13741,4512,22,3,7737,15
13742,4512,16,2,11167,20
13743,4513,104,2,1014,10
13744,4513,124,1,802,0
13745,4513,5,1,12605,15
13746,4513,19,2,8855,0
13747,4513,145,2,2749,0
13748,4514,95,2,5785,0
13749,4514,78,3,25106,10
13750,4515,6,3,2386,0
13751,4515,91,2,4612,20
13752,4515,75,2,15710,0
13753,4516,73,2,4391,10
13754,4516,52,3,10374,0
13755,4517,76,1,21281,20
13756,4517,149,2,21714,20
13757,4517,3,3,4862,20
13758,4517,127,2,7024,15
13759,4517,37,2,13473,15
13760,4518,36,2,6799,15
13761,4518,44,2,35472,5
13762,4519,132,2,29436,10
13763,4519,35,1,3958,20
13764,4519,89,3,32102,15
13765,4519,48,2,4231,0
13766,4520,11,3,12063,0
13767,4520,109,1,7325,15
13768,4520,120,1,22987,20
13769,4520,133,3,7704,0
13770,4520,80,1,25826,5
13771,4521,140,2,13494,0
13772,4522,62,1,12613,0
13773,4522,125,1,106692,15
13774,4523,115,1,3558,0
13775,4523,141,1,20886,0
13776,4523,138,1,5435,0
13777,4523,52,1,10374,5
13778,4523,45,2,4793,0
13779,4524,69,1,1763,0
13780,4524,133,3,7704,5
13781,4524,30,3,64462,15
13782,4524,59,2,11729,15
13783,4524,130,2,3932,0
13784,4525,9,3,10988,0
13785,4526,51,1,17314,15
13786,4527,95,1,5785,0
13787,4527,9,1,10988,0
13788,4528,75,3,15710,5
13789,4528,51,3,17314,10
13790,4528,110,2,1902,10
13791,4528,90,1,2547,10
13792,4529,59,3,11729,15
13793,4530,105,2,5388,0
13794,4530,135,2,4575,20
13795,4531,24,3,22479,10
13796,4531,136,3,18015,15
13797,4532,66,1,14182,20
13798,4532,80,3,25826,20
13799,4533,103,3,5734,0
13800,4534,70,3,23703,15
13801,4534,31,2,18801,0
13802,4534,20,2,12448,0
13803,4535,131,2,18705,20
13804,4535,74,1,5168,0
13805,4535,5,1,12605,0
13806,4535,125,3,106692,0
13807,4536,87,1,6253,0
13808,4536,116,3,49805,10
13809,4536,88,1,2914,0
13810,4537,11,2,12063,15
13811,4537,91,2,4612,15
13812,4537,117,2,16602,0
13813,4537,122,1,5675,0
13814,4538,26,2,19472,20
13815,4538,83,3,4219,20
13816,4538,103,2,5734,10
13817,4539,27,3,5124,10
13818,4539,77,1,16368,5
13819,4540,140,1,13494,0
13820,4541,71,2,6424,20
13821,4541,122,3,5675,5
13822,4541,142,1,7481,0
13823,4542,68,2,21251,20
13824,4542,31,3,18801,5
13825,4542,148,3,23262,0
13826,4542,39,3,11179,15
13827,4543,126,1,44365,10
13828,4543,72,1,56852,10
13829,4543,6,3,2386,10
13830,4543,93,2,44770,15
13831,4543,73,3,4391,10
13832,4544,77,2,16368,0
13833,4544,46,1,24848,5
13834,4544,105,2,5388,0
13835,4544,22,2,7737,0
13836,4545,58,3,5881,0
13837,4545,125,2,106692,5
13838,4545,8,3,7533,0
13839,4545,31,1,18801,0
13840,4545,14,3,34891,10
13841,4546,11,3,12063,0
13842,4546,32,2,34048,15
13843,4546,41,3,62050,10
13844,4546,146,3,2879,15
13845,4547,15,1,4792,10
13846,4547,139,2,36748,5
13847,4547,20,2,12448,20
13848,4548,95,2,5785,15
13849,4548,122,1,5675,20
13850,4548,5,2,12605,0
13851,4548,57,1,43577,15
13852,4548,86,3,5085,10
13853,4549,132,2,29436,20
13854,4549,107,3,2852,15
13855,4549,22,2,7737,0
13856,4549,145,1,2749,0
13857,4549,115,1,3558,0
13858,4550,106,1,8943,5
13859,4551,103,1,5734,0
13860,4551,24,3,22479,20
13861,4552,118,1,2198,20
13862,4553,134,2,3277,0
13863,4553,13,2,6575,5
13864,4553,15,3,4792,10
13865,4553,118,2,2198,10
13866,4553,69,1,1763,20
13867,4554,116,2,49805,5
13868,4554,136,2,18015,10
13869,4554,90,3,2547,0
13870,4554,149,1,21714,15
13871,4555,56,3,39996,10
13872,4555,12,3,8038,0
13873,4555,62,1,12613,5
13874,4555,106,3,8943,0
13875,4555,21,1,22149,20
13876,4556,120,3,22987,0
13877,4556,77,2,16368,10
13878,4556,36,1,6799,5
13879,4557,20,3,12448,10
13880,4557,148,1,23262,5
13881,4557,118,2,2198,5
13882,4557,86,1,5085,15
13883,4558,87,2,6253,5
13884,4558,101,1,104734,15
13885,4558,85,2,96244,15
13886,4559,39,2,11179,20
13887,4559,38,1,61947,0
13888,4559,48,1,4231,0
13889,4559,56,2,39996,10
13890,4559,16,3,11167,10
13891,4560,122,1,5675,0
13892,4560,58,1,5881,0
13893,4560,135,2,4575,20
13894,4560,13,3,6575,10
13895,4560,25,3,21576,0
13896,4561,22,1,7737,10
13897,4562,7,1,1137,0
13898,4562,19,2,8855,0
13899,4563,149,2,21714,0
13900,4564,42,1,12253,0
13901,4564,145,2,2749,10
13902,4565,60,3,87675,0
13903,4565,24,3,22479,15
13904,4565,65,1,4314,0
13905,4565,148,3,23262,0
13906,4565,4,1,9654,5
13907,4566,17,3,22827,5
13908,4566,76,1,21281,10
13909,4566,135,2,4575,0
13910,4567,137,1,98300,15
13911,4568,50,1,76133,0
13912,4568,45,3,4793,10
13913,4569,56,3,39996,10
13914,4569,40,3,8292,20
13915,4569,12,3,8038,15
13916,4569,18,1,69910,0
13917,4569,11,2,12063,0
13918,4570,80,1,25826,0
13919,4570,120,3,22987,20
13920,4570,140,2,13494,0
13921,4570,64,1,11154,0
13922,4571,90,2,2547,0
13923,4571,67,1,1118,0
13924,4572,129,1,22197,0
13925,4572,135,3,4575,0
13926,4572,13,3,6575,15
13927,4573,19,3,8855,0
13928,4573,25,3,21576,10
13929,4573,3,2,4862,20
13930,4573,78,3,25106,15
13931,4574,81,2,1827,0
13932,4574,39,2,11179,10
13933,4575,79,2,7718,20
13934,4575,76,2,21281,20
13935,4575,18,2,69910,20
13936,4575,148,3,23262,10
13937,4576,120,2,22987,0
13938,4576,50,3,76133,5
13939,4576,112,2,8812,20
13940,4576,35,3,3958,10
13941,4576,6,3,2386,0
13942,4577,8,3,7533,15
13943,4578,105,2,5388,0
13944,4579,85,1,96244,20
13945,4580,112,3,8812,0
13946,4580,7,2,1137,20
13947,4580,97,1,31743,10
13948,4580,74,2,5168,15
13949,4580,115,3,3558,10
13950,4581,70,1,23703,20
13951,4582,147,2,7155,0
13952,4582,120,1,22987,0
13953,4582,88,3,2914,10
13954,4582,35,2,3958,0
13955,4583,15,2,4792,15
13956,4583,47,2,26189,0
13957,4583,20,1,12448,0
13958,4583,17,1,22827,20
13959,4583,58,1,5881,0
13960,4584,127,3,7024,0
13961,4584,83,3,4219,20
13962,4585,106,1,8943,0
13963,4585,11,1,12063,0
13964,4585,71,2,6424,0
13965,4585,26,3,19472,0
13966,4585,103,3,5734,0
13967,4586,123,3,5135,0
13968,4586,77,3,16368,0
13969,4586,115,1,3558,0
13970,4587,148,1,23262,0
13971,4587,22,3,7737,10
13972,4587,136,2,18015,0
13973,4588,41,3,62050,0
13974,4588,96,3,31762,15
13975,4588,145,2,2749,20
13976,4588,9,1,10988,5
13977,4588,74,1,5168,0
13978,4589,103,2,5734,20
13979,4589,94,3,24419,0
13980,4589,90,1,2547,0
13981,4589,109,1,7325,15
13982,4589,149,3,21714,0
13983,4590,42,1,12253,20
13984,4590,123,3,5135,0
13985,4590,99,2,10798,0
13986,4590,18,1,69910,10
13987,4590,57,1,43577,15
13988,4591,13,3,6575,0
13989,4591,31,1,18801,15
13990,4592,21,3,22149,0
13991,4592,115,3,3558,15
13992,4592,17,3,22827,0
13993,4592,27,1,5124,20
13994,4593,26,2,19472,0
13995,4593,99,3,10798,20
13996,4594,134,2,3277,0
13997,4595,69,3,1763,15
13998,4595,6,1,2386,0
13999,4596,146,1,2879,0
14000,4596,23,1,12370,15
14001,4596,144,1,6276,0
14002,4597,133,1,7704,0
14003,4597,100,2,10475,0
14004,4597,132,3,29436,10
14005,4597,140,3,13494,0
14006,4597,70,3,23703,20
14007,4598,38,2,61947,0
14008,4598,144,2,6276,15
14009,4598,138,1,5435,15
14010,4599,112,2,8812,20
14011,4599,53,1,6141,20
14012,4599,41,2,62050,15
14013,4599,2,3,4027,5
14014,4599,92,1,1168,20
14015,4600,3,1,4862,0
14016,4600,78,3,25106,0
14017,4601,140,1,13494,15
14018,4601,128,2,8256,0
14019,4601,78,1,25106,0
14020,4601,59,3,11729,0
14021,4602,29,1,5679,15
14022,4602,2,2,4027,0
14023,4602,59,2,11729,0
14024,4602,25,2,21576,10
14025,4602,19,2,8855,10
14026,4603,137,1,98300,0
14027,4603,82,2,20813,0
14028,4603,77,2,16368,0
14029,4604,62,1,12613,10
14030,4604,149,3,21714,10
14031,4605,23,1,12370,5
14032,4605,87,1,6253,20
14033,4605,139,1,36748,5
14034,4605,145,1,2749,0
14035,4606,82,3,20813,15
14036,4606,119,3,5947,5
14037,4606,141,1,20886,0
14038,4606,112,1,8812,20
14039,4606,57,1,43577,0
14040,4607,83,3,4219,0
14041,4608,103,2,5734,10
14042,4608,94,2,24419,10
14043,4609,67,1,1118,10
14044,4609,32,1,34048,10
14045,4610,68,1,21251,15
14046,4611,72,2,56852,0
14047,4611,13,3,6575,20
14048,4611,70,3,23703,20
14049,4611,75,1,15710,15
14050,4612,20,2,12448,0
14051,4612,76,1,21281,0
14052,4613,46,2,24848,0
14053,4614,94,2,24419,5
14054,4615,37,2,13473,0
14055,4615,39,3,11179,15
14056,4615,51,2,17314,15
14057,4615,117,1,16602,15
14058,4615,112,2,8812,0
14059,4616,85,2,96244,5
14060,4616,123,2,5135,20
14061,4616,74,3,5168,15
14062,4617,129,2,22197,0
14063,4617,63,1,32668,0
14064,4618,66,3,14182,20
14065,4618,15,1,4792,10
14066,4618,135,2,4575,10
14067,4618,17,1,22827,20
14068,4619,65,1,4314,0
14069,4619,18,2,69910,0
14070,4620,54,2,23925,0
14071,4620,107,2,2852,0
14072,4620,106,1,8943,5
14073,4621,124,2,802,10
14074,4621,75,3,15710,15
14075,4621,1,2,22303,0
14076,4621,57,2,43577,20
14077,4621,55,3,11943,0
14078,4622,28,2,5795,0
14079,4622,87,3,6253,20
14080,4623,145,1,2749,0
14081,4623,43,2,69132,0
14082,4623,110,3,1902,0
14083,4623,130,2,3932,5
14084,4623,17,2,22827,0
14085,4624,93,2,44770,5
14086,4624,74,2,5168,15
14087,4624,19,1,8855,0
14088,4624,80,2,25826,0
14089,4625,124,2,802,5
14090,4625,27,1,5124,20
14091,4625,119,2,5947,0
14092,4625,38,3,61947,5
14093,4626,143,3,3379,20
14094,4626,47,3,26189,10
14095,4626,56,3,39996,0
14096,4626,58,2,5881,10
14097,4627,50,1,76133,10
14098,4627,21,2,22149,10
14099,4628,88,1,2914,0
14100,4628,31,3,18801,20
14101,4629,1,2,22303,10
14102,4629,11,3,12063,0
14103,4629,79,2,7718,20
14104,4630,105,2,5388,20
14105,4631,36,1,6799,15
14106,4631,106,2,8943,15
14107,4631,146,3,2879,5
14108,4631,104,2,1014,20
14109,4632,35,2,3958,0
14110,4632,129,1,22197,20
14111,4632,65,2,4314,0
14112,4633,138,3,5435,10
14113,4633,63,1,32668,0
14114,4634,2,3,4027,0
14115,4634,128,2,8256,5
14116,4635,47,2,26189,0
14117,4635,100,1,10475,10
14118,4635,112,3,8812,0
14119,4635,19,1,8855,10
14120,4635,117,1,16602,0
14121,4636,23,2,12370,15
14122,4636,111,2,5235,10
14123,4636,87,2,6253,5
14124,4636,25,2,21576,0
14125,4637,147,1,7155,0
14126,4637,143,3,3379,0
14127,4638,32,2,34048,20
14128,4638,50,2,76133,10
14129,4638,107,3,2852,0
14130,4638,21,2,22149,5
14131,4638,124,2,802,0
14132,4639,7,1,1137,0
14133,4639,86,3,5085,0
14134,4639,80,2,25826,0
14135,4639,127,2,7024,15
14136,4640,68,3,21251,5
14137,4640,128,2,8256,10
14138,4640,30,1,64462,5
14139,4640,136,1,18015,15
14140,4640,21,1,22149,15
14141,4641,128,1,8256,0
14142,4641,108,1,83584,0
14143,4641,104,1,1014,15
14144,4641,13,1,6575,15
14145,4642,37,2,13473,0
14146,4642,67,1,1118,0
14147,4643,108,1,83584,15
14148,4643,50,1,76133,0
14149,4643,29,2,5679,0
14150,4644,109,2,7325,15
14151,4644,89,2,32102,0
14152,4644,70,2,23703,20
14153,4644,93,2,44770,0
14154,4644,43,2,69132,15
14155,4645,48,2,4231,15
14156,4645,110,2,1902,0
14157,4645,40,1,8292,15
14158,4645,138,3,5435,15
14159,4645,131,1,18705,15
14160,4646,80,1,25826,20
14161,4647,78,3,25106,10
14162,4647,123,3,5135,15
14163,4647,12,3,8038,0
14164,4647,6,3,2386,10
14165,4647,112,1,8812,0
14166,4648,134,1,3277,15
14167,4649,15,3,4792,0
14168,4649,104,3,1014,0
14169,4649,144,1,6276,10
14170,4649,143,1,3379,0
14171,4649,127,3,7024,20
14172,4650,146,2,2879,0
14173,4650,135,3,4575,15
14174,4651,123,1,5135,0
14175,4651,15,3,4792,0
14176,4651,62,1,12613,0
14177,4651,126,1,44365,0
14178,4651,134,3,3277,20
14179,4652,83,1,4219,0
14180,4652,81,1,1827,0
14181,4652,34,1,19613,15
14182,4652,3,3,4862,10
14183,4652,71,2,6424,0
14184,4653,132,3,29436,0
14185,4653,142,2,7481,20
14186,4653,19,1,8855,0
14187,4654,84,3,13163,0
14188,4654,132,1,29436,15
14189,4654,59,3,11729,0
14190,4654,46,1,24848,0
14191,4655,75,1,15710,0
14192,4655,60,3,87675,10
14193,4656,31,1,18801,0
14194,4656,126,3,44365,15
14195,4656,74,1,5168,15
14196,4656,14,1,34891,0
14197,4657,42,1,12253,5
14198,4657,133,3,7704,20
14199,4657,56,2,39996,20
14200,4657,73,2,4391,0
14201,4658,2,2,4027,0
14202,4658,28,3,5795,15
14203,4659,41,2,62050,0
14204,4659,40,2,8292,15
14205,4659,21,2,22149,20
14206,4659,60,3,87675,0
14207,4659,55,1,11943,15
14208,4660,80,3,25826,5
14209,4660,52,1,10374,20
14210,4660,9,2,10988,0
14211,4660,111,1,5235,0
14212,4660,38,3,61947,0
14213,4661,89,2,32102,10
14214,4661,146,3,2879,0
14215,4661,104,1,1014,5
14216,4662,144,2,6276,15
14217,4662,120,2,22987,15
14218,4662,115,1,3558,0
14219,4663,85,1,96244,0
14220,4663,43,3,69132,20
14221,4663,34,3,19613,20
14222,4664,106,3,8943,5
14223,4664,128,1,8256,0
14224,4664,149,2,21714,0
14225,4664,90,1,2547,20
14226,4665,46,3,24848,15
14227,4665,57,2,43577,15
14228,4665,149,1,21714,0
14229,4666,13,2,6575,0
14230,4666,136,3,18015,10
14231,4666,86,2,5085,10
14232,4667,14,3,34891,10
14233,4667,82,3,20813,10
14234,4667,65,3,4314,10
14235,4667,148,2,23262,10
14236,4667,129,3,22197,20
14237,4668,40,2,8292,10
14238,4669,36,3,6799,10
14239,4669,28,1,5795,0
14240,4669,142,1,7481,20
14241,4670,25,3,21576,0
14242,4670,88,1,2914,0
14243,4670,62,2,12613,20
14244,4670,6,2,2386,5
14245,4670,44,1,35472,0
14246,4671,146,1,2879,15
14247,4671,82,1,20813,20
14248,4672,67,3,1118,0
14249,4672,38,3,61947,20
14250,4673,116,1,49805,5
14251,4674,24,3,22479,20
14252,4675,93,3,44770,0
14253,4675,4,1,9654,15
14254,4675,40,3,8292,0
14255,4675,80,2,25826,20
14256,4675,110,3,1902,0
14257,4676,133,3,7704,0
14258,4676,63,3,32668,20
14259,4676,4,2,9654,0
14260,4676,89,2,32102,0
14261,4676,26,2,19472,0
14262,4677,3,1,4862,0
14263,4677,76,1,21281,0
14264,4677,81,2,1827,10
14265,4678,54,2,23925,0
14266,4678,108,2,83584,20
14267,4678,19,1,8855,0
14268,4679,143,3,3379,20
14269,4679,119,2,5947,5
14270,4680,136,1,18015,0
14271,4680,54,3,23925,0
14272,4680,103,3,5734,15
14273,4680,65,1,4314,5
14274,4680,55,3,11943,20
14275,4681,128,1,8256,10
14276,4681,9,2,10988,0
14277,4681,19,3,8855,15
14278,4681,81,1,1827,5
14279,4681,103,3,5734,20
14280,4682,63,1,32668,0
14281,4682,24,1,22479,10
14282,4682,82,3,20813,15
14283,4682,105,1,5388,0
14284,4682,75,1,15710,20
14285,4683,82,1,20813,0
14286,4683,122,2,5675,0
14287,4683,133,2,7704,20
14288,4683,57,3,43577,15
14289,4684,38,1,61947,5
14290,4684,82,1,20813,10
14291,4685,107,2,2852,0
14292,4685,41,1,62050,0
14293,4685,122,3,5675,15
14294,4686,117,3,16602,10
14295,4687,20,2,12448,20
14296,4687,42,2,12253,0
14297,4687,90,1,2547,10
14298,4687,14,2,34891,0
14299,4687,50,2,76133,5
14300,4688,72,2,56852,0
14301,4688,29,3,5679,15
14302,4689,16,1,11167,0
14303,4689,69,3,1763,0
14304,4689,109,2,7325,0
14305,4689,80,2,25826,5
14306,4690,20,3,12448,15
14307,4690,58,2,5881,20
14308,4691,60,1,87675,0
14309,4691,134,3,3277,0
14310,4691,128,2,8256,0
14311,4691,131,2,18705,10
14312,4692,29,2,5679,0
14313,4692,37,1,13473,0
14314,4692,137,3,98300,10
14315,4692,40,3,8292,20
14316,4693,20,1,12448,0
14317,4693,83,2,4219,0
14318,4693,11,2,12063,0
14319,4693,110,3,1902,0
14320,4693,149,2,21714,0
14321,4694,141,2,20886,10
14322,4694,106,1,8943,0
14323,4694,136,2,18015,20
14324,4695,52,1,10374,0
14325,4695,145,1,2749,0
14326,4695,115,2,3558,0
14327,4695,85,2,96244,20
14328,4696,80,1,25826,5
14329,4696,126,3,44365,5
14330,4696,131,1,18705,0
14331,4696,2,3,4027,0
14332,4697,100,2,10475,10
14333,4697,66,3,14182,0
14334,4697,20,2,12448,15
14335,4697,56,1,39996,0
14336,4698,44,3,35472,0
14337,4699,94,2,24419,20
14338,4699,97,1,31743,0
14339,4699,38,2,61947,20
14340,4699,78,2,25106,20
14341,4699,14,1,34891,15
14342,4700,139,3,36748,0
14343,4700,13,3,6575,0
14344,4700,84,1,13163,10
14345,4701,100,1,10475,0
14346,4701,133,1,7704,0
14347,4702,44,3,35472,10
14348,4703,137,3,98300,5
14349,4703,106,3,8943,0
14350,4703,93,2,44770,0
14351,4703,119,3,5947,20
14352,4703,26,3,19472,15
14353,4704,59,2,11729,20
14354,4704,101,3,104734,20
14355,4705,62,2,12613,15
14356,4705,15,1,4792,5
14357,4705,63,2,32668,10
14358,4706,29,2,5679,0
14359,4707,104,3,1014,5
14360,4707,82,2,20813,5
14361,4707,16,1,11167,20
14362,4707,99,3,10798,0
14363,4707,120,2,22987,10
14364,4708,128,2,8256,0
14365,4708,62,3,12613,15
14366,4708,5,1,12605,0
14367,4709,4,3,9654,10
14368,4709,30,2,64462,10
14369,4710,129,2,22197,20
14370,4711,116,3,49805,5
14371,4711,79,3,7718,0
14372,4711,81,1,1827,20
14373,4711,60,2,87675,0
14374,4711,6,2,2386,10
14375,4712,18,3,69910,0
14376,4712,91,3,4612,0
14377,4712,116,2,49805,5
14378,4712,123,1,5135,0
14379,4712,128,3,8256,0
14380,4713,58,3,5881,5
14381,4713,25,1,21576,20
14382,4713,106,3,8943,5
14383,4713,76,2,21281,10
14384,4714,79,1,7718,15
14385,4714,135,2,4575,0
14386,4714,29,1,5679,0
14387,4714,144,1,6276,10
14388,4715,31,2,18801,5
14389,4715,24,1,22479,20
14390,4715,132,2,29436,20
14391,4716,27,2,5124,20
14392,4717,124,3,802,20
14393,4717,137,1,98300,0
14394,4718,18,3,69910,0
14395,4718,111,2,5235,0
14396,4719,13,2,6575,5
14397,4720,32,3,34048,0
14398,4720,99,3,10798,15
14399,4720,116,2,49805,20
14400,4720,24,1,22479,0
14401,4721,69,2,1763,5
14402,4721,95,1,5785,5
14403,4721,78,3,25106,0
14404,4721,22,2,7737,0
14405,4721,103,1,5734,5
14406,4722,9,2,10988,0
14407,4723,49,3,5982,0
14408,4723,41,1,62050,20
14409,4723,35,2,3958,20
14410,4724,80,2,25826,0
14411,4725,39,3,11179,10
14412,4725,1,2,22303,20
14413,4725,101,1,104734,0
14414,4726,128,1,8256,0
14415,4726,8,1,7533,5
14416,4726,32,2,34048,0
14417,4726,133,1,7704,0
14418,4726,105,1,5388,0
14419,4727,146,2,2879,15
14420,4727,1,2,22303,0
14421,4727,26,3,19472,20
14422,4728,45,1,4793,10
14423,4728,42,2,12253,20
14424,4729,97,1,31743,20
14425,4730,52,3,10374,0
14426,4730,79,2,7718,0
14427,4730,143,3,3379,20
14428,4730,148,3,23262,0
14429,4730,20,2,12448,15
14430,4731,56,1,39996,15
14431,4731,83,2,4219,20
14432,4731,76,2,21281,5
14433,4732,59,1,11729,0
14434,4733,131,2,18705,0
14435,4734,136,1,18015,5
14436,4734,2,3,4027,5
14437,4734,125,3,106692,0
14438,4735,57,3,43577,10
14439,4735,17,1,22827,5
14440,4735,5,3,12605,5
14441,4735,73,1,4391,10
14442,4735,91,1,4612,10
14443,4736,97,1,31743,0
14444,4736,17,1,22827,20
14445,4736,93,3,44770,5
14446,4736,43,2,69132,0
14447,4736,130,2,3932,5
14448,4737,89,2,32102,0
14449,4737,7,1,1137,0
14450,4737,67,3,1118,10
14451,4737,140,2,13494,20
14452,4738,71,3,6424,0
14453,4738,48,2,4231,20
14454,4739,92,3,1168,15
14455,4740,146,3,2879,0
14456,4740,104,3,1014,10
14457,4740,18,1,69910,0
14458,4741,31,3,18801,5
14459,4742,139,1,36748,0
14460,4743,139,1,36748,0
14461,4743,1,2,22303,0
14462,4743,142,3,7481,15
14463,4743,134,2,3277,5
14464,4744,126,2,44365,0
14465,4744,17,3,22827,20
14466,4744,60,2,87675,10
14467,4745,130,3,3932,0
14468,4745,43,3,69132,0
14469,4746,39,1,11179,0
14470,4746,23,3,12370,5
14471,4746,62,3,12613,0
14472,4746,130,2,3932,5
14473,4747,15,1,4792,0
14474,4747,41,1,62050,5
14475,4747,40,1,8292,0
14476,4747,78,1,25106,10
14477,4748,24,3,22479,20
14478,4748,81,2,1827,20
14479,4748,60,1,87675,20
14480,4748,34,2,19613,20
14481,4748,64,1,11154,0
14482,4749,131,1,18705,0
14483,4750,123,2,5135,0
14484,4750,126,1,44365,10
14485,4750,20,2,12448,15
14486,4750,56,2,39996,10
14487,4750,12,1,8038,15
14488,4751,117,2,16602,15
14489,4751,76,1,21281,10
14490,4751,43,2,69132,10
14491,4751,125,2,106692,0
14492,4752,86,3,5085,5
14493,4752,82,3,20813,15
14494,4752,19,2,8855,0
14495,4752,60,3,87675,15
14496,4752,34,3,19613,0
14497,4753,55,2,11943,0
14498,4753,70,1,23703,0
14499,4754,3,3,4862,10
14500,4755,141,3,20886,5
14501,4756,118,3,2198,0
14502,4756,77,2,16368,0
14503,4756,107,2,2852,20
14504,4756,3,2,4862,5
14505,4756,122,2,5675,0
14506,4757,99,1,10798,0
14507,4757,51,2,17314,10
14508,4758,31,3,18801,20
14509,4758,141,2,20886,0
14510,4759,24,2,22479,10
14511,4759,92,1,1168,15
14512,4759,20,3,12448,0
14513,4759,105,2,5388,0
14514,4760,49,1,5982,20
14515,4760,65,3,4314,0
14516,4760,7,1,1137,5
14517,4760,103,3,5734,0
14518,4760,116,3,49805,20
14519,4761,126,2,44365,15
14520,4761,32,3,34048,20
14521,4761,58,2,5881,20
14522,4761,17,2,22827,0
14523,4762,91,3,4612,10
14524,4762,144,3,6276,0
14525,4763,96,1,31762,15
14526,4763,31,2,18801,15
14527,4763,64,3,11154,0
14528,4763,51,2,17314,0
14529,4763,60,1,87675,0
14530,4764,34,3,19613,10
14531,4764,115,1,3558,15
14532,4764,135,2,4575,20
14533,4765,135,3,4575,10
14534,4765,32,3,34048,15
14535,4766,116,2,49805,0
14536,4766,84,3,13163,0
14537,4766,112,3,8812,20
14538,4766,76,1,21281,10
14539,4767,108,2,83584,0
14540,4767,80,2,25826,5
14541,4767,99,3,10798,10
14542,4767,72,3,56852,15
14543,4768,107,1,2852,20
14544,4768,63,3,32668,10
14545,4769,51,3,17314,10
14546,4770,94,2,24419,15
14547,4771,145,3,2749,0
14548,4771,117,2,16602,15
14549,4772,29,3,5679,5
14550,4772,66,3,14182,0
14551,4772,118,3,2198,0
14552,4772,73,2,4391,15
14553,4772,17,1,22827,10
14554,4773,94,1,24419,20
14555,4773,11,1,12063,10
14556,4774,60,2,87675,0
14557,4774,49,2,5982,20
14558,4774,45,1,4793,20
14559,4774,142,1,7481,5
14560,4775,40,3,8292,10
14561,4775,25,3,21576,0
14562,4775,135,1,4575,0
14563,4776,86,1,5085,0
14564,4777,24,3,22479,0
14565,4777,71,2,6424,0
14566,4777,125,1,106692,0
14567,4777,115,1,3558,10
14568,4777,15,2,4792,5
14569,4778,53,2,6141,0
14570,4778,70,3,23703,0
14571,4778,104,3,1014,0
14572,4779,59,1,11729,0
14573,4779,3,3,4862,0
14574,4780,76,2,21281,0
14575,4780,48,3,4231,15
14576,4781,4,1,9654,0
14577,4781,1,3,22303,0
14578,4781,29,1,5679,0
14579,4782,27,2,5124,5
14580,4782,81,2,1827,15
14581,4782,104,1,1014,5
14582,4783,129,2,22197,15
14583,4783,52,2,10374,0
14584,4784,71,1,6424,0
14585,4784,117,3,16602,10
14586,4784,45,3,4793,0
14587,4785,132,2,29436,20
14588,4786,103,3,5734,0
14589,4786,29,2,5679,10
14590,4787,80,3,25826,10
14591,4787,16,2,11167,0
14592,4787,83,2,4219,0
14593,4788,84,2,13163,0
14594,4788,101,2,104734,5
14595,4788,127,1,7024,0
14596,4789,37,2,13473,0
14597,4789,48,3,4231,0
14598,4789,7,2,1137,0
14599,4790,27,1,5124,15
14600,4791,80,1,25826,10
14601,4791,59,1,11729,0
14602,4791,69,1,1763,15
14603,4791,47,3,26189,10
14604,4791,50,3,76133,0
14605,4792,30,1,64462,0
14606,4792,65,1,4314,15
14607,4792,122,3,5675,5
14608,4793,136,2,18015,5
14609,4794,44,2,35472,20
14610,4794,86,1,5085,20
14611,4794,144,2,6276,0
14612,4795,67,2,1118,0
14613,4795,115,3,3558,5
14614,4795,15,1,4792,0
14615,4796,9,2,10988,0
14616,4796,117,3,16602,0
14617,4796,71,2,6424,15
14618,4796,32,3,34048,0
14619,4797,132,2,29436,0
14620,4797,14,1,34891,10
14621,4797,27,3,5124,0
14622,4798,92,3,1168,15
14623,4798,2,3,4027,0
14624,4798,86,3,5085,5
14625,4799,136,2,18015,10
14626,4799,17,1,22827,0
14627,4799,149,1,21714,0
14628,4799,94,1,24419,20
14629,4800,96,1,31762,0
14630,4800,71,1,6424,10
14631,4800,133,2,7704,0
14632,4800,15,1,4792,15
14633,4801,80,1,25826,0
14634,4801,11,1,12063,0
14635,4802,105,2,5388,0
14636,4802,7,2,1137,15
14637,4802,107,3,2852,0
14638,4803,34,1,19613,0
14639,4803,112,3,8812,0
14640,4803,101,2,104734,5
14641,4804,90,2,2547,0
14642,4804,79,1,7718,0
14643,4804,52,1,10374,10
14644,4805,34,1,19613,15
14645,4806,7,1,1137,20
14646,4806,9,3,10988,15
14647,4806,122,2,5675,10
14648,4806,135,2,4575,0
14649,4806,140,3,13494,5
14650,4807,24,2,22479,0
14651,4807,118,3,2198,10
14652,4808,133,2,7704,10
14653,4808,38,3,61947,0
14654,4809,62,2,12613,5
14655,4809,75,3,15710,0
14656,4809,101,3,104734,0
14657,4809,140,1,13494,10
14658,4809,141,2,20886,20
14659,4810,4,3,9654,0
14660,4810,25,3,21576,5
14661,4810,90,1,2547,20
14662,4810,63,1,32668,0
14663,4810,99,1,10798,0
14664,4811,37,1,13473,5
14665,4811,103,1,5734,10
14666,4811,145,2,2749,0
14667,4811,108,3,83584,0
14668,4811,17,2,22827,0
14669,4812,101,2,104734,20
14670,4812,25,2,21576,0
14671,4812,81,2,1827,0
14672,4812,43,1,69132,5
14673,4813,24,1,22479,10
14674,4814,74,3,5168,10
14675,4814,28,2,5795,0
14676,4814,54,3,23925,10
14677,4814,86,2,5085,5
14678,4815,25,2,21576,20
14679,4815,121,3,31449,0
14680,4816,110,1,1902,0
14681,4816,92,2,1168,0
14682,4816,104,2,1014,0
14683,4817,7,1,1137,0
14684,4818,126,2,44365,0
14685,4818,101,2,104734,15
14686,4818,8,3,7533,0
14687,4818,105,2,5388,10
14688,4819,83,2,4219,15
14689,4819,136,1,18015,20
14690,4819,77,2,16368,0
14691,4819,47,3,26189,0
14692,4819,25,1,21576,15
14693,4820,24,2,22479,0
14694,4820,54,3,23925,5
14695,4820,118,3,2198,0
14696,4820,130,3,3932,15
14697,4820,30,3,64462,15
14698,4821,143,2,3379,10
14699,4821,35,2,3958,0
14700,4822,127,3,7024,10
14701,4822,65,2,4314,0
14702,4822,57,1,43577,20
14703,4822,53,3,6141,0
14704,4822,13,3,6575,0
14705,4823,78,3,25106,5
14706,4824,79,2,7718,5
14707,4824,104,2,1014,10
14708,4825,4,1,9654,20
14709,4826,25,1,21576,0
14710,4826,93,1,44770,5
14711,4826,94,3,24419,10
14712,4826,146,3,2879,5
14713,4826,144,2,6276,0
14714,4827,100,1,10475,0
14715,4827,27,3,5124,10
14716,4828,77,1,16368,0
14717,4828,96,1,31762,5
14718,4828,123,2,5135,10
14719,4829,43,2,69132,0
14720,4829,75,2,15710,0
14721,4830,60,2,87675,5
14722,4830,120,2,22987,15
14723,4831,121,1,31449,20
14724,4832,137,2,98300,5
14725,4832,124,3,802,0
14726,4832,106,2,8943,15
14727,4833,120,1,22987,20
14728,4834,15,2,4792,5
14729,4834,31,1,18801,0
14730,4834,130,3,3932,0
14731,4834,25,3,21576,20
14732,4835,85,2,96244,20
14733,4835,22,1,7737,10
14734,4835,104,3,1014,0
14735,4835,76,2,21281,0
14736,4836,73,1,4391,0
14737,4837,126,1,44365,0
14738,4837,146,1,2879,10
14739,4837,117,2,16602,0
14740,4837,88,3,2914,10
14741,4837,22,2,7737,10
14742,4838,32,2,34048,5
14743,4838,116,1,49805,15
14744,4838,132,3,29436,10
14745,4838,19,2,8855,5
14746,4838,86,2,5085,20
14747,4839,6,3,2386,20
14748,4839,54,2,23925,0
14749,4840,90,2,2547,15
14750,4841,91,3,4612,0
14751,4841,24,1,22479,5
14752,4841,29,3,5679,20
14753,4841,147,2,7155,20
14754,4841,149,3,21714,5
14755,4842,31,2,18801,5
14756,4842,68,2,21251,5
14757,4842,109,3,7325,0
14758,4843,26,3,19472,0
14759,4843,54,1,23925,15
14760,4844,92,2,1168,0
14761,4844,126,1,44365,0
14762,4844,26,2,19472,10
14763,4844,59,2,11729,0
14764,4844,94,1,24419,15
14765,4845,140,3,13494,10
14766,4845,121,3,31449,0
14767,4846,106,3,8943,5
14768,4846,15,3,4792,0
14769,4846,74,3,5168,5
14770,4846,1,1,22303,10
14771,4847,117,3,16602,10
14772,4847,46,3,24848,20
14773,4847,32,2,34048,0
14774,4847,2,1,4027,15
14775,4848,107,3,2852,15
14776,4848,126,1,44365,0
14777,4848,99,3,10798,5
14778,4848,74,1,5168,0
14779,4849,100,3,10475,10
14780,4849,17,1,22827,0
14781,4849,137,3,98300,5
14782,4850,75,3,15710,15
14783,4851,23,2,12370,15
14784,4851,19,3,8855,10
14785,4851,117,1,16602,0
14786,4851,57,2,43577,20
14787,4852,121,1,31449,20
14788,4852,132,1,29436,0
14789,4852,1,3,22303,0
14790,4852,120,3,22987,0
14791,4852,129,3,22197,0
14792,4853,58,2,5881,5
14793,4853,39,3,11179,20
14794,4853,26,2,19472,20
14795,4853,6,1,2386,0
14796,4853,57,3,43577,0
14797,4854,7,3,1137,20
14798,4854,139,3,36748,20
14799,4854,58,1,5881,10
14800,4854,29,1,5679,0
14801,4855,146,1,2879,0
14802,4855,148,3,23262,0
14803,4855,58,2,5881,0
14804,4856,147,1,7155,10
14805,4856,107,2,2852,0
14806,4856,140,3,13494,10
14807,4856,99,3,10798,15
14808,4856,149,2,21714,5
14809,4857,46,2,24848,0
14810,4857,145,1,2749,20
14811,4858,132,2,29436,0
14812,4859,119,2,5947,0
14813,4859,23,1,12370,0
14814,4859,41,2,62050,15
14815,4859,73,1,4391,20
14816,4860,149,1,21714,0
14817,4861,6,3,2386,20
14818,4862,73,1,4391,0
14819,4862,128,2,8256,0
14820,4862,49,1,5982,20
14821,4862,5,2,12605,0
14822,4863,49,3,5982,0
14823,4863,95,1,5785,15
14824,4864,106,3,8943,5
14825,4864,34,1,19613,20
14826,4865,56,1,39996,5
14827,4865,19,1,8855,0
14828,4865,142,2,7481,5
14829,4865,133,1,7704,0
14830,4866,129,3,22197,5
14831,4866,20,3,12448,5
14832,4866,21,1,22149,0
14833,4867,7,1,1137,5
14834,4867,126,3,44365,5
14835,4867,21,2,22149,10
14836,4868,59,3,11729,0
14837,4868,78,3,25106,0
14838,4868,47,1,26189,0
14839,4868,126,2,44365,0
14840,4868,31,2,18801,15
14841,4869,84,1,13163,5
14842,4869,121,3,31449,0
14843,4870,32,3,34048,0
14844,4870,72,3,56852,15
14845,4870,59,3,11729,0
14846,4871,131,1,18705,15
14847,4871,22,1,7737,5
14848,4871,136,1,18015,0
14849,4871,12,2,8038,5
14850,4871,25,2,21576,15
14851,4872,84,2,13163,0
14852,4872,109,2,7325,15
14853,4872,125,2,106692,5
14854,4872,95,2,5785,5
14855,4873,138,3,5435,20
14856,4873,28,3,5795,0
14857,4873,106,1,8943,0
14858,4874,69,3,1763,0
14859,4874,94,3,24419,0
14860,4874,54,3,23925,15
14861,4874,37,1,13473,0
14862,4875,139,2,36748,20
14863,4875,52,3,10374,0
14864,4875,84,3,13163,10
14865,4875,12,1,8038,5
14866,4875,15,2,4792,0
14867,4876,145,1,2749,5
14868,4877,11,2,12063,5
14869,4878,14,1,34891,15
14870,4878,135,1,4575,0
14871,4878,95,2,5785,0
14872,4878,11,1,12063,0
14873,4878,88,2,2914,0
14874,4879,13,3,6575,0
14875,4879,89,1,32102,0
14876,4880,95,2,5785,0
14877,4880,99,3,10798,15
14878,4880,47,2,26189,0
14879,4881,32,3,34048,0
14880,4882,148,3,23262,0
14881,4882,13,1,6575,15
14882,4883,72,3,56852,0
14883,4883,34,1,19613,15
14884,4883,128,2,8256,0
14885,4884,79,2,7718,10
14886,4885,130,1,3932,0
14887,4885,4,2,9654,0
14888,4886,55,2,11943,0
14889,4887,53,3,6141,0
14890,4888,83,2,4219,15
14891,4888,53,3,6141,5
14892,4889,48,3,4231,0
14893,4889,22,2,7737,0
14894,4889,89,2,32102,0
14895,4889,62,1,12613,20
14896,4890,149,2,21714,5
14897,4890,74,2,5168,0
14898,4890,76,3,21281,0
14899,4891,29,1,5679,15
14900,4891,54,1,23925,5
14901,4891,51,3,17314,0
14902,4891,99,1,10798,20
14903,4891,64,2,11154,0
14904,4892,104,1,1014,0
14905,4892,99,2,10798,0
14906,4892,145,3,2749,15
14907,4893,53,3,6141,5
14908,4893,91,3,4612,0
14909,4894,17,2,22827,5
14910,4894,131,1,18705,5
14911,4894,35,2,3958,5
14912,4894,68,2,21251,0
14913,4894,143,1,3379,0
14914,4895,147,2,7155,0
14915,4895,125,2,106692,0
14916,4896,51,1,17314,5
14917,4896,62,1,12613,10
14918,4896,70,3,23703,20
14919,4897,99,1,10798,0
14920,4897,103,3,5734,15
14921,4897,4,2,9654,0
14922,4897,79,2,7718,5
14923,4898,90,3,2547,0
14924,4898,135,3,4575,20
14925,4899,87,2,6253,10
14926,4899,13,3,6575,0
14927,4900,105,1,5388,10
14928,4900,7,3,1137,0
14929,4900,106,1,8943,10
14930,4900,40,1,8292,10
14931,4900,116,1,49805,10
14932,4901,69,3,1763,15
14933,4901,96,3,31762,20
14934,4901,115,1,3558,20
14935,4902,96,3,31762,0
14936,4902,49,3,5982,0
14937,4902,129,3,22197,15
14938,4902,83,2,4219,0
14939,4903,34,1,19613,20
14940,4903,92,3,1168,0
14941,4903,22,2,7737,0
14942,4903,71,2,6424,15
14943,4904,136,2,18015,5
14944,4904,76,3,21281,0
14945,4904,83,3,4219,0
14946,4904,13,1,6575,0
14947,4904,31,3,18801,10
14948,4905,147,3,7155,0
14949,4905,37,2,13473,0
14950,4905,140,3,13494,20
14951,4905,70,3,23703,20
14952,4905,71,1,6424,0
14953,4906,100,2,10475,20
14954,4906,31,3,18801,0
14955,4906,44,2,35472,0
14956,4906,29,2,5679,20
14957,4906,130,3,3932,15
14958,4907,81,2,1827,0
14959,4908,96,2,31762,20
14960,4908,6,3,2386,0
14961,4909,139,3,36748,15
14962,4909,32,3,34048,5
14963,4909,65,3,4314,15
14964,4910,71,1,6424,0
14965,4910,100,1,10475,0
14966,4911,18,2,69910,20
14967,4911,139,2,36748,0
14968,4911,140,1,13494,10
14969,4912,149,3,21714,20
14970,4912,76,2,21281,0
14971,4912,94,2,24419,0
14972,4913,123,3,5135,15
14973,4913,48,3,4231,10
14974,4913,30,2,64462,5
14975,4913,50,1,76133,0
14976,4913,137,3,98300,0
14977,4914,40,1,8292,0
14978,4914,55,3,11943,0
14979,4915,118,3,2198,20
14980,4915,51,1,17314,5
14981,4915,36,2,6799,0
14982,4915,100,1,10475,0
14983,4916,101,1,104734,0
14984,4916,55,3,11943,0
14985,4916,135,1,4575,5
14986,4916,76,2,21281,0
14987,4916,133,3,7704,5
14988,4917,89,2,32102,0
14989,4917,136,1,18015,10
14990,4917,70,3,23703,10
14991,4917,6,2,2386,0
14992,4918,122,1,5675,5
14993,4919,25,3,21576,20
14994,4919,1,3,22303,0
14995,4919,100,3,10475,5
14996,4920,72,1,56852,10
14997,4920,121,2,31449,0
14998,4920,70,2,23703,0
14999,4920,90,3,2547,0
15000,4920,4,1,9654,20
15001,4921,115,2,3558,20
15002,4921,29,2,5679,15
15003,4921,26,2,19472,0
15004,4922,15,2,4792,10
15005,4922,31,1,18801,0
15006,4923,51,2,17314,15
15007,4923,30,3,64462,0
15008,4923,21,3,22149,15
15009,4924,87,3,6253,5
15010,4924,16,1,11167,15
15011,4924,148,2,23262,20
15012,4925,4,2,9654,0
15013,4925,17,2,22827,15
15014,4925,104,1,1014,15
15015,4925,3,2,4862,0
15016,4926,74,1,5168,5
15017,4926,6,3,2386,0
15018,4926,26,2,19472,0
15019,4926,79,3,7718,10
15020,4926,75,1,15710,0
15021,4927,29,1,5679,0
15022,4927,93,3,44770,15
15023,4927,95,1,5785,0
15024,4927,43,1,69132,0
15025,4928,148,3,23262,15
15026,4928,37,1,13473,0
15027,4928,104,3,1014,0
15028,4928,99,2,10798,0
15029,4929,86,2,5085,10
15030,4929,110,3,1902,20
15031,4929,7,2,1137,5
15032,4929,72,1,56852,10
15033,4929,87,1,6253,0
15034,4930,28,3,5795,20
15035,4930,49,3,5982,0
15036,4930,66,3,14182,0
15037,4930,68,1,21251,5
15038,4930,69,3,1763,15
15039,4931,17,2,22827,0
15040,4931,46,2,24848,15
15041,4931,63,2,32668,20
15042,4931,16,2,11167,15
15043,4931,130,1,3932,15
15044,4932,67,3,1118,0
15045,4932,121,3,31449,15
15046,4932,110,3,1902,10
15047,4932,19,1,8855,15
15048,4932,9,3,10988,20
15049,4933,76,2,21281,0
15050,4934,62,2,12613,5
15051,4934,37,1,13473,0
15052,4934,93,3,44770,0
15053,4935,73,2,4391,15
15054,4936,91,2,4612,0
15055,4936,95,3,5785,20
15056,4936,24,1,22479,20
15057,4936,80,1,25826,0
15058,4937,80,2,25826,5
15059,4937,29,1,5679,0
15060,4937,82,1,20813,10
15061,4937,65,2,4314,0
15062,4938,63,3,32668,10
15063,4938,94,1,24419,15
15064,4938,77,1,16368,15
15065,4939,12,1,8038,5
15066,4940,85,2,96244,15
15067,4940,52,2,10374,20
15068,4941,19,1,8855,15
15069,4941,79,1,7718,5
15070,4941,74,2,5168,20
15071,4942,125,3,106692,10
15072,4942,141,1,20886,0
15073,4942,145,3,2749,20
15074,4942,22,1,7737,5
15075,4942,28,2,5795,20
15076,4943,126,1,44365,15
15077,4943,13,2,6575,5
15078,4943,68,2,21251,10
15079,4943,39,3,11179,5
15080,4943,99,2,10798,15
15081,4944,103,1,5734,10
15082,4944,8,3,7533,5
15083,4944,132,1,29436,20
15084,4944,2,2,4027,20
15085,4945,42,1,12253,5
15086,4946,130,2,3932,0
15087,4946,62,3,12613,10
15088,4947,87,3,6253,10
15089,4947,78,3,25106,0
15090,4947,106,3,8943,10
15091,4947,1,3,22303,20
15092,4947,109,1,7325,0
15093,4948,75,2,15710,0
15094,4949,92,2,1168,0
15095,4949,112,2,8812,0
15096,4949,68,2,21251,0
15097,4949,93,2,44770,15
15098,4949,4,3,9654,0
15099,4950,77,1,16368,0
15100,4950,26,1,19472,0
15101,4950,132,2,29436,10
15102,4950,16,1,11167,0
15103,4951,116,3,49805,5
15104,4952,87,3,6253,5
15105,4952,115,1,3558,10
15106,4952,2,3,4027,10
15107,4952,36,1,6799,5
15108,4952,26,1,19472,0
15109,4953,121,3,31449,5
15110,4953,126,2,44365,5
15111,4953,40,1,8292,0
15112,4953,41,3,62050,0
15113,4953,103,3,5734,15
15114,4954,13,3,6575,0
15115,4955,105,2,5388,5
15116,4955,93,3,44770,0
15117,4955,19,1,8855,0
15118,4956,25,2,21576,5
15119,4956,131,1,18705,15
15120,4956,34,3,19613,5
15121,4956,139,3,36748,0
15122,4957,146,2,2879,0
15123,4957,84,1,13163,0
15124,4957,70,1,23703,15
15125,4958,149,1,21714,20
15126,4958,25,1,21576,0
15127,4958,62,3,12613,0
15128,4959,89,1,32102,15
15129,4960,103,2,5734,5
15130,4960,45,2,4793,0
15131,4960,76,1,21281,20
15132,4960,1,1,22303,0
15133,4961,137,1,98300,10
15134,4961,19,3,8855,0
15135,4961,101,3,104734,0
15136,4962,104,1,1014,15
15137,4962,30,1,64462,10
15138,4962,80,1,25826,10
15139,4962,95,2,5785,10
15140,4963,104,1,1014,0
15141,4963,21,1,22149,0
15142,4964,22,3,7737,0
15143,4964,36,1,6799,0
15144,4964,83,1,4219,20
15145,4964,18,3,69910,20
15146,4964,87,3,6253,10
15147,4965,13,3,6575,5
15148,4966,121,3,31449,5
15149,4966,95,2,5785,5
15150,4966,126,3,44365,15
15151,4966,62,3,12613,15
15152,4966,127,2,7024,15
15153,4967,9,1,10988,20
15154,4967,130,2,3932,10
15155,4968,80,1,25826,0
15156,4968,22,3,7737,10
15157,4968,52,2,10374,15
15158,4969,78,1,25106,10
15159,4969,69,2,1763,20
15160,4969,35,1,3958,0
15161,4970,40,2,8292,10
15162,4970,93,2,44770,20
15163,4971,3,2,4862,0
15164,4971,93,3,44770,0
15165,4972,55,2,11943,15
15166,4972,115,3,3558,10
15167,4973,48,1,4231,0
15168,4973,41,1,62050,10
15169,4973,21,3,22149,0
15170,4974,57,3,43577,15
15171,4974,59,1,11729,0
15172,4974,55,3,11943,20
15173,4974,13,3,6575,10
15174,4975,5,1,12605,10
15175,4975,138,3,5435,5
15176,4976,55,3,11943,20
15177,4976,85,3,96244,5
15178,4977,3,2,4862,15
15179,4977,96,3,31762,5
15180,4977,146,3,2879,0
15181,4977,142,2,7481,5
15182,4977,123,3,5135,5
15183,4978,73,3,4391,0
15184,4978,43,3,69132,10
15185,4978,54,3,23925,15
15186,4979,50,2,76133,0
15187,4979,128,2,8256,0
15188,4979,8,1,7533,15
15189,4979,40,2,8292,10
15190,4979,12,3,8038,10
15191,4980,148,2,23262,10
15192,4980,56,2,39996,0
15193,4980,108,3,83584,5
15194,4980,51,2,17314,15
15195,4980,29,3,5679,15
15196,4981,68,2,21251,5
15197,4981,91,3,4612,20
15198,4981,74,1,5168,15
15199,4981,87,1,6253,5
15200,4981,65,1,4314,0
15201,4982,20,2,12448,0
15202,4983,105,3,5388,0
15203,4983,100,3,10475,15
15204,4983,140,3,13494,20
15205,4983,72,3,56852,0
15206,4984,26,2,19472,20
15207,4985,112,2,8812,10
15208,4985,3,2,4862,20
15209,4985,101,2,104734,0
15210,4986,119,3,5947,0
15211,4986,5,3,12605,10
15212,4987,144,1,6276,5
15213,4988,141,2,20886,10
15214,4988,36,3,6799,15
15215,4988,118,1,2198,15
15216,4988,57,1,43577,10
15217,4989,59,2,11729,0
15218,4990,58,1,5881,10
15219,4990,52,3,10374,15
15220,4990,80,2,25826,0
15221,4991,55,2,11943,20
15222,4991,52,1,10374,15
15223,4992,116,3,49805,10
15224,4992,60,2,87675,0
15225,4992,26,3,19472,0
15226,4993,34,2,19613,15
15227,4994,46,1,24848,0
15228,4994,56,2,39996,15
15229,4995,139,1,36748,0
15230,4995,148,2,23262,20
15231,4995,76,2,21281,0
15232,4995,115,1,3558,15
15233,4996,128,2,8256,0
15234,4996,45,3,4793,0
15235,4997,120,3,22987,15
15236,4997,69,1,1763,5
15237,4997,29,1,5679,15
15238,4997,148,2,23262,20
15239,4997,21,3,22149,0
15240,4998,145,2,2749,5
15241,4998,38,3,61947,0
15242,4999,100,3,10475,0
15243,4999,122,3,5675,20
15244,5000,128,2,8256,0
15245,5000,63,2,32668,0
15246,5000,127,2,7024,20
15247,5001,34,1,19613,5
15248,5001,146,1,2879,0
15249,5002,29,2,5679,0
15250,5002,88,1,2914,20
15251,5003,73,3,4391,0
15252,5004,107,1,2852,0
15253,5004,73,1,4391,0
15254,5005,123,3,5135,10
15255,5005,86,2,5085,0
15256,5005,90,1,2547,0
15257,5005,70,1,23703,0
15258,5006,140,1,13494,15
15259,5006,89,3,32102,5
15260,5006,125,3,106692,5
15261,5006,110,3,1902,5
15262,5006,2,3,4027,5
15263,5007,52,3,10374,0
15264,5007,105,3,5388,20
15265,5007,9,3,10988,5
15266,5007,134,3,3277,15
15267,5007,140,3,13494,10
15268,5008,141,1,20886,0
15269,5008,20,1,12448,5
15270,5009,89,2,32102,0
15271,5009,41,2,62050,0
15272,5009,101,2,104734,15
15273,5009,70,1,23703,15
15274,5009,107,3,2852,20
15275,5010,82,3,20813,10
15276,5010,103,3,5734,20
15277,5010,127,3,7024,0
15278,5011,71,1,6424,0
15279,5011,130,1,3932,0
15280,5011,77,3,16368,10
15281,5012,26,1,19472,15
15282,5012,79,3,7718,15
15283,5012,47,3,26189,0
15284,5012,76,1,21281,0
15285,5013,79,2,7718,0
15286,5013,9,3,10988,15
15287,5013,109,2,7325,0
15288,5013,115,3,3558,5
15289,5013,85,2,96244,20
15290,5014,23,3,12370,15
15291,5014,85,3,96244,15
15292,5015,72,3,56852,0
15293,5015,134,1,3277,0
15294,5016,5,1,12605,10
15295,5016,17,3,22827,5
15296,5016,105,2,5388,0
15297,5016,145,3,2749,20
15298,5016,83,1,4219,10
15299,5017,51,1,17314,15
15300,5017,47,1,26189,20
15301,5017,2,2,4027,0
15302,5017,11,3,12063,20
15303,5017,143,3,3379,10
15304,5018,139,2,36748,0
15305,5019,1,1,22303,0
15306,5019,103,1,5734,0
15307,5019,74,3,5168,0
15308,5020,100,1,10475,0
15309,5020,17,1,22827,0
15310,5021,58,3,5881,10
15311,5022,134,2,3277,0
15312,5022,63,1,32668,0
15313,5023,15,3,4792,20
15314,5024,25,2,21576,10
15315,5024,1,2,22303,10
15316,5025,86,3,5085,15
15317,5025,32,3,34048,15
15318,5026,24,3,22479,0
15319,5026,132,3,29436,20
15320,5026,110,3,1902,15
15321,5026,65,1,4314,0
15322,5026,6,2,2386,0
15323,5027,78,1,25106,0
15324,5028,93,3,44770,15
15325,5028,103,1,5734,15
15326,5028,40,1,8292,10
15327,5029,99,1,10798,0
15328,5029,40,3,8292,15
15329,5029,55,3,11943,0
15330,5029,124,1,802,15
15331,5030,116,2,49805,20
15332,5031,26,1,19472,0
15333,5032,45,3,4793,10
15334,5032,83,2,4219,20
15335,5033,116,2,49805,20
15336,5033,148,1,23262,10
15337,5033,138,1,5435,20
15338,5033,128,1,8256,15
15339,5033,149,3,21714,0
15340,5034,4,1,9654,5
15341,5034,39,2,11179,20
15342,5034,109,3,7325,15
15343,5035,36,2,6799,10
15344,5035,45,1,4793,10
15345,5035,91,1,4612,5
15346,5035,146,1,2879,0
15347,5036,76,2,21281,0
15348,5037,26,1,19472,5
15349,5037,131,3,18705,10
15350,5037,40,1,8292,0
15351,5037,34,1,19613,0
15352,5038,38,2,61947,10
15353,5039,14,2,34891,15
15354,5039,136,1,18015,0
15355,5040,69,3,1763,20
15356,5040,15,2,4792,5
15357,5040,91,2,4612,15
15358,5041,66,2,14182,0
15359,5041,92,3,1168,15
15360,5041,9,3,10988,15
15361,5042,100,2,10475,0
15362,5043,56,3,39996,0
15363,5043,20,2,12448,0
15364,5043,27,1,5124,20
15365,5043,123,3,5135,0
15366,5043,76,1,21281,10
15367,5044,120,3,22987,0
15368,5044,111,1,5235,20
15369,5045,81,1,1827,5
15370,5045,121,1,31449,10
15371,5045,144,3,6276,20
15372,5045,103,1,5734,10
15373,5045,76,3,21281,0
15374,5046,45,1,4793,0
15375,5047,119,2,5947,0
15376,5048,14,3,34891,0
15377,5049,107,2,2852,15
15378,5049,79,3,7718,0
15379,5049,4,2,9654,15
15380,5050,121,3,31449,10
15381,5050,56,1,39996,15
15382,5050,91,3,4612,20
15383,5050,40,3,8292,5
15384,5051,106,1,8943,20
15385,5052,84,1,13163,5
15386,5052,126,1,44365,0
15387,5052,108,2,83584,0
15388,5052,83,2,4219,10
15389,5053,110,3,1902,0
15390,5053,125,2,106692,10
15391,5053,105,3,5388,5
15392,5053,60,1,87675,0
15393,5054,23,1,12370,15
15394,5054,92,3,1168,0
15395,5054,112,2,8812,10
15396,5055,58,3,5881,0
15397,5055,60,1,87675,0
15398,5055,67,2,1118,10
15399,5055,112,2,8812,5
15400,5056,11,3,12063,20
15401,5056,55,3,11943,20
15402,5056,88,1,2914,5
15403,5057,29,2,5679,10
15404,5057,138,2,5435,5
15405,5057,83,1,4219,10
15406,5057,103,3,5734,0
15407,5058,54,3,23925,20
15408,5058,46,2,24848,5
15409,5058,76,1,21281,0
15410,5058,36,2,6799,0
15411,5059,119,1,5947,10
15412,5059,115,1,3558,5
15413,5059,125,3,106692,20
15414,5060,44,3,35472,5
15415,5060,52,2,10374,0
15416,5060,111,2,5235,5
15417,5060,100,3,10475,5
15418,5061,112,2,8812,0
15419,5062,69,1,1763,0
15420,5062,90,3,2547,0
15421,5062,122,3,5675,0
15422,5063,81,3,1827,15
15423,5064,139,3,36748,15
15424,5064,20,1,12448,5
15425,5064,66,1,14182,0
15426,5064,55,3,11943,0
15427,5065,91,1,4612,20
15428,5066,145,2,2749,10
15429,5066,54,2,23925,15
15430,5066,147,1,7155,0
15431,5066,104,3,1014,10
15432,5066,16,3,11167,0
15433,5067,4,3,9654,5
15434,5067,146,2,2879,10
15435,5068,79,2,7718,0
15436,5069,107,1,2852,0
15437,5070,78,3,25106,20
15438,5071,71,3,6424,15
15439,5071,141,2,20886,20
15440,5071,132,3,29436,20
15441,5071,96,1,31762,0
15442,5072,39,2,11179,15
15443,5072,125,2,106692,0
15444,5072,62,3,12613,15
15445,5072,90,3,2547,0
15446,5072,76,2,21281,20
15447,5073,86,3,5085,0
15448,5073,36,3,6799,5
15449,5073,107,3,2852,10
15450,5073,21,1,22149,20
15451,5073,74,2,5168,0
15452,5074,30,1,64462,5
15453,5074,38,1,61947,20
15454,5074,140,2,13494,10
15455,5075,53,2,6141,10
15456,5075,94,3,24419,0
15457,5076,17,1,22827,0
15458,5077,117,1,16602,10
15459,5078,65,2,4314,20
15460,5079,5,2,12605,0
15461,5079,86,3,5085,0
15462,5080,137,1,98300,20
15463,5080,50,3,76133,15
15464,5080,143,3,3379,5
15465,5080,123,1,5135,0
15466,5081,14,2,34891,5
15467,5082,104,2,1014,0
15468,5082,12,1,8038,15
15469,5082,148,2,23262,20
15470,5082,119,3,5947,20
15471,5082,127,1,7024,0
15472,5083,96,3,31762,15
15473,5084,5,3,12605,15
15474,5085,51,1,17314,5
15475,5085,6,2,2386,0
15476,5086,24,1,22479,0
15477,5086,111,3,5235,15
15478,5086,12,2,8038,0
15479,5086,53,1,6141,5
15480,5086,91,1,4612,10
15481,5087,149,3,21714,0
15482,5087,88,3,2914,5
15483,5087,27,3,5124,15
15484,5088,83,1,4219,15
15485,5089,71,2,6424,5
15486,5089,104,2,1014,15
15487,5090,132,1,29436,5
15488,5091,118,3,2198,15
15489,5091,72,2,56852,0
15490,5091,63,3,32668,10
15491,5092,90,1,2547,10
15492,5092,93,1,44770,0
15493,5092,68,3,21251,10
15494,5093,72,1,56852,20
15495,5094,71,1,6424,10
15496,5094,138,2,5435,20
15497,5094,63,1,32668,10
15498,5094,2,1,4027,20
15499,5095,149,2,21714,5
15500,5095,96,2,31762,20
15501,5096,12,2,8038,0
15502,5096,139,3,36748,20
15503,5096,65,3,4314,15
15504,5096,111,3,5235,0
15505,5097,58,2,5881,5
15506,5097,111,3,5235,0
15507,5097,63,3,32668,5
15508,5098,17,1,22827,10
15509,5098,92,1,1168,0
15510,5098,83,3,4219,0
15511,5098,68,2,21251,10
15512,5098,93,1,44770,0
15513,5099,47,3,26189,0
15514,5099,26,2,19472,10
15515,5099,137,2,98300,5
15516,5099,54,3,23925,5
15517,5099,27,3,5124,15
15518,5100,86,1,5085,15
15519,5100,135,2,4575,10
15520,5100,18,3,69910,5
15521,5100,70,2,23703,20
15522,5101,111,2,5235,5
15523,5101,48,1,4231,0
15524,5102,90,3,2547,5
15525,5102,63,2,32668,5
15526,5102,89,2,32102,0
15527,5102,131,2,18705,20
15528,5103,74,3,5168,5
15529,5103,86,1,5085,0
15530,5104,147,3,7155,0
15531,5105,131,1,18705,20
15532,5105,115,3,3558,10
15533,5106,8,2,7533,10
15534,5107,138,1,5435,5
15535,5107,6,1,2386,0
15536,5107,74,2,5168,0
15537,5107,122,3,5675,20
15538,5107,66,2,14182,0
15539,5108,105,1,5388,0
15540,5108,122,2,5675,15
15541,5108,18,2,69910,5
15542,5108,136,2,18015,20
15543,5108,99,1,10798,5
15544,5109,108,1,83584,15
15545,5110,18,1,69910,20
15546,5110,45,1,4793,5
15547,5110,63,3,32668,15
15548,5110,75,1,15710,15
15549,5110,72,3,56852,0
15550,5111,100,1,10475,20
15551,5111,82,3,20813,20
15552,5112,80,3,25826,20
15553,5113,105,2,5388,0
15554,5113,127,1,7024,20
15555,5113,90,3,2547,5
15556,5113,118,2,2198,10
15557,5114,36,1,6799,20
15558,5114,82,1,20813,15
15559,5115,15,3,4792,15
15560,5115,141,2,20886,0
15561,5115,26,2,19472,10
15562,5116,79,3,7718,10
15563,5116,38,1,61947,10
15564,5116,127,1,7024,0
15565,5116,63,2,32668,5
15566,5116,95,3,5785,10
15567,5117,44,2,35472,0
15568,5117,118,3,2198,10
15569,5117,22,2,7737,0
15570,5117,45,1,4793,0
15571,5117,4,3,9654,0
15572,5118,18,1,69910,0
15573,5118,35,2,3958,0
15574,5119,42,2,12253,0
15575,5119,11,2,12063,15
15576,5119,116,3,49805,5
15577,5119,115,2,3558,0
15578,5119,93,1,44770,5
15579,5120,97,1,31743,10
15580,5120,131,3,18705,15
15581,5120,94,1,24419,0
15582,5121,28,2,5795,15
15583,5122,29,1,5679,10
15584,5122,18,3,69910,5
15585,5122,128,2,8256,20
15586,5122,147,3,7155,20
15587,5123,38,3,61947,0
15588,5123,64,1,11154,10
15589,5123,55,3,11943,5
15590,5123,127,1,7024,10
15591,5124,3,1,4862,20
15592,5125,13,2,6575,10
15593,5125,119,2,5947,20
15594,5125,88,3,2914,0
15595,5126,18,3,69910,0
15596,5126,81,1,1827,0
15597,5126,116,2,49805,15
15598,5126,55,2,11943,0
15599,5127,38,2,61947,0
15600,5127,64,1,11154,0
15601,5127,30,2,64462,15
15602,5127,74,1,5168,15
15603,5128,109,3,7325,0
15604,5128,105,1,5388,5
15605,5129,28,3,5795,10
15606,5129,68,2,21251,5
15607,5130,30,1,64462,10
15608,5130,22,2,7737,15
15609,5130,149,3,21714,10
15610,5130,5,2,12605,0
15611,5130,54,2,23925,10
15612,5131,67,3,1118,10
15613,5131,135,3,4575,10
15614,5131,76,1,21281,0
15615,5131,122,2,5675,15
15616,5132,57,2,43577,0
15617,5132,32,1,34048,20
15618,5133,125,2,106692,0
15619,5133,85,1,96244,10
15620,5134,7,2,1137,0
15621,5134,89,2,32102,0
15622,5134,80,1,25826,0
15623,5135,43,3,69132,15
15624,5136,4,3,9654,5
15625,5137,115,1,3558,0
15626,5137,134,2,3277,20
15627,5137,95,2,5785,20
15628,5137,55,2,11943,0
15629,5137,103,2,5734,10
15630,5138,57,2,43577,20
15631,5138,124,3,802,10
15632,5138,56,2,39996,0
15633,5138,45,2,4793,0
15634,5139,44,1,35472,5
15635,5140,44,2,35472,15
15636,5140,13,3,6575,0
15637,5140,17,1,22827,20
15638,5140,26,2,19472,15
15639,5140,39,1,11179,0
15640,5141,128,1,8256,0
15641,5141,6,2,2386,0
15642,5141,119,3,5947,10
15643,5141,70,2,23703,20
15644,5141,9,2,10988,10
15645,5142,35,2,3958,15
15646,5142,71,3,6424,15
15647,5142,107,3,2852,15
15648,5142,19,1,8855,0
15649,5142,2,3,4027,0
15650,5143,7,3,1137,15
15651,5143,87,2,6253,20
15652,5143,11,1,12063,0
15653,5144,88,3,2914,20
15654,5144,115,1,3558,5
15655,5145,27,2,5124,20
15656,5146,26,2,19472,15
15657,5146,126,2,44365,0
15658,5147,121,2,31449,15
15659,5147,97,2,31743,0
15660,5147,57,3,43577,0
15661,5147,21,2,22149,0
15662,5147,32,1,34048,15
15663,5148,64,3,11154,5
15664,5148,104,2,1014,20
15665,5148,126,1,44365,20
15666,5148,1,3,22303,10
15667,5148,12,2,8038,10
15668,5149,133,3,7704,5
15669,5149,26,1,19472,15
15670,5149,146,3,2879,0
15671,5150,110,2,1902,0
15672,5150,26,3,19472,20
15673,5150,103,1,5734,20
15674,5150,85,1,96244,0
15675,5150,149,3,21714,20
15676,5151,48,2,4231,0
15677,5151,6,3,2386,10
15678,5151,115,1,3558,5
15679,5151,117,1,16602,10
15680,5152,48,1,4231,5
15681,5152,109,2,7325,20
15682,5152,54,3,23925,20
15683,5152,138,3,5435,15
15684,5152,2,1,4027,20
15685,5153,46,2,24848,15
15686,5153,118,3,2198,0
15687,5154,143,2,3379,10
15688,5154,53,1,6141,0
15689,5154,116,1,49805,0
15690,5154,63,2,32668,15
15691,5155,12,1,8038,15
15692,5156,130,1,3932,10
15693,5157,45,1,4793,0
15694,5157,24,3,22479,0
15695,5158,9,2,10988,20
15696,5159,15,1,4792,10
15697,5159,9,3,10988,15
15698,5159,22,2,7737,0
15699,5160,23,3,12370,0
15700,5161,44,1,35472,20
15701,5161,91,1,4612,0
15702,5162,49,3,5982,0
15703,5162,107,3,2852,5
15704,5162,127,1,7024,10
15705,5162,12,1,8038,5
15706,5162,52,3,10374,10
15707,5163,25,1,21576,0
15708,5164,136,1,18015,0
15709,5164,32,3,34048,0
15710,5164,134,3,3277,0
15711,5164,85,2,96244,10
15712,5164,110,3,1902,0
15713,5165,62,2,12613,20
15714,5165,112,2,8812,10
15715,5165,50,3,76133,15
15716,5166,82,2,20813,0
15717,5166,129,3,22197,20
15718,5167,52,3,10374,15
15719,5167,101,3,104734,0
15720,5167,73,3,4391,0
15721,5167,9,3,10988,10
15722,5168,23,2,12370,0
15723,5168,128,2,8256,5
15724,5168,6,2,2386,0
15725,5168,121,2,31449,0
15726,5169,9,1,10988,5
15727,5169,67,1,1118,15
15728,5170,86,3,5085,20
15729,5171,104,3,1014,0
15730,5171,31,1,18801,0
15731,5171,117,3,16602,5
15732,5171,1,2,22303,0
15733,5171,17,1,22827,15
15734,5172,82,2,20813,5
15735,5172,64,3,11154,10
15736,5172,71,1,6424,5
15737,5173,26,3,19472,20
15738,5173,141,1,20886,10
15739,5173,29,1,5679,0
15740,5174,90,2,2547,5
15741,5174,49,2,5982,15
15742,5174,43,2,69132,0
15743,5175,6,1,2386,0
15744,5175,16,1,11167,20
15745,5175,22,3,7737,15
15746,5175,55,2,11943,10
15747,5176,126,3,44365,0
15748,5176,142,2,7481,5
15749,5176,45,1,4793,20
15750,5176,65,2,4314,10
15751,5176,16,2,11167,0
15752,5177,7,3,1137,5
15753,5177,73,3,4391,5
15754,5177,110,1,1902,0
15755,5178,99,3,10798,20
15756,5178,43,3,69132,5
15757,5178,137,1,98300,5
15758,5179,7,1,1137,0
15759,5180,37,1,13473,0
15760,5180,51,3,17314,20
15761,5180,135,1,4575,0
15762,5180,120,1,22987,20
15763,5181,142,2,7481,0
15764,5182,13,1,6575,0
15765,5182,46,2,24848,20
15766,5182,55,3,11943,0
15767,5183,15,1,4792,0
15768,5183,58,3,5881,15
15769,5183,129,1,22197,0
15770,5184,119,1,5947,20
15771,5184,145,1,2749,0
15772,5185,109,1,7325,5
15773,5185,47,3,26189,15
15774,5186,84,2,13163,10
15775,5186,126,2,44365,0
15776,5186,28,2,5795,0
15777,5186,137,1,98300,5
15778,5187,70,1,23703,0
15779,5187,40,1,8292,15
15780,5187,56,3,39996,0
15781,5187,32,2,34048,10
15782,5187,92,1,1168,0
15783,5188,53,3,6141,20
15784,5189,137,3,98300,20
15785,5189,23,1,12370,20
15786,5189,142,2,7481,20
15787,5190,94,3,24419,0
15788,5190,91,2,4612,0
15789,5191,145,1,2749,20
15790,5191,43,3,69132,0
15791,5191,115,2,3558,15
15792,5191,72,2,56852,0
15793,5192,23,2,12370,5
15794,5192,16,1,11167,5
15795,5192,138,2,5435,20
15796,5193,1,3,22303,5
15797,5193,52,3,10374,0
15798,5193,137,1,98300,0
15799,5193,19,1,8855,5
15800,5194,63,1,32668,0
15801,5194,121,1,31449,5
15802,5194,1,3,22303,10
15803,5195,121,3,31449,20
15804,5195,110,3,1902,0
15805,5195,25,2,21576,20
15806,5196,59,1,11729,0
15807,5197,34,2,19613,20
15808,5198,37,1,13473,15
15809,5198,49,1,5982,5
15810,5198,124,3,802,0
15811,5199,97,2,31743,0
15812,5199,146,3,2879,15
15813,5199,68,3,21251,0
15814,5199,9,3,10988,0
15815,5200,80,1,25826,0
15816,5200,96,1,31762,15
15817,5200,112,1,8812,0
15818,5200,134,3,3277,10
15819,5201,94,1,24419,15
15820,5201,129,1,22197,0
15821,5201,37,3,13473,10
15822,5202,14,3,34891,0
15823,5202,46,3,24848,5
15824,5203,23,1,12370,20
15825,5203,21,3,22149,15
15826,5203,58,1,5881,0
15827,5203,97,2,31743,5
15828,5204,39,2,11179,5
15829,5204,134,2,3277,0
15830,5204,55,2,11943,5
15831,5205,88,2,2914,0
15832,5206,108,3,83584,0
15833,5206,12,3,8038,0
15834,5206,70,2,23703,5
15835,5206,19,1,8855,5
15836,5207,50,1,76133,20
15837,5207,51,1,17314,0
15838,5207,101,2,104734,0
15839,5208,128,1,8256,0
15840,5208,31,2,18801,0
15841,5208,45,1,4793,5
15842,5209,73,1,4391,10
15843,5209,39,3,11179,10
15844,5210,35,1,3958,10
15845,5210,145,1,2749,10
15846,5211,143,1,3379,0
15847,5211,80,2,25826,20
15848,5211,31,2,18801,15
15849,5211,83,1,4219,0
15850,5211,139,3,36748,10
15851,5212,13,2,6575,10
15852,5212,5,1,12605,10
15853,5212,116,2,49805,5
15854,5212,29,1,5679,10
15855,5213,2,3,4027,0
15856,5213,120,1,22987,10
15857,5213,46,1,24848,0
15858,5213,20,2,12448,0
15859,5214,77,1,16368,5
15860,5214,137,2,98300,0
15861,5214,87,2,6253,0
15862,5214,6,3,2386,0
15863,5215,64,2,11154,0
15864,5215,87,1,6253,5
15865,5215,123,2,5135,0
15866,5215,148,1,23262,20
15867,5215,31,3,18801,0
15868,5216,145,3,2749,0
15869,5216,65,3,4314,0
15870,5217,149,2,21714,0
15871,5218,104,3,1014,15
15872,5218,45,3,4793,0
15873,5219,57,2,43577,5
15874,5220,131,1,18705,5
15875,5220,47,2,26189,5
15876,5220,38,1,61947,10
15877,5221,43,1,69132,20
15878,5221,101,3,104734,15
15879,5222,27,1,5124,0
15880,5222,135,3,4575,0
15881,5222,94,3,24419,0
15882,5222,143,2,3379,0
15883,5223,23,1,12370,10
15884,5223,39,2,11179,0
15885,5223,77,2,16368,20
15886,5223,75,3,15710,5
15887,5223,30,2,64462,0
15888,5224,59,3,11729,5
15889,5225,63,2,32668,5
15890,5225,110,3,1902,0
15891,5226,83,3,4219,15
15892,5226,76,2,21281,0
15893,5226,73,2,4391,0
15894,5226,82,2,20813,10
15895,5226,39,1,11179,0
15896,5227,54,3,23925,0
15897,5227,132,2,29436,15
15898,5228,91,1,4612,20
15899,5228,25,2,21576,0
15900,5228,63,1,32668,0
15901,5228,53,1,6141,20
15902,5228,21,2,22149,0
15903,5229,121,2,31449,0
15904,5229,9,2,10988,0
15905,5229,94,2,24419,10
15906,5230,97,1,31743,20
15907,5230,107,3,2852,15
15908,5231,82,1,20813,0
15909,5231,30,1,64462,5
15910,5231,16,1,11167,20
15911,5231,66,3,14182,0
15912,5231,70,1,23703,15
15913,5232,47,3,26189,5
15914,5232,35,3,3958,20
15915,5232,118,3,2198,15
15916,5232,12,3,8038,15
15917,5232,107,2,2852,5
15918,5233,111,1,5235,10
15919,5233,76,3,21281,10
15920,5233,147,3,7155,20
15921,5233,146,2,2879,0
15922,5233,110,2,1902,10
15923,5234,24,1,22479,0
15924,5235,85,3,96244,0
15925,5235,4,1,9654,5
15926,5236,136,3,18015,15
15927,5236,107,1,2852,0
15928,5236,51,3,17314,0
15929,5237,53,1,6141,10
15930,5237,54,3,23925,5
15931,5237,46,3,24848,0
15932,5238,20,2,12448,0
15933,5239,40,2,8292,10
15934,5239,52,2,10374,10
15935,5239,112,1,8812,5
15936,5240,124,1,802,0
15937,5240,1,2,22303,0
15938,5240,53,3,6141,0
15939,5241,22,3,7737,0
15940,5241,54,3,23925,5
15941,5242,140,3,13494,15
15942,5242,143,3,3379,0
15943,5243,44,1,35472,15
15944,5243,136,2,18015,0
15945,5243,40,2,8292,0
15946,5244,55,3,11943,20
15947,5244,144,3,6276,0
15948,5244,46,1,24848,0
15949,5244,19,2,8855,20
15950,5244,35,1,3958,0
15951,5245,131,3,18705,15
15952,5245,7,1,1137,15
15953,5245,76,1,21281,10
15954,5246,117,1,16602,10
15955,5246,65,2,4314,0
15956,5246,28,1,5795,0
15957,5246,9,3,10988,15
15958,5247,65,1,4314,0
15959,5247,45,2,4793,20
15960,5247,129,3,22197,0
15961,5248,62,2,12613,0
15962,5248,35,1,3958,10
15963,5249,23,3,12370,0
15964,5249,134,3,3277,10
15965,5250,119,3,5947,10
15966,5251,127,1,7024,20
15967,5251,44,3,35472,0
15968,5252,32,1,34048,0
15969,5252,121,1,31449,20
15970,5253,121,1,31449,15
15971,5253,141,1,20886,0
15972,5253,35,3,3958,20
15973,5254,36,2,6799,20
15974,5254,62,1,12613,0
15975,5255,39,2,11179,5
15976,5255,52,2,10374,20
15977,5255,2,2,4027,20
15978,5256,95,2,5785,0
15979,5256,34,1,19613,0
15980,5257,145,3,2749,0
15981,5257,139,2,36748,10
15982,5257,54,2,23925,0
15983,5257,7,2,1137,5
15984,5257,67,3,1118,0
15985,5258,92,3,1168,15
15986,5258,30,3,64462,5
15987,5258,28,1,5795,0
15988,5258,122,2,5675,5
15989,5258,116,3,49805,5
15990,5259,81,2,1827,10
15991,5259,117,3,16602,15
15992,5259,43,1,69132,0
15993,5259,118,3,2198,0
15994,5260,147,3,7155,0
15995,5260,49,2,5982,5
15996,5260,89,2,32102,0
15997,5261,29,1,5679,5
15998,5262,21,1,22149,20
15999,5262,64,1,11154,0
16000,5262,132,2,29436,15
16001,5262,36,2,6799,0
16002,5262,71,2,6424,0
16003,5263,37,3,13473,10
16004,5263,101,1,104734,0
16005,5263,134,1,3277,0
16006,5263,124,3,802,15
16007,5264,132,2,29436,10
16008,5265,52,3,10374,10
16009,5265,49,2,5982,0
16010,5265,67,3,1118,10
16011,5266,34,1,19613,10
16012,5266,15,3,4792,0
16013,5266,104,2,1014,0
16014,5266,54,3,23925,10
16015,5267,38,1,61947,5
16016,5267,9,2,10988,0
16017,5267,115,1,3558,5
16018,5267,86,2,5085,20
16019,5268,45,1,4793,0
16020,5268,18,1,69910,0
16021,5268,81,3,1827,5
16022,5269,143,2,3379,0
16023,5270,108,3,83584,0
16024,5270,65,1,4314,0
16025,5270,55,2,11943,20
16026,5270,139,2,36748,15
16027,5271,2,2,4027,5
16028,5271,55,1,11943,0
16029,5272,64,1,11154,0
16030,5272,107,1,2852,5
16031,5272,115,3,3558,15
16032,5272,145,2,2749,5
16033,5273,118,2,2198,10
16034,5273,6,1,2386,15
16035,5273,13,1,6575,10
16036,5273,90,3,2547,0
16037,5274,19,1,8855,20
16038,5274,105,3,5388,5
16039,5274,23,3,12370,15
16040,5274,97,3,31743,0
16041,5274,13,2,6575,15
16042,5275,81,3,1827,20
16043,5275,29,1,5679,10
16044,5275,70,3,23703,10
16045,5275,92,1,1168,5
16046,5276,24,3,22479,20
16047,5277,34,1,19613,0
16048,5277,66,2,14182,0
16049,5278,72,3,56852,0
16050,5279,72,1,56852,5
16051,5279,100,2,10475,10
16052,5279,138,2,5435,5
16053,5280,87,3,6253,0
16054,5281,68,2,21251,0
16055,5281,26,3,19472,15
16056,5281,120,3,22987,0
16057,5281,8,1,7533,0
16058,5282,143,3,3379,15
16059,5282,45,2,4793,0
16060,5282,40,2,8292,5
16061,5282,71,1,6424,5
16062,5282,148,2,23262,0
16063,5283,49,1,5982,15
16064,5284,2,1,4027,5
16065,5284,83,2,4219,5
16066,5284,110,1,1902,0
16067,5284,8,2,7533,5
16068,5285,100,2,10475,20
16069,5285,19,1,8855,10
16070,5286,41,3,62050,0
16071,5286,142,2,7481,0
16072,5287,143,1,3379,15
16073,5287,20,2,12448,0
16074,5287,74,3,5168,5
16075,5287,146,1,2879,0
16076,5288,25,1,21576,0
16077,5288,122,1,5675,0
16078,5289,136,3,18015,15
16079,5289,78,3,25106,0
16080,5289,19,2,8855,15
16081,5289,53,3,6141,0
16082,5289,106,1,8943,20
16083,5290,127,3,7024,0
16084,5291,64,1,11154,10
16085,5291,147,1,7155,0
16086,5291,91,1,4612,0
16087,5291,44,1,35472,20
16088,5291,37,1,13473,0
16089,5292,123,3,5135,0
16090,5292,3,1,4862,20
16091,5292,69,3,1763,0
16092,5292,144,1,6276,5
16093,5292,138,3,5435,0
16094,5293,45,2,4793,0
16095,5293,139,3,36748,0
16096,5294,141,1,20886,0
16097,5294,138,2,5435,0
16098,5294,73,3,4391,0
16099,5294,54,2,23925,10
16100,5295,2,1,4027,20
16101,5295,45,1,4793,10
16102,5296,147,1,7155,0
16103,5296,53,2,6141,0
16104,5296,40,3,8292,0
16105,5296,73,1,4391,20
16106,5296,16,2,11167,10
16107,5297,28,2,5795,0
16108,5297,126,1,44365,10
16109,5297,97,3,31743,10
16110,5297,9,1,10988,5
16111,5297,124,2,802,0
16112,5298,6,2,2386,15
16113,5298,14,2,34891,0
16114,5298,41,2,62050,0
16115,5299,88,1,2914,15
16116,5299,70,1,23703,15
16117,5300,30,2,64462,10
16118,5300,75,1,15710,10
16119,5300,47,1,26189,0
16120,5300,31,1,18801,0
16121,5300,137,3,98300,0
16122,5301,127,1,7024,0
16123,5301,108,3,83584,0
16124,5301,28,2,5795,0
16125,5301,110,3,1902,0
16126,5301,111,1,5235,20
16127,5302,149,2,21714,15
16128,5302,119,2,5947,0
16129,5302,108,3,83584,0
16130,5302,86,2,5085,5
16131,5303,147,2,7155,0
16132,5303,115,2,3558,5
16133,5304,41,3,62050,20
16134,5304,132,3,29436,0
16135,5304,46,2,24848,0
16136,5304,92,2,1168,10
16137,5305,21,3,22149,10
16138,5305,13,3,6575,0
16139,5305,8,1,7533,10
16140,5306,26,1,19472,0
16141,5306,58,3,5881,0
16142,5306,23,2,12370,5
16143,5306,1,3,22303,0
16144,5307,62,3,12613,0
16145,5307,138,3,5435,5
16146,5307,129,1,22197,10
16147,5308,31,3,18801,15
16148,5308,112,1,8812,0
16149,5308,104,1,1014,20
16150,5308,47,2,26189,0
16151,5308,52,2,10374,0
16152,5309,88,1,2914,15
16153,5310,60,2,87675,0
16154,5310,57,2,43577,15
16155,5310,117,3,16602,0
16156,5310,142,2,7481,0
16157,5310,50,2,76133,0
16158,5311,37,2,13473,20
16159,5312,129,2,22197,0
16160,5312,85,2,96244,10
16161,5313,27,3,5124,0
16162,5313,109,2,7325,5
16163,5313,92,2,1168,0
16164,5313,54,1,23925,15
16165,5313,134,3,3277,0
16166,5314,46,2,24848,0
16167,5314,121,2,31449,20
16168,5314,43,1,69132,20
16169,5315,38,1,61947,0
16170,5316,76,3,21281,5
16171,5316,52,1,10374,15
16172,5317,80,2,25826,15
16173,5317,31,1,18801,15
16174,5318,121,2,31449,20
16175,5319,99,1,10798,10
16176,5319,26,3,19472,5
16177,5319,30,3,64462,20
16178,5320,18,3,69910,5
16179,5320,20,3,12448,10
16180,5320,112,2,8812,5
16181,5320,60,2,87675,0
16182,5320,80,3,25826,5
16183,5321,1,1,22303,0
16184,5321,126,3,44365,5
16185,5322,8,2,7533,0
16186,5322,16,1,11167,10
16187,5322,109,2,7325,0
16188,5322,139,2,36748,0
16189,5322,68,3,21251,5
16190,5323,52,1,10374,0
16191,5323,26,2,19472,15
16192,5323,24,3,22479,0
16193,5323,23,2,12370,10
16194,5324,60,1,87675,10
16195,5324,32,1,34048,20
16196,5324,55,3,11943,0
16197,5325,40,3,8292,0
16198,5325,9,2,10988,0
16199,5326,128,1,8256,0
16200,5327,131,3,18705,20
16201,5327,28,2,5795,10
16202,5327,132,1,29436,0
16203,5327,6,3,2386,0
16204,5328,134,3,3277,0
16205,5328,86,2,5085,15
16206,5329,81,1,1827,20
16207,5330,105,3,5388,10
16208,5330,47,1,26189,15
16209,5331,57,1,43577,5
16210,5332,120,3,22987,5
16211,5333,133,2,7704,20
16212,5333,26,3,19472,0
16213,5333,73,2,4391,15
16214,5333,18,3,69910,0
16215,5334,30,2,64462,0
16216,5334,38,3,61947,15
16217,5335,5,1,12605,0
16218,5335,109,2,7325,5
16219,5335,42,1,12253,20
16220,5335,125,2,106692,10
16221,5336,141,3,20886,20
16222,5336,112,2,8812,0
16223,5336,25,2,21576,0
16224,5336,122,3,5675,0
16225,5337,139,1,36748,0
16226,5337,129,2,22197,0
16227,5337,67,3,1118,15
16228,5337,128,3,8256,5
16229,5338,35,3,3958,10
16230,5338,134,1,3277,0
16231,5338,27,3,5124,10
16232,5338,40,3,8292,10
16233,5338,95,1,5785,10
16234,5339,115,1,3558,0
16235,5339,72,3,56852,0
16236,5339,43,3,69132,20
16237,5339,32,2,34048,0
16238,5339,84,1,13163,10
16239,5340,84,3,13163,10
16240,5340,101,3,104734,15
16241,5340,93,1,44770,5
16242,5340,51,2,17314,15
16243,5341,44,2,35472,5
16244,5341,119,1,5947,0
16245,5341,112,1,8812,0
16246,5342,72,1,56852,15
16247,5342,65,3,4314,15
16248,5342,76,2,21281,0
16249,5342,11,3,12063,5
16250,5342,125,2,106692,5
16251,5343,8,1,7533,0
16252,5343,84,1,13163,15
16253,5343,104,1,1014,5
16254,5343,68,2,21251,5
16255,5344,81,2,1827,0
16256,5344,89,3,32102,10
16257,5344,32,1,34048,0
16258,5344,54,3,23925,0
16259,5344,94,3,24419,0
16260,5345,97,3,31743,5
16261,5345,1,1,22303,15
16262,5345,55,1,11943,5
16263,5346,56,3,39996,5
16264,5346,42,1,12253,0
16265,5346,50,2,76133,10
16266,5347,101,3,104734,10
16267,5348,142,1,7481,0
16268,5348,131,1,18705,5
16269,5348,15,3,4792,20
16270,5349,6,2,2386,5
16271,5350,85,2,96244,15
16272,5350,36,2,6799,20
16273,5350,77,1,16368,0
16274,5350,6,3,2386,20
16275,5350,145,3,2749,0
16276,5351,101,1,104734,0
16277,5351,67,3,1118,20
16278,5351,49,1,5982,10
16279,5352,76,1,21281,5
16280,5353,117,1,16602,0
16281,5354,134,1,3277,0
16282,5354,43,1,69132,20
16283,5354,115,2,3558,15
16284,5354,101,3,104734,15
16285,5355,12,1,8038,0
16286,5355,145,2,2749,10
16287,5355,105,1,5388,15
16288,5355,96,1,31762,15
16289,5355,103,1,5734,20
16290,5356,96,1,31762,0
16291,5356,130,3,3932,10
16292,5356,74,2,5168,5
16293,5356,25,2,21576,0
16294,5357,105,2,5388,0
16295,5357,79,3,7718,0
16296,5357,18,3,69910,5
16297,5357,62,1,12613,15
16298,5357,15,3,4792,10
16299,5358,27,1,5124,10
16300,5358,76,1,21281,0
16301,5358,50,3,76133,0
16302,5358,127,3,7024,0
16303,5359,57,1,43577,0
16304,5359,37,2,13473,5
16305,5359,77,2,16368,15
16306,5360,13,3,6575,0
16307,5360,1,2,22303,0
16308,5360,41,1,62050,20
16309,5360,139,1,36748,15
16310,5361,101,2,104734,0
16311,5361,25,2,21576,15
16312,5362,73,1,4391,0
16313,5363,118,1,2198,20
16314,5363,137,3,98300,0
16315,5363,138,3,5435,15
16316,5364,136,2,18015,20
16317,5365,40,1,8292,0
16318,5365,29,2,5679,0
16319,5365,35,3,3958,10
16320,5365,45,2,4793,0
16321,5366,99,2,10798,20
16322,5366,72,3,56852,15
16323,5366,147,3,7155,20
16324,5367,133,2,7704,5
16325,5367,11,1,12063,10
16326,5367,16,3,11167,0
16327,5368,146,1,2879,15
16328,5369,67,2,1118,0
16329,5369,87,2,6253,20
16330,5369,119,1,5947,0
16331,5369,25,1,21576,0
16332,5369,52,2,10374,0
16333,5370,115,3,3558,15
16334,5370,139,2,36748,5
16335,5370,104,3,1014,0
16336,5370,11,2,12063,0
16337,5370,14,2,34891,0
16338,5371,135,2,4575,20
16339,5371,112,3,8812,10
16340,5371,83,1,4219,15
16341,5372,90,1,2547,10
16342,5373,17,1,22827,5
16343,5373,95,2,5785,20
16344,5373,101,1,104734,15
16345,5373,5,3,12605,0
16346,5373,58,3,5881,0
16347,5374,127,1,7024,0
16348,5374,9,2,10988,5
16349,5374,65,2,4314,5
16350,5374,62,3,12613,10
16351,5374,1,3,22303,5
16352,5375,116,2,49805,0
16353,5376,42,1,12253,0
16354,5376,119,3,5947,0
16355,5376,134,2,3277,0
16356,5376,46,2,24848,20
16357,5377,25,3,21576,0
16358,5377,120,1,22987,0
16359,5377,21,3,22149,15
16360,5378,62,3,12613,5
16361,5378,59,2,11729,5
16362,5378,82,2,20813,0
16363,5378,75,2,15710,0
16364,5378,66,2,14182,10
16365,5379,55,3,11943,0
16366,5379,101,1,104734,20
16367,5379,63,2,32668,0
16368,5379,68,2,21251,5
16369,5380,118,2,2198,0
16370,5381,116,3,49805,0
16371,5381,99,2,10798,20
16372,5381,27,3,5124,0
16373,5381,74,2,5168,0
16374,5382,11,3,12063,20
16375,5382,17,3,22827,0
16376,5383,129,3,22197,0
16377,5383,32,2,34048,5
16378,5383,99,1,10798,0
16379,5383,94,3,24419,5
16380,5384,28,2,5795,15
16381,5384,43,3,69132,0
16382,5385,51,1,17314,0
16383,5385,99,1,10798,20
16384,5385,97,1,31743,15
16385,5385,27,3,5124,10
16386,5386,79,1,7718,0
16387,5386,27,3,5124,20
16388,5386,39,2,11179,20
16389,5387,127,1,7024,10
16390,5387,133,2,7704,0
16391,5388,19,1,8855,0
16392,5388,119,1,5947,0
16393,5388,8,3,7533,0
16394,5389,83,2,4219,20
16395,5390,28,2,5795,0
16396,5390,91,1,4612,0
16397,5390,69,2,1763,0
16398,5391,49,1,5982,15
16399,5391,3,1,4862,0
16400,5391,128,3,8256,10
16401,5391,81,2,1827,0
16402,5391,74,3,5168,20
16403,5392,77,1,16368,20
16404,5392,86,3,5085,15
16405,5392,52,1,10374,15
16406,5392,141,2,20886,5
16407,5392,31,1,18801,20
16408,5393,60,1,87675,5
16409,5393,116,1,49805,0
16410,5393,146,2,2879,15
16411,5393,122,1,5675,10
16412,5393,12,2,8038,15
16413,5394,85,2,96244,15
16414,5395,112,3,8812,0
16415,5395,80,1,25826,0
16416,5396,9,3,10988,0
16417,5396,59,2,11729,5
16418,5396,136,2,18015,15
16419,5397,41,1,62050,15
16420,5397,85,2,96244,5
16421,5398,103,2,5734,10
16422,5399,77,2,16368,0
16423,5399,109,2,7325,0
16424,5399,37,1,13473,10
16425,5400,27,2,5124,5
16426,5400,143,3,3379,0
16427,5400,17,2,22827,15
16428,5400,59,3,11729,10
16429,5400,72,2,56852,20
16430,5401,60,1,87675,20
16431,5402,117,1,16602,20
16432,5403,55,3,11943,15
16433,5403,27,3,5124,10
16434,5403,8,3,7533,20
16435,5403,40,1,8292,0
16436,5404,26,3,19472,10
16437,5404,1,3,22303,15
16438,5404,16,3,11167,10
16439,5404,121,2,31449,0
16440,5404,76,1,21281,0
16441,5405,15,2,4792,0
16442,5405,16,3,11167,15
16443,5405,146,1,2879,0
16444,5405,103,1,5734,10
16445,5405,110,1,1902,5
16446,5406,56,2,39996,10
16447,5406,104,3,1014,0
16448,5406,74,2,5168,0
16449,5406,117,3,16602,10
16450,5406,93,1,44770,0
16451,5407,57,3,43577,0
16452,5407,41,2,62050,0
16453,5407,99,3,10798,15
16454,5407,126,3,44365,15
16455,5408,35,1,3958,10
16456,5408,97,3,31743,15
16457,5408,50,2,76133,5
16458,5408,56,1,39996,5
16459,5408,36,1,6799,0
16460,5409,148,2,23262,0
16461,5410,130,3,3932,0
16462,5410,35,3,3958,0
16463,5411,137,1,98300,0
16464,5411,131,1,18705,10
16465,5411,55,2,11943,5
16466,5411,73,3,4391,5
16467,5412,121,2,31449,20
16468,5412,109,1,7325,10
16469,5413,68,1,21251,0
16470,5413,109,2,7325,5
16471,5413,99,3,10798,0
16472,5413,9,1,10988,0
16473,5413,24,3,22479,10
16474,5414,119,1,5947,5
16475,5415,83,3,4219,20
16476,5415,20,2,12448,20
16477,5415,73,2,4391,5
16478,5416,145,3,2749,10
16479,5416,62,3,12613,10
16480,5416,103,3,5734,15
16481,5416,139,1,36748,10
16482,5416,2,1,4027,0
16483,5417,18,3,69910,0
16484,5417,129,3,22197,0
16485,5417,94,3,24419,0
16486,5417,36,2,6799,0
16487,5417,89,1,32102,0
16488,5418,127,3,7024,0
16489,5418,54,2,23925,10
16490,5418,129,2,22197,0
16491,5418,110,1,1902,20
16492,5418,14,1,34891,0
16493,5419,56,3,39996,20
16494,5419,12,2,8038,10
16495,5419,53,3,6141,20
16496,5419,35,2,3958,5
16497,5420,136,1,18015,0
16498,5420,143,2,3379,0
16499,5420,141,3,20886,10
16500,5421,12,3,8038,20
16501,5421,79,3,7718,10
16502,5421,126,1,44365,15
16503,5421,18,3,69910,5
16504,5422,34,1,19613,20
16505,5422,74,1,5168,5
16506,5422,44,2,35472,5
16507,5422,110,3,1902,15
16508,5422,122,2,5675,15
16509,5423,17,3,22827,5
16510,5424,69,2,1763,20
16511,5424,34,2,19613,10
16512,5424,128,3,8256,10
16513,5424,116,3,49805,0
16514,5425,79,3,7718,0
16515,5426,64,3,11154,20
16516,5426,55,3,11943,0
16517,5427,123,3,5135,0
16518,5427,38,3,61947,5
16519,5428,95,2,5785,0
16520,5428,24,2,22479,0
16521,5428,53,3,6141,0
16522,5428,15,3,4792,0
16523,5428,133,1,7704,0
16524,5429,149,1,21714,10
16525,5430,135,3,4575,20
16526,5431,74,1,5168,0
16527,5431,109,3,7325,0
16528,5432,51,3,17314,5
16529,5432,32,1,34048,20
16530,5433,109,1,7325,0
16531,5433,65,1,4314,20
16532,5433,22,1,7737,15
16533,5434,76,1,21281,0
16534,5435,27,1,5124,0
16535,5435,46,2,24848,0
16536,5435,139,2,36748,0
16537,5435,67,3,1118,0
16538,5435,66,3,14182,0
16539,5436,105,1,5388,20
16540,5437,96,1,31762,5
16541,5437,118,2,2198,0
16542,5437,90,1,2547,15
16543,5437,120,2,22987,0
16544,5438,18,1,69910,0
16545,5438,76,1,21281,5
16546,5439,76,1,21281,0
16547,5439,86,1,5085,15
16548,5439,90,3,2547,0
16549,5439,136,1,18015,15
16550,5440,26,1,19472,20
16551,5440,82,2,20813,0
16552,5440,110,3,1902,0
16553,5440,89,1,32102,15
16554,5441,46,3,24848,5
16555,5441,66,2,14182,5
16556,5442,40,2,8292,0
16557,5442,94,1,24419,0
16558,5442,18,3,69910,0
16559,5443,93,3,44770,10
16560,5443,37,3,13473,0
16561,5443,71,1,6424,20
16562,5444,25,1,21576,0
16563,5444,141,3,20886,0
16564,5444,7,1,1137,15
16565,5444,83,1,4219,5
16566,5445,14,3,34891,20
16567,5446,115,3,3558,0
16568,5446,128,1,8256,0
16569,5446,120,3,22987,20
16570,5447,58,2,5881,5
16571,5447,81,2,1827,10
16572,5447,147,1,7155,10
16573,5447,64,2,11154,5
16574,5447,97,2,31743,5
16575,5448,78,1,25106,0
16576,5448,141,1,20886,15
16577,5448,101,2,104734,20
16578,5448,68,2,21251,10
16579,5449,115,1,3558,0
16580,5449,1,1,22303,0
16581,5449,53,3,6141,0
16582,5449,43,2,69132,0
16583,5449,105,1,5388,20
16584,5450,40,1,8292,10
16585,5450,19,1,8855,0
16586,5450,123,1,5135,15
16587,5451,49,2,5982,0
16588,5451,76,2,21281,15
16589,5452,17,1,22827,20
16590,5452,51,2,17314,10
16591,5453,99,1,10798,20
16592,5453,144,2,6276,0
16593,5453,68,1,21251,10
16594,5453,11,1,12063,20
16595,5453,125,3,106692,10
16596,5454,140,3,13494,10
16597,5454,119,3,5947,5
16598,5454,126,1,44365,0
16599,5454,90,2,2547,15
16600,5455,12,2,8038,15
16601,5455,99,1,10798,0
16602,5455,100,1,10475,15
16603,5455,129,2,22197,15
16604,5456,118,3,2198,0
16605,5456,73,1,4391,0
16606,5456,59,3,11729,5
16607,5456,84,2,13163,5
16608,5456,66,2,14182,15
16609,5457,21,1,22149,15
16610,5457,19,1,8855,10
16611,5457,99,1,10798,0
16612,5458,108,3,83584,20
16613,5458,48,1,4231,5
16614,5458,15,1,4792,0
16615,5458,110,2,1902,5
16616,5459,97,1,31743,5
16617,5459,4,1,9654,0
16618,5459,124,3,802,0
16619,5460,89,2,32102,5
16620,5460,121,3,31449,10
16621,5460,90,1,2547,0
16622,5461,85,1,96244,15
16623,5461,92,3,1168,0
16624,5461,66,1,14182,5
16625,5462,43,3,69132,0
16626,5462,123,3,5135,15
16627,5462,3,1,4862,0
16628,5462,129,2,22197,10
16629,5463,36,1,6799,15
16630,5463,67,2,1118,0
16631,5463,41,1,62050,5
16632,5463,147,1,7155,5
16633,5463,4,3,9654,0
16634,5464,91,1,4612,0
16635,5464,70,3,23703,0
16636,5465,137,1,98300,20
16637,5465,71,2,6424,10
16638,5466,53,1,6141,10
16639,5467,88,1,2914,10
16640,5468,7,3,1137,15
16641,5468,97,3,31743,10
16642,5468,66,1,14182,0
16643,5469,87,1,6253,0
16644,5469,142,3,7481,0
16645,5470,19,2,8855,10
16646,5470,76,2,21281,0
16647,5470,140,2,13494,0
16648,5470,145,2,2749,5
16649,5470,4,2,9654,5
16650,5471,15,2,4792,0
16651,5471,11,2,12063,0
16652,5472,38,2,61947,15
16653,5472,143,3,3379,10
16654,5472,13,1,6575,10
16655,5473,57,3,43577,10
16656,5473,53,1,6141,10
16657,5473,124,1,802,0
16658,5473,133,2,7704,20
16659,5474,118,3,2198,0
16660,5474,3,3,4862,5
16661,5474,73,3,4391,10
16662,5474,29,2,5679,0
16663,5475,6,3,2386,0
16664,5476,49,2,5982,5
16665,5476,85,3,96244,0
16666,5477,20,1,12448,20
16667,5477,31,3,18801,10
16668,5478,118,3,2198,20
16669,5478,8,2,7533,0
16670,5478,128,3,8256,20
16671,5478,4,3,9654,0
16672,5479,91,3,4612,5
16673,5479,137,3,98300,10
16674,5479,69,3,1763,0
16675,5479,93,3,44770,0
16676,5479,56,2,39996,0
16677,5480,49,3,5982,10
16678,5480,57,1,43577,20
16679,5480,12,1,8038,5
16680,5481,109,1,7325,10
16681,5481,95,3,5785,0
16682,5481,20,2,12448,15
16683,5482,67,1,1118,0
16684,5482,60,3,87675,10
16685,5482,101,3,104734,10
16686,5483,131,2,18705,0
16687,5483,27,1,5124,5
16688,5484,111,3,5235,5
16689,5484,54,1,23925,5
16690,5485,90,1,2547,20
16691,5485,142,2,7481,10
16692,5486,4,2,9654,15
16693,5486,51,3,17314,0
16694,5486,84,2,13163,0
16695,5487,129,2,22197,0
16696,5487,107,2,2852,0
16697,5487,25,1,21576,0
16698,5488,91,1,4612,0
16699,5489,127,2,7024,5
16700,5490,3,3,4862,20
16701,5490,48,1,4231,0
16702,5491,51,1,17314,0
16703,5491,43,1,69132,20
16704,5492,70,1,23703,10
16705,5493,109,1,7325,0
16706,5493,131,2,18705,0
16707,5494,85,1,96244,10
16708,5494,148,1,23262,0
16709,5494,121,2,31449,10
16710,5494,86,2,5085,0
16711,5494,40,3,8292,5
16712,5495,37,1,13473,10
16713,5496,134,3,3277,20
16714,5496,31,2,18801,0
16715,5496,128,1,8256,10
16716,5497,68,1,21251,10
16717,5497,57,2,43577,10
16718,5498,3,1,4862,5
16719,5498,32,2,34048,0
16720,5498,122,2,5675,5
16721,5498,94,2,24419,0
16722,5498,17,1,22827,15
16723,5499,51,3,17314,10
16724,5499,117,3,16602,5
16725,5499,83,3,4219,0
16726,5499,4,1,9654,0
16727,5500,125,3,106692,0
16728,5501,11,2,12063,0
16729,5501,146,1,2879,20
16730,5501,136,2,18015,0
16731,5502,5,1,12605,15
16732,5502,141,3,20886,0
16733,5502,80,2,25826,0
16734,5502,36,1,6799,20
16735,5502,110,3,1902,5
16736,5503,27,2,5124,0
16737,5503,97,2,31743,0
16738,5504,35,1,3958,0
16739,5504,66,2,14182,5
16740,5504,137,2,98300,0
16741,5505,94,1,24419,0
16742,5505,84,1,13163,5
16743,5505,64,2,11154,15
16744,5505,143,2,3379,0
16745,5506,68,3,21251,5
16746,5506,67,3,1118,0
16747,5506,35,3,3958,20
16748,5507,39,1,11179,15
16749,5508,142,3,7481,10
16750,5508,136,3,18015,5
16751,5509,94,1,24419,0
16752,5510,29,3,5679,15
16753,5510,7,3,1137,5
16754,5510,104,2,1014,15
16755,5511,106,2,8943,15
16756,5511,52,2,10374,0
16757,5511,131,1,18705,5
16758,5511,128,3,8256,0
16759,5511,55,3,11943,20
16760,5512,60,2,87675,15
16761,5512,107,2,2852,20
16762,5512,24,1,22479,15
16763,5513,23,3,12370,0
16764,5514,88,2,2914,15
16765,5514,36,1,6799,5
16766,5514,123,1,5135,0
16767,5515,59,1,11729,10
16768,5515,104,2,1014,0
16769,5516,14,3,34891,15
16770,5516,66,1,14182,15
16771,5516,149,1,21714,15
16772,5516,63,3,32668,5
16773,5517,123,3,5135,10
16774,5517,21,3,22149,5
16775,5517,116,1,49805,10
16776,5518,146,2,2879,0
16777,5519,140,1,13494,10
16778,5519,132,1,29436,15
16779,5519,6,2,2386,0
16780,5520,129,3,22197,0
16781,5521,67,1,1118,15
16782,5521,107,2,2852,20
16783,5521,40,2,8292,5
16784,5521,53,1,6141,20
16785,5522,66,3,14182,20
16786,5522,34,2,19613,0
16787,5522,144,3,6276,15
16788,5522,97,1,31743,10
16789,5523,71,2,6424,0
16790,5523,145,1,2749,0
16791,5524,69,2,1763,20
16792,5524,39,3,11179,20
16793,5525,56,1,39996,0
16794,5525,2,2,4027,0
16795,5525,68,2,21251,15
16796,5526,133,2,7704,0
16797,5526,46,3,24848,20
16798,5526,149,2,21714,5
16799,5526,105,3,5388,10
16800,5527,34,2,19613,10
16801,5527,6,1,2386,5
16802,5527,126,2,44365,0
16803,5527,28,1,5795,0
16804,5528,70,2,23703,15
16805,5529,95,2,5785,0
16806,5529,132,3,29436,0
16807,5529,118,3,2198,0
16808,5529,107,2,2852,0
16809,5530,46,2,24848,15
16810,5530,63,1,32668,5
16811,5530,107,3,2852,5
16812,5530,104,1,1014,0
16813,5531,131,1,18705,5
16814,5531,68,3,21251,10
16815,5531,16,1,11167,0
16816,5531,93,1,44770,15
16817,5532,48,3,4231,10
16818,5532,39,1,11179,15
16819,5532,124,1,802,5
16820,5533,118,3,2198,0
16821,5533,131,1,18705,10
16822,5533,128,1,8256,10
16823,5534,43,2,69132,0
16824,5534,104,1,1014,0
16825,5534,54,3,23925,0
16826,5534,29,1,5679,15
16827,5535,20,1,12448,0
16828,5535,48,3,4231,0
16829,5535,5,2,12605,5
16830,5536,124,2,802,5
16831,5536,83,1,4219,0
16832,5537,51,1,17314,10
16833,5537,137,1,98300,0
16834,5537,81,1,1827,0
16835,5537,3,1,4862,0
16836,5538,131,3,18705,10
16837,5538,141,2,20886,20
16838,5538,101,2,104734,0
16839,5538,27,2,5124,0
16840,5539,13,2,6575,20
16841,5540,128,2,8256,5
16842,5541,71,1,6424,0
16843,5541,22,2,7737,20
16844,5541,73,2,4391,5
16845,5541,83,3,4219,10
16846,5542,53,1,6141,0
16847,5542,88,3,2914,10
16848,5542,44,2,35472,20
16849,5542,97,2,31743,0
16850,5542,20,2,12448,15
16851,5543,129,2,22197,0
16852,5543,94,1,24419,0
16853,5543,148,3,23262,10
16854,5544,32,2,34048,0
16855,5545,54,2,23925,20
16856,5545,15,3,4792,15
16857,5545,28,1,5795,20
16858,5545,100,2,10475,10
16859,5545,52,1,10374,0
16860,5546,77,2,16368,20
16861,5546,23,1,12370,20
16862,5546,104,3,1014,0
16863,5546,38,2,61947,5
16864,5546,147,2,7155,5
16865,5547,18,1,69910,10
16866,5547,146,2,2879,5
16867,5548,63,3,32668,0
16868,5548,51,1,17314,10
16869,5548,87,2,6253,0
16870,5548,101,2,104734,20
16871,5548,35,3,3958,5
16872,5549,103,3,5734,20
16873,5549,97,3,31743,5
16874,5549,111,3,5235,5
16875,5549,139,3,36748,0
16876,5549,128,2,8256,15
16877,5550,86,1,5085,5
16878,5550,110,1,1902,15
16879,5550,119,3,5947,15
16880,5550,93,2,44770,10
16881,5550,39,2,11179,10
16882,5551,88,1,2914,15
16883,5552,81,1,1827,20
16884,5552,34,1,19613,0
16885,5552,2,3,4027,0
16886,5552,43,2,69132,10
16887,5553,60,3,87675,5
16888,5553,92,1,1168,15
16889,5553,37,3,13473,0
16890,5553,101,2,104734,5
16891,5553,47,1,26189,5
16892,5554,22,1,7737,10
16893,5554,128,3,8256,10
16894,5554,45,3,4793,0
16895,5554,109,3,7325,20
16896,5554,27,2,5124,5
16897,5555,66,3,14182,0
16898,5555,38,2,61947,5
16899,5556,22,3,7737,15
16900,5557,39,2,11179,0
16901,5558,26,3,19472,0
16902,5558,60,3,87675,5
16903,5558,148,1,23262,0
16904,5559,66,3,14182,0
16905,5559,85,1,96244,20
16906,5559,78,1,25106,5
16907,5559,119,2,5947,0
16908,5560,5,2,12605,0
16909,5560,122,3,5675,5
16910,5561,143,1,3379,0
16911,5561,7,1,1137,15
16912,5562,53,3,6141,0
16913,5562,20,3,12448,20
16914,5562,77,1,16368,5
16915,5562,18,1,69910,0
16916,5562,125,1,106692,10
16917,5563,121,3,31449,20
16918,5563,93,3,44770,0
16919,5563,22,1,7737,0
16920,5564,6,3,2386,0
16921,5564,103,1,5734,0
16922,5564,124,1,802,20
16923,5565,64,1,11154,0
16924,5566,23,2,12370,15
16925,5567,51,3,17314,5
16926,5567,37,2,13473,0
16927,5568,144,2,6276,0
16928,5568,59,3,11729,20
16929,5568,105,1,5388,0
16930,5569,19,2,8855,15
16931,5569,54,1,23925,5
16932,5569,76,2,21281,5
16933,5569,110,1,1902,0
16934,5569,12,1,8038,15
16935,5570,49,2,5982,10
16936,5570,57,3,43577,15
16937,5570,81,2,1827,5
16938,5570,11,1,12063,5
16939,5571,132,3,29436,0
16940,5571,16,1,11167,10
16941,5571,121,1,31449,15
16942,5571,56,3,39996,10
16943,5571,80,3,25826,0
16944,5572,100,3,10475,15
16945,5572,66,1,14182,0
16946,5572,81,2,1827,5
16947,5572,37,3,13473,0
16948,5573,85,3,96244,20
16949,5573,105,3,5388,15
16950,5573,94,3,24419,0
16951,5573,48,2,4231,0
16952,5574,72,3,56852,5
16953,5575,91,2,4612,0
16954,5575,1,2,22303,0
16955,5575,13,2,6575,0
16956,5575,128,2,8256,5
16957,5575,46,2,24848,20
16958,5576,71,2,6424,15
16959,5576,22,1,7737,0
16960,5576,99,3,10798,5
16961,5577,87,3,6253,0
16962,5577,146,3,2879,20
16963,5578,87,2,6253,15
16964,5578,24,2,22479,5
16965,5578,144,1,6276,15
16966,5578,79,1,7718,20
16967,5579,149,3,21714,20
16968,5579,138,3,5435,0
16969,5579,70,1,23703,15
16970,5579,144,2,6276,0
16971,5579,131,2,18705,20
16972,5580,38,1,61947,0
16973,5580,136,2,18015,0
16974,5580,3,3,4862,20
16975,5580,143,3,3379,0
16976,5580,44,3,35472,0
16977,5581,8,1,7533,10
16978,5581,78,2,25106,10
16979,5581,44,1,35472,0
16980,5581,112,1,8812,0
16981,5581,148,2,23262,5
16982,5582,88,1,2914,0
16983,5582,11,1,12063,15
16984,5582,119,1,5947,0
16985,5582,20,2,12448,10
16986,5582,104,3,1014,15
16987,5583,106,2,8943,10
16988,5583,116,3,49805,5
16989,5584,143,2,3379,0
16990,5584,77,2,16368,0
16991,5585,99,1,10798,0
16992,5585,125,3,106692,0
16993,5585,19,3,8855,15
16994,5585,23,2,12370,15
16995,5585,120,3,22987,0
16996,5586,20,1,12448,20
16997,5586,146,1,2879,0
16998,5586,58,1,5881,20
16999,5587,28,1,5795,0
17000,5587,96,1,31762,5
17001,5587,106,1,8943,5
17002,5588,78,1,25106,0
17003,5588,16,2,11167,10
17004,5588,116,3,49805,15
17005,5588,77,2,16368,0
17006,5589,131,3,18705,0
17007,5589,38,1,61947,10
17008,5590,129,3,22197,15
17009,5590,44,1,35472,20
17010,5590,73,1,4391,0
17011,5591,59,1,11729,5
17012,5592,97,1,31743,10
17013,5592,149,3,21714,0
17014,5592,50,3,76133,5
17015,5593,92,2,1168,15
17016,5593,118,2,2198,5
17017,5593,37,3,13473,0
17018,5593,49,2,5982,0
17019,5594,51,1,17314,0
17020,5595,41,1,62050,5
17021,5595,28,1,5795,10
17022,5595,58,2,5881,20
17023,5595,119,3,5947,10
17024,5596,83,2,4219,15
17025,5596,94,2,24419,5
17026,5597,28,3,5795,0
17027,5598,107,3,2852,10
17028,5598,56,2,39996,0
17029,5599,125,3,106692,0
17030,5599,134,3,3277,0
17031,5599,21,2,22149,10
17032,5600,124,1,802,20
17033,5600,83,1,4219,5
17034,5600,23,2,12370,20
17035,5600,138,1,5435,0
17036,5600,76,1,21281,0
17037,5601,109,2,7325,20
17038,5601,132,2,29436,0
17039,5601,51,1,17314,10
17040,5601,17,2,22827,0
17041,5602,21,3,22149,15
17042,5602,127,3,7024,0
17043,5602,69,2,1763,15
17044,5602,59,1,11729,0
17045,5603,71,1,6424,15
17046,5603,133,2,7704,20
17047,5603,15,3,4792,10
17048,5604,112,1,8812,20
17049,5604,36,2,6799,15
17050,5605,123,2,5135,0
17051,5606,148,1,23262,15
17052,5606,48,3,4231,5
17053,5606,111,3,5235,5
17054,5606,66,1,14182,0
17055,5606,34,2,19613,0
17056,5607,20,2,12448,0
17057,5607,112,1,8812,20
17058,5607,137,3,98300,0
17059,5607,41,1,62050,5
17060,5607,3,2,4862,0
17061,5608,131,3,18705,15
17062,5608,145,2,2749,0
17063,5609,136,1,18015,15
17064,5609,22,2,7737,0
17065,5609,73,1,4391,15
17066,5610,117,2,16602,5
17067,5611,127,2,7024,15
17068,5611,90,3,2547,15
17069,5611,51,1,17314,0
17070,5611,73,3,4391,15
17071,5611,11,2,12063,0
17072,5612,142,3,7481,5
17073,5612,18,1,69910,20
17074,5613,16,2,11167,10
17075,5613,57,3,43577,5
17076,5613,54,2,23925,0
17077,5614,149,3,21714,10
17078,5614,76,2,21281,5
17079,5614,91,3,4612,20
17080,5614,74,3,5168,0
17081,5614,9,1,10988,10
17082,5615,110,3,1902,5
17083,5616,101,3,104734,10
17084,5616,103,3,5734,20
17085,5616,67,1,1118,10
17086,5617,128,1,8256,10
17087,5617,135,2,4575,0
17088,5617,124,3,802,20
17089,5617,132,3,29436,0
17090,5617,64,1,11154,5
17091,5618,24,2,22479,15
17092,5618,15,1,4792,0
17093,5618,70,3,23703,0
17094,5618,116,1,49805,0
17095,5618,63,2,32668,5
17096,5619,49,3,5982,15
17097,5619,145,2,2749,15
17098,5620,69,3,1763,0
17099,5621,137,1,98300,0
17100,5621,16,3,11167,0
17101,5621,48,1,4231,0
17102,5622,19,1,8855,10
17103,5622,42,3,12253,20
17104,5622,83,2,4219,15
17105,5622,17,1,22827,0
17106,5623,128,1,8256,10
17107,5623,40,1,8292,0
17108,5623,131,2,18705,15
17109,5624,68,2,21251,15
17110,5624,92,1,1168,15
17111,5625,137,3,98300,0
17112,5625,27,3,5124,10
17113,5625,86,2,5085,15
17114,5625,70,1,23703,0
17115,5626,50,3,76133,15
17116,5626,62,2,12613,15
17117,5627,21,2,22149,0
17118,5627,120,1,22987,0
17119,5627,51,3,17314,5
17120,5627,38,2,61947,15
17121,5628,4,1,9654,15
17122,5629,104,3,1014,5
17123,5629,97,1,31743,5
17124,5629,51,1,17314,0
17125,5629,92,2,1168,20
17126,5630,8,2,7533,0
17127,5630,92,1,1168,15
17128,5631,143,1,3379,0
17129,5631,20,2,12448,15
17130,5631,78,2,25106,15
17131,5631,65,3,4314,0
17132,5631,124,2,802,0
17133,5632,84,2,13163,20
17134,5632,16,1,11167,0
17135,5632,125,1,106692,5
17136,5632,124,3,802,0
17137,5633,138,3,5435,0
17138,5634,136,1,18015,0
17139,5634,73,2,4391,0
17140,5634,35,3,3958,20
17141,5634,116,3,49805,0
17142,5635,44,2,35472,20
17143,5635,127,3,7024,0
17144,5635,40,3,8292,15
17145,5635,148,3,23262,20
17146,5636,50,1,76133,5
17147,5636,64,2,11154,0
17148,5636,138,3,5435,0
17149,5636,11,2,12063,0
17150,5637,75,2,15710,5
17151,5637,20,1,12448,0
17152,5637,140,3,13494,15
17153,5637,34,3,19613,10
17154,5638,40,1,8292,15
17155,5638,140,3,13494,0
17156,5639,80,1,25826,15
17157,5639,132,1,29436,10
17158,5640,92,1,1168,5
17159,5640,19,2,8855,5
17160,5640,118,1,2198,0
17161,5640,100,3,10475,20
17162,5641,147,3,7155,5
17163,5641,64,3,11154,0
17164,5642,57,1,43577,0
17165,5642,101,2,104734,5
17166,5643,140,1,13494,15
17167,5643,50,1,76133,0
17168,5643,132,3,29436,10
17169,5643,15,3,4792,0
17170,5643,65,1,4314,5
17171,5644,99,2,10798,20
17172,5644,122,3,5675,0
17173,5644,107,3,2852,20
17174,5645,137,1,98300,5
17175,5645,74,2,5168,0
17176,5645,141,3,20886,0
17177,5646,23,3,12370,0
17178,5647,131,1,18705,5
17179,5647,104,1,1014,15
17180,5647,55,1,11943,10
17181,5648,124,3,802,20
17182,5648,30,1,64462,5
17183,5648,112,1,8812,0
17184,5648,84,3,13163,5
17185,5648,15,2,4792,0
17186,5649,117,3,16602,0
17187,5650,80,1,25826,0
17188,5650,44,2,35472,15
17189,5650,126,2,44365,0
17190,5651,24,2,22479,10
17191,5652,97,3,31743,5
17192,5652,103,3,5734,0
17193,5653,92,2,1168,0
17194,5653,90,1,2547,0
17195,5653,142,1,7481,0
17196,5653,108,2,83584,0
17197,5654,112,2,8812,15
17198,5655,28,2,5795,0
17199,5655,51,1,17314,10
17200,5656,7,3,1137,5
17201,5657,31,2,18801,0
17202,5657,4,1,9654,10
17203,5657,135,1,4575,20
17204,5657,142,2,7481,0
17205,5658,12,1,8038,0
17206,5658,8,1,7533,0
17207,5658,73,2,4391,15
17208,5658,131,1,18705,0
17209,5658,50,3,76133,0
17210,5659,50,1,76133,0
17211,5660,147,2,7155,10
17212,5661,50,1,76133,0
17213,5661,71,2,6424,0
17214,5661,39,3,11179,0
17215,5662,47,1,26189,15
17216,5662,23,2,12370,0
17217,5663,58,2,5881,15
17218,5664,4,2,9654,15
17219,5664,69,1,1763,0
17220,5664,131,3,18705,15
17221,5664,71,3,6424,10
17222,5664,80,1,25826,0
17223,5665,132,2,29436,0
17224,5665,115,1,3558,0
17225,5665,103,2,5734,15
17226,5665,131,3,18705,0
17227,5665,143,3,3379,0
17228,5666,12,3,8038,0
17229,5666,19,1,8855,0
17230,5666,20,3,12448,5
17231,5666,137,1,98300,0
17232,5667,6,1,2386,15
17233,5667,84,2,13163,0
17234,5667,17,1,22827,5
17235,5667,59,1,11729,20
17236,5668,64,1,11154,0
17237,5668,111,1,5235,0
17238,5668,46,3,24848,15
17239,5668,93,1,44770,20
17240,5669,108,2,83584,0
17241,5669,36,3,6799,10
17242,5670,5,3,12605,15
17243,5671,64,1,11154,10
17244,5671,71,3,6424,5
17245,5672,74,2,5168,0
17246,5672,94,1,24419,0
17247,5672,142,1,7481,0
17248,5672,25,3,21576,0
17249,5673,147,3,7155,0
17250,5673,78,1,25106,0
17251,5674,14,2,34891,15
17252,5675,53,3,6141,0
17253,5675,1,3,22303,5
17254,5676,14,3,34891,0
17255,5676,6,2,2386,0
17256,5677,44,1,35472,10
17257,5677,60,2,87675,0
17258,5677,31,2,18801,0
17259,5677,72,2,56852,20
17260,5678,36,1,6799,0
17261,5678,132,3,29436,10
17262,5678,111,2,5235,5
17263,5678,64,1,11154,20
17264,5679,104,3,1014,0
17265,5679,132,1,29436,10
17266,5679,70,1,23703,0
17267,5679,148,1,23262,20
17268,5680,83,1,4219,0
17269,5680,18,1,69910,10
17270,5680,67,3,1118,10
17271,5680,19,2,8855,15
17272,5680,80,3,25826,0
17273,5681,28,3,5795,0
17274,5681,139,1,36748,20
17275,5681,69,3,1763,15
17276,5681,50,3,76133,10
17277,5682,49,3,5982,10
17278,5683,25,3,21576,20
17279,5683,109,3,7325,0
17280,5683,72,3,56852,0
17281,5684,130,3,3932,5
17282,5684,9,1,10988,0
17283,5684,51,3,17314,0
17284,5684,37,3,13473,0
17285,5684,32,3,34048,15
17286,5685,96,1,31762,0
17287,5685,71,3,6424,20
17288,5686,19,3,8855,15
17289,5686,62,2,12613,20
17290,5686,91,1,4612,0
17291,5686,105,2,5388,15
17292,5686,55,2,11943,5
17293,5687,133,1,7704,0
17294,5687,123,3,5135,0
17295,5687,35,1,3958,5
17296,5688,50,2,76133,5
17297,5688,127,1,7024,5
17298,5688,12,1,8038,0
17299,5688,94,1,24419,5
17300,5688,71,1,6424,5
17301,5689,116,3,49805,15
17302,5690,104,1,1014,15
17303,5690,8,3,7533,5
17304,5691,7,2,1137,0
17305,5692,95,2,5785,10
17306,5692,138,3,5435,20
17307,5693,80,2,25826,0
17308,5693,146,3,2879,0
17309,5693,83,1,4219,0
17310,5693,105,3,5388,0
17311,5693,88,1,2914,10
17312,5694,49,1,5982,15
17313,5694,32,1,34048,10
17314,5694,129,2,22197,5
17315,5694,43,2,69132,10
17316,5694,84,1,13163,0
17317,5695,111,1,5235,5
17318,5695,99,3,10798,5
17319,5695,78,3,25106,15
17320,5695,107,3,2852,0
17321,5696,131,3,18705,15
17322,5696,36,2,6799,0
17323,5696,76,2,21281,0
17324,5696,140,1,13494,5
17325,5696,31,3,18801,10
17326,5697,121,3,31449,10
17327,5697,57,1,43577,0
17328,5697,45,2,4793,0
17329,5697,104,2,1014,15
17330,5698,37,1,13473,20
17331,5698,13,3,6575,0
17332,5698,48,2,4231,0
17333,5698,145,3,2749,10
17334,5699,24,2,22479,0
17335,5699,66,3,14182,15
17336,5699,39,1,11179,15
17337,5700,73,1,4391,0
17338,5701,68,1,21251,0
17339,5702,142,3,7481,5
17340,5703,21,3,22149,20
17341,5703,96,3,31762,20
17342,5703,81,1,1827,15
17343,5704,67,2,1118,0
17344,5704,94,2,24419,5
17345,5704,37,3,13473,15
17346,5704,121,3,31449,0
17347,5704,17,2,22827,10
17348,5705,29,2,5679,0
17349,5705,134,1,3277,0
17350,5705,13,2,6575,0
17351,5705,64,2,11154,15
17352,5705,36,2,6799,10
17353,5706,11,2,12063,0
17354,5707,7,2,1137,0
17355,5707,26,1,19472,10
17356,5707,43,3,69132,10
17357,5707,128,2,8256,0
17358,5707,32,1,34048,5
17359,5708,93,1,44770,0
17360,5709,141,3,20886,5
17361,5709,112,3,8812,20
17362,5709,49,1,5982,0
17363,5709,92,2,1168,0
17364,5710,90,2,2547,10
17365,5710,5,2,12605,0
17366,5710,76,3,21281,5
17367,5710,86,1,5085,10
17368,5711,46,1,24848,20
17369,5711,19,3,8855,0
17370,5711,143,3,3379,5
17371,5711,128,1,8256,0
17372,5711,21,2,22149,0
17373,5712,133,2,7704,15
17374,5712,15,2,4792,0
17375,5713,6,1,2386,0
17376,5713,75,3,15710,0
17377,5713,129,1,22197,20
17378,5713,24,2,22479,10
17379,5713,5,3,12605,0
17380,5714,44,3,35472,5
17381,5715,2,3,4027,20
17382,5715,56,2,39996,5
17383,5715,8,2,7533,5
17384,5716,106,1,8943,0
17385,5716,6,2,2386,0
17386,5717,136,3,18015,0
17387,5718,66,3,14182,10
17388,5719,93,1,44770,5
17389,5719,91,1,4612,5
17390,5720,134,2,3277,10
17391,5721,15,1,4792,5
17392,5722,109,3,7325,0
17393,5722,34,3,19613,5
17394,5722,69,3,1763,5
17395,5722,2,1,4027,20
17396,5723,40,1,8292,10
17397,5723,29,1,5679,0
17398,5723,16,2,11167,10
17399,5723,49,3,5982,10
17400,5723,15,3,4792,0
17401,5724,138,3,5435,0
17402,5724,75,3,15710,5
17403,5724,126,2,44365,5
17404,5724,52,3,10374,0
17405,5724,141,3,20886,5
17406,5725,141,1,20886,15
17407,5725,42,1,12253,10
17408,5726,87,2,6253,15
17409,5726,135,1,4575,0
17410,5726,37,3,13473,0
17411,5727,110,3,1902,5
17412,5728,147,1,7155,20
17413,5728,137,1,98300,10
17414,5728,128,3,8256,0
17415,5728,34,3,19613,0
17416,5729,57,3,43577,10
17417,5729,36,3,6799,5
17418,5729,89,2,32102,5
17419,5729,117,2,16602,10
17420,5730,134,2,3277,0
17421,5731,69,1,1763,10
17422,5732,2,3,4027,10
17423,5732,3,1,4862,0
17424,5732,96,3,31762,0
17425,5733,88,2,2914,0
17426,5733,107,3,2852,5
17427,5733,19,3,8855,0
17428,5734,50,2,76133,15
17429,5734,95,3,5785,10
17430,5735,41,3,62050,0
17431,5735,70,3,23703,5
17432,5735,110,1,1902,0
17433,5736,19,3,8855,0
17434,5737,78,2,25106,5
17435,5737,64,3,11154,0
17436,5737,50,1,76133,0
17437,5737,75,3,15710,0
17438,5737,82,2,20813,10
17439,5738,89,1,32102,0
17440,5738,39,1,11179,5
17441,5738,59,1,11729,10
17442,5738,136,2,18015,10
17443,5739,60,1,87675,0
17444,5739,90,3,2547,20
17445,5739,9,3,10988,0
17446,5739,21,2,22149,0
17447,5740,39,1,11179,0
17448,5740,41,3,62050,0
17449,5740,75,3,15710,10
17450,5740,56,3,39996,0
17451,5740,5,2,12605,5
17452,5741,2,1,4027,0
17453,5741,147,3,7155,5
17454,5741,95,1,5785,20
17455,5741,94,2,24419,20
17456,5742,96,2,31762,10
17457,5742,85,1,96244,5
17458,5743,136,2,18015,0
17459,5743,55,1,11943,0
17460,5743,129,2,22197,15
17461,5743,52,1,10374,5
17462,5744,81,3,1827,20
17463,5744,74,1,5168,0
17464,5744,147,1,7155,10
17465,5744,134,1,3277,10
17466,5744,144,2,6276,0
17467,5745,140,1,13494,0
17468,5745,124,2,802,0
17469,5745,138,1,5435,0
17470,5746,66,2,14182,15
17471,5746,92,1,1168,0
17472,5746,81,3,1827,15
17473,5746,12,2,8038,20
17474,5747,147,1,7155,10
17475,5747,96,3,31762,0
17476,5747,17,1,22827,5
17477,5747,112,1,8812,10
17478,5748,36,3,6799,15
17479,5749,55,1,11943,20
17480,5750,46,1,24848,10
17481,5750,85,1,96244,5
17482,5750,8,2,7533,10
17483,5751,127,2,7024,0
17484,5751,9,1,10988,0
17485,5751,3,1,4862,0
17486,5752,147,1,7155,20
17487,5752,11,3,12063,20
17488,5752,48,1,4231,5
17489,5753,126,3,44365,20
17490,5754,103,3,5734,20
17491,5754,86,3,5085,0
17492,5754,35,1,3958,15
17493,5754,128,1,8256,0
17494,5754,55,3,11943,20
17495,5755,139,3,36748,10
17496,5756,78,2,25106,0
17497,5756,69,1,1763,5
17498,5757,8,3,7533,5
17499,5757,146,3,2879,0
17500,5757,76,1,21281,0
17501,5758,78,3,25106,0
17502,5758,65,3,4314,15
17503,5758,66,2,14182,0
17504,5758,31,2,18801,0
17505,5759,84,3,13163,20
17506,5759,36,2,6799,0
17507,5759,134,2,3277,0
17508,5759,89,2,32102,0
17509,5759,136,3,18015,0
17510,5760,14,3,34891,0
17511,5760,112,1,8812,0
17512,5761,30,2,64462,10
17513,5761,55,2,11943,10
17514,5762,101,1,104734,0
17515,5762,23,3,12370,0
17516,5763,13,2,6575,0
17517,5763,35,1,3958,0
17518,5763,100,3,10475,20
17519,5764,78,2,25106,0
17520,5764,135,1,4575,0
17521,5764,133,2,7704,5
17522,5764,5,1,12605,0
17523,5765,30,3,64462,0
17524,5765,108,3,83584,0
17525,5766,4,2,9654,0
17526,5766,68,2,21251,15
17527,5766,86,2,5085,10
17528,5766,71,3,6424,20
17529,5766,14,1,34891,10
17530,5767,20,1,12448,20
17531,5767,29,1,5679,5
17532,5767,143,2,3379,10
17533,5767,121,3,31449,10
17534,5768,51,1,17314,0
17535,5769,31,1,18801,0
17536,5769,111,3,5235,20
17537,5770,8,2,7533,0
17538,5770,123,2,5135,10
17539,5770,119,3,5947,10
17540,5771,127,1,7024,0
17541,5771,133,3,7704,10
17542,5771,96,1,31762,5
17543,5771,32,3,34048,0
17544,5771,82,1,20813,0
17545,5772,111,1,5235,0
17546,5772,4,2,9654,0
17547,5773,77,1,16368,15
17548,5774,87,3,6253,0
17549,5774,59,1,11729,0
17550,5775,3,1,4862,15
17551,5775,7,2,1137,10
17552,5775,66,1,14182,15
17553,5775,88,1,2914,0
17554,5776,95,3,5785,5
17555,5777,96,3,31762,20
17556,5778,64,2,11154,0
17557,5778,136,3,18015,0
17558,5779,21,1,22149,20
17559,5779,136,3,18015,0
17560,5779,16,3,11167,5
17561,5779,51,3,17314,20
17562,5780,79,2,7718,0
17563,5780,134,2,3277,20
17564,5780,95,3,5785,5
17565,5781,20,3,12448,0
17566,5781,148,3,23262,0
17567,5781,19,3,8855,0
17568,5781,44,2,35472,5
17569,5781,137,3,98300,0
17570,5782,31,2,18801,10
17571,5782,124,2,802,15
17572,5782,90,3,2547,5
17573,5782,109,2,7325,5
17574,5783,70,2,23703,20
17575,5783,83,2,4219,0
17576,5783,29,2,5679,0
17577,5784,50,1,76133,10
17578,5784,79,1,7718,10
17579,5784,144,1,6276,20
17580,5784,21,1,22149,0
17581,5784,58,3,5881,15
17582,5785,51,2,17314,0
17583,5785,87,2,6253,0
17584,5785,45,3,4793,15
17585,5785,105,2,5388,20
17586,5786,100,1,10475,15
17587,5786,39,2,11179,0
17588,5786,135,2,4575,0
17589,5786,83,2,4219,0
17590,5787,48,3,4231,0
17591,5787,116,2,49805,0
17592,5787,85,3,96244,10
17593,5787,27,1,5124,5
17594,5787,42,1,12253,0
17595,5788,34,3,19613,10
17596,5788,19,1,8855,15
17597,5788,58,1,5881,20
17598,5789,149,2,21714,15
17599,5789,69,1,1763,0
17600,5789,41,3,62050,20
17601,5790,88,3,2914,0
17602,5791,93,2,44770,0
17603,5791,133,3,7704,5
17604,5791,7,1,1137,15
17605,5791,54,3,23925,0
17606,5792,40,3,8292,0
17607,5792,120,3,22987,5
17608,5792,72,1,56852,0
17609,5792,141,2,20886,15
17610,5793,44,3,35472,20
17611,5793,138,2,5435,10
17612,5793,68,2,21251,0
17613,5794,108,3,83584,10
17614,5794,41,1,62050,20
17615,5794,123,3,5135,0
17616,5794,76,1,21281,10
17617,5794,44,1,35472,5
17618,5795,27,2,5124,0
17619,5796,62,1,12613,0
17620,5796,129,1,22197,0
17621,5796,80,3,25826,15
17622,5796,138,2,5435,15
17623,5797,16,1,11167,5
17624,5797,22,1,7737,10
17625,5797,112,2,8812,10
17626,5797,62,1,12613,0
17627,5798,119,3,5947,5
17628,5798,133,2,7704,20
17629,5798,69,1,1763,5
17630,5798,18,2,69910,10
17631,5799,72,2,56852,0
17632,5799,37,2,13473,15
17633,5799,77,3,16368,15
17634,5800,116,2,49805,0
17635,5800,78,1,25106,5
17636,5800,84,2,13163,5
17637,5800,29,2,5679,0
17638,5800,47,1,26189,0
17639,5801,146,1,2879,0
17640,5801,57,2,43577,10
17641,5801,49,1,5982,10
17642,5801,24,2,22479,10
17643,5802,87,2,6253,15
17644,5802,142,3,7481,10
17645,5802,91,2,4612,5
17646,5803,49,2,5982,0
17647,5803,119,1,5947,0
17648,5803,64,3,11154,0
17649,5803,81,3,1827,20
17650,5803,48,3,4231,15
17651,5804,23,1,12370,5
17652,5804,56,1,39996,0
17653,5804,106,3,8943,20
17654,5805,3,3,4862,10
17655,5805,148,2,23262,0
17656,5805,73,1,4391,5
17657,5806,46,1,24848,20
17658,5807,65,1,4314,0
17659,5807,50,2,76133,0
17660,5808,92,1,1168,0
17661,5808,42,3,12253,0
17662,5808,128,1,8256,15
17663,5808,76,2,21281,0
17664,5808,146,1,2879,0
17665,5809,64,2,11154,0
17666,5809,57,2,43577,0
17667,5809,140,3,13494,0
17668,5809,82,2,20813,15
17669,5810,52,3,10374,5
17670,5811,78,1,25106,0
17671,5812,140,1,13494,20
17672,5812,56,2,39996,5
17673,5812,54,1,23925,5
17674,5813,73,1,4391,5
17675,5813,6,3,2386,5
17676,5813,141,1,20886,10
17677,5813,123,1,5135,10
17678,5813,126,1,44365,5
17679,5814,101,3,104734,5
17680,5814,69,3,1763,10
17681,5814,15,1,4792,5
17682,5815,41,1,62050,0
17683,5815,73,2,4391,0
17684,5815,97,1,31743,15
17685,5816,14,3,34891,10
17686,5816,142,3,7481,0
17687,5816,46,1,24848,0
17688,5816,87,3,6253,0
17689,5816,68,3,21251,0
17690,5817,51,3,17314,0
17691,5817,67,3,1118,5
17692,5818,13,3,6575,15
17693,5818,27,1,5124,15
17694,5818,127,2,7024,0
17695,5818,7,1,1137,5
17696,5818,101,1,104734,15
17697,5819,141,3,20886,0
17698,5819,110,2,1902,0
17699,5819,90,2,2547,0
17700,5819,18,3,69910,5
17701,5819,70,3,23703,15
17702,5820,12,3,8038,0
17703,5821,3,2,4862,20
17704,5821,79,1,7718,10
17705,5821,134,3,3277,0
17706,5822,4,3,9654,5
17707,5823,119,2,5947,0
17708,5823,140,3,13494,15
17709,5823,93,1,44770,0
17710,5823,103,2,5734,10
17711,5824,82,1,20813,0
17712,5824,110,1,1902,0
17713,5824,147,1,7155,15
17714,5825,135,3,4575,0
17715,5826,58,2,5881,15
17716,5826,63,1,32668,20
17717,5827,6,1,2386,5
17718,5827,65,3,4314,20
17719,5827,126,2,44365,10
17720,5827,91,2,4612,5
17721,5828,28,3,5795,0
17722,5828,51,1,17314,0
17723,5828,71,2,6424,5
17724,5828,103,2,5734,20
17725,5828,149,1,21714,5
17726,5829,41,2,62050,5
17727,5829,90,2,2547,10
17728,5829,32,1,34048,20
17729,5829,47,2,26189,20
17730,5830,62,1,12613,10
17731,5830,139,2,36748,0
17732,5830,29,2,5679,0
17733,5830,142,1,7481,20
17734,5831,15,3,4792,15
17735,5831,16,2,11167,10
17736,5831,132,1,29436,0
17737,5831,148,1,23262,5
17738,5832,37,1,13473,0
17739,5832,9,2,10988,10
17740,5832,124,2,802,0
17741,5832,93,2,44770,10
17742,5832,20,2,12448,15
17743,5833,44,1,35472,0
17744,5833,70,2,23703,0
17745,5834,56,2,39996,15
17746,5834,18,2,69910,5
17747,5834,39,2,11179,0
17748,5835,122,1,5675,20
17749,5835,148,2,23262,0
17750,5836,115,2,3558,15
17751,5836,14,1,34891,0
17752,5837,13,2,6575,5
17753,5838,31,1,18801,20
17754,5838,137,1,98300,5
17755,5838,46,2,24848,0
17756,5838,62,2,12613,0
17757,5839,89,2,32102,20
17758,5839,82,1,20813,15
17759,5839,25,3,21576,0
17760,5839,77,1,16368,0
17761,5840,58,2,5881,20
17762,5840,46,2,24848,0
17763,5841,134,3,3277,0
17764,5841,23,2,12370,15
17765,5842,123,3,5135,0
17766,5842,125,3,106692,5
17767,5842,146,3,2879,15
17768,5843,60,3,87675,15
17769,5843,58,3,5881,10
17770,5843,119,3,5947,0
17771,5843,59,2,11729,0
17772,5843,81,1,1827,0
17773,5844,81,3,1827,0
17774,5845,62,2,12613,0
17775,5845,66,3,14182,15
17776,5845,20,2,12448,10
17777,5845,57,1,43577,0
17778,5845,142,2,7481,15
17779,5846,13,2,6575,0
17780,5847,2,1,4027,15
17781,5848,7,3,1137,5
17782,5848,62,1,12613,0
17783,5848,127,1,7024,10
17784,5849,136,1,18015,0
17785,5849,22,3,7737,10
17786,5850,101,1,104734,20
17787,5851,112,2,8812,15
17788,5852,99,1,10798,0
17789,5852,134,3,3277,0
17790,5852,88,2,2914,0
17791,5852,104,1,1014,0
17792,5852,142,1,7481,20
17793,5853,63,1,32668,0
17794,5853,37,3,13473,10
17795,5853,140,2,13494,0
17796,5853,42,2,12253,15
17797,5853,43,2,69132,20
17798,5854,121,3,31449,0
17799,5854,28,2,5795,0
17800,5854,63,1,32668,5
17801,5855,68,1,21251,5
17802,5855,3,2,4862,10
17803,5856,77,3,16368,0
17804,5856,3,3,4862,15
17805,5856,118,3,2198,5
17806,5857,131,3,18705,0
17807,5857,135,1,4575,0
17808,5858,87,2,6253,0
17809,5858,89,2,32102,10
17810,5858,119,1,5947,0
17811,5858,78,1,25106,0
17812,5859,64,1,11154,10
17813,5860,104,2,1014,0
17814,5860,73,2,4391,5
17815,5861,84,3,13163,0
17816,5861,148,1,23262,5
17817,5861,15,2,4792,20
17818,5861,77,2,16368,0
17819,5862,41,1,62050,10
17820,5862,63,3,32668,0
17821,5862,14,2,34891,10
17822,5862,4,3,9654,0
17823,5863,129,2,22197,20
17824,5864,53,3,6141,5
17825,5865,1,2,22303,5
17826,5866,60,3,87675,5
17827,5867,37,2,13473,10
17828,5867,42,2,12253,20
17829,5867,31,3,18801,10
17830,5868,63,3,32668,5
17831,5868,79,1,7718,20
17832,5868,136,2,18015,5
17833,5868,85,1,96244,0
17834,5869,125,1,106692,0
17835,5869,77,2,16368,0
17836,5869,148,3,23262,0
17837,5870,125,1,106692,0
17838,5870,96,2,31762,5
17839,5870,18,1,69910,5
17840,5871,40,1,8292,20
17841,5872,121,3,31449,20
17842,5873,41,2,62050,15
17843,5873,37,1,13473,10
17844,5874,43,1,69132,0
17845,5874,48,1,4231,15
17846,5875,77,3,16368,15
17847,5875,39,3,11179,10
17848,5875,106,3,8943,20
17849,5876,41,3,62050,0
17850,5876,56,3,39996,10
17851,5876,83,3,4219,20
17852,5877,131,2,18705,5
17853,5877,39,1,11179,0
17854,5877,120,1,22987,15
17855,5877,138,3,5435,0
17856,5878,106,1,8943,15
17857,5878,128,3,8256,15
17858,5878,63,3,32668,0
17859,5879,141,1,20886,20
17860,5880,77,2,16368,0
17861,5880,130,3,3932,10
17862,5880,72,1,56852,20
17863,5880,65,2,4314,20
17864,5881,17,3,22827,5
17865,5881,39,2,11179,0
17866,5881,26,3,19472,10
17867,5882,129,2,22197,20
17868,5883,81,1,1827,0
17869,5883,3,1,4862,0
17870,5883,60,1,87675,0
17871,5884,122,1,5675,0
17872,5884,49,3,5982,5
17873,5884,3,3,4862,20
17874,5884,87,2,6253,20
17875,5884,111,1,5235,0
17876,5885,67,2,1118,20
17877,5885,112,1,8812,0
17878,5885,126,2,44365,15
17879,5885,14,1,34891,0
17880,5886,44,3,35472,0
17881,5886,57,1,43577,0
17882,5887,85,3,96244,20
17883,5887,56,2,39996,5
17884,5887,118,1,2198,20
17885,5888,22,1,7737,10
17886,5888,107,1,2852,0
17887,5889,132,2,29436,15
17888,5889,39,3,11179,20
17889,5890,103,1,5734,0
17890,5890,15,1,4792,0
17891,5890,125,3,106692,0
17892,5890,51,3,17314,5
17893,5890,22,1,7737,15
17894,5891,91,2,4612,15
17895,5891,144,3,6276,0
17896,5892,46,1,24848,15
17897,5892,62,2,12613,15
17898,5892,100,3,10475,0
17899,5892,64,1,11154,15
17900,5892,73,1,4391,0
17901,5893,71,3,6424,0
17902,5893,142,2,7481,15
17903,5893,110,2,1902,20
17904,5893,34,3,19613,10
17905,5894,108,1,83584,20
17906,5894,72,3,56852,10
17907,5894,46,3,24848,10
17908,5894,141,3,20886,5
17909,5894,118,3,2198,0
17910,5895,52,2,10374,5
17911,5895,15,2,4792,20
17912,5895,9,1,10988,15
17913,5895,85,2,96244,10
17914,5895,83,2,4219,0
17915,5896,42,2,12253,0
17916,5896,90,1,2547,5
17917,5897,125,1,106692,0
17918,5897,50,2,76133,10
17919,5898,108,1,83584,5
17920,5898,62,2,12613,20
17921,5899,3,1,4862,5
17922,5899,56,2,39996,0
17923,5899,83,3,4219,15
17924,5900,58,1,5881,0
17925,5900,141,2,20886,20
17926,5900,101,1,104734,0
17927,5900,80,1,25826,0
17928,5901,115,1,3558,15
17929,5901,51,3,17314,0
17930,5901,97,1,31743,0
17931,5901,72,2,56852,10
17932,5901,67,2,1118,0
17933,5902,137,2,98300,20
17934,5903,148,1,23262,15
17935,5903,44,2,35472,10
17936,5903,40,1,8292,0
17937,5903,18,1,69910,0
17938,5903,110,1,1902,15
17939,5904,79,2,7718,0
17940,5904,53,2,6141,0
17941,5904,143,1,3379,20
17942,5904,66,1,14182,0
17943,5905,30,1,64462,0
17944,5905,53,1,6141,5
17945,5906,34,2,19613,20
17946,5906,28,2,5795,10
17947,5907,100,2,10475,5
17948,5907,88,3,2914,0
17949,5907,18,1,69910,10
17950,5907,38,3,61947,0
17951,5907,137,2,98300,10
17952,5908,8,1,7533,5
17953,5908,79,2,7718,0
17954,5908,101,3,104734,0
17955,5908,54,3,23925,20
17956,5908,84,3,13163,0
17957,5909,69,3,1763,15
17958,5909,13,1,6575,20
17959,5909,84,1,13163,0
17960,5910,5,2,12605,20
17961,5910,106,2,8943,0
17962,5910,142,1,7481,15
17963,5911,48,2,4231,10
17964,5912,149,2,21714,20
17965,5912,97,3,31743,15
17966,5912,110,2,1902,10
17967,5913,30,1,64462,15
17968,5913,40,1,8292,0
17969,5913,130,3,3932,15
17970,5914,4,2,9654,5
17971,5914,86,3,5085,0
17972,5914,90,1,2547,0
17973,5914,82,2,20813,15
17974,5915,115,3,3558,0
17975,5915,21,1,22149,0
17976,5915,82,3,20813,15
17977,5915,84,3,13163,0
17978,5915,6,1,2386,20
17979,5916,23,3,12370,0
17980,5917,81,3,1827,0
17981,5918,9,2,10988,0
17982,5918,143,1,3379,10
17983,5918,29,2,5679,20
17984,5918,107,1,2852,5
17985,5918,60,1,87675,0
17986,5919,78,2,25106,10
17987,5919,134,1,3277,15
17988,5920,37,1,13473,0
17989,5920,41,3,62050,0
17990,5920,14,2,34891,0
17991,5920,99,1,10798,0
17992,5921,134,1,3277,0
17993,5921,118,3,2198,20
17994,5921,34,2,19613,5
17995,5921,48,1,4231,5
17996,5922,80,2,25826,5
17997,5922,63,2,32668,0
17998,5922,28,1,5795,5
17999,5922,51,1,17314,20
18000,5923,107,3,2852,15
18001,5923,45,1,4793,10
18002,5924,67,1,1118,0
18003,5924,124,1,802,20
18004,5924,36,2,6799,10
18005,5924,130,3,3932,5
18006,5924,94,1,24419,20
18007,5925,68,2,21251,15
18008,5925,129,3,22197,0
18009,5925,127,2,7024,10
18010,5925,149,2,21714,0
18011,5925,90,1,2547,10
18012,5926,80,2,25826,0
18013,5926,110,2,1902,10
18014,5926,49,2,5982,5
18015,5926,147,3,7155,0
18016,5927,2,3,4027,0
18017,5927,91,1,4612,5
18018,5927,99,2,10798,0
18019,5928,75,2,15710,10
18020,5929,48,2,4231,5
18021,5929,128,3,8256,0
18022,5929,64,2,11154,0
18023,5929,96,1,31762,10
18024,5930,76,2,21281,15
18025,5930,128,2,8256,20
18026,5930,22,2,7737,15
18027,5931,142,3,7481,0
18028,5931,106,1,8943,15
18029,5931,32,3,34048,5
18030,5932,97,1,31743,20
18031,5932,145,2,2749,15
18032,5933,118,2,2198,0
18033,5933,7,1,1137,0
18034,5933,67,3,1118,20
18035,5933,71,3,6424,5
18036,5934,42,3,12253,0
18037,5934,23,1,12370,0
18038,5934,39,1,11179,10
18039,5935,16,2,11167,0
18040,5935,146,1,2879,0
18041,5935,133,3,7704,5
18042,5935,94,1,24419,0
18043,5935,51,1,17314,5
18044,5936,69,2,1763,10
18045,5936,36,3,6799,5
18046,5936,8,3,7533,0
18047,5936,104,3,1014,0
18048,5936,41,1,62050,20
18049,5937,85,1,96244,0
18050,5937,41,1,62050,20
18051,5937,42,3,12253,0
18052,5938,92,2,1168,20
18053,5939,80,1,25826,0
18054,5939,110,3,1902,0
18055,5939,125,3,106692,0
18056,5940,21,1,22149,10
18057,5941,67,2,1118,0
18058,5941,96,3,31762,0
18059,5941,78,3,25106,15
18060,5941,126,3,44365,15
18061,5942,1,3,22303,20
18062,5942,116,1,49805,15
18063,5943,5,2,12605,20
18064,5943,50,1,76133,5
18065,5943,29,2,5679,0
18066,5943,130,1,3932,20
18067,5944,50,2,76133,0
18068,5944,96,2,31762,0
18069,5945,146,1,2879,10
18070,5946,16,1,11167,5
18071,5947,8,2,7533,0
18072,5947,122,1,5675,10
18073,5947,63,1,32668,5
18074,5947,73,3,4391,0
18075,5947,67,2,1118,15
18076,5948,132,1,29436,15
18077,5948,14,2,34891,10
18078,5948,51,3,17314,10
18079,5948,70,3,23703,0
18080,5948,84,3,13163,0
18081,5949,76,1,21281,0
18082,5949,56,2,39996,5
18083,5949,128,3,8256,15
18084,5949,78,3,25106,0
18085,5949,49,1,5982,0
18086,5950,53,1,6141,0
18087,5950,65,1,4314,15
18088,5951,139,2,36748,0
18089,5951,44,1,35472,0
18090,5951,37,2,13473,0
18091,5951,107,1,2852,10
18092,5952,105,3,5388,10
18093,5952,38,1,61947,0
18094,5952,122,2,5675,0
18095,5953,105,3,5388,10
18096,5953,12,1,8038,0
18097,5953,80,2,25826,0
18098,5954,16,1,11167,10
18099,5954,29,3,5679,5
18100,5954,128,3,8256,5
18101,5954,125,2,106692,0
18102,5954,24,1,22479,5
18103,5955,81,2,1827,5
18104,5955,23,1,12370,20
18105,5955,80,2,25826,20
18106,5955,9,1,10988,0
18107,5956,51,2,17314,0
18108,5957,41,1,62050,5
18109,5957,42,2,12253,10
18110,5957,28,2,5795,15
18111,5957,17,3,22827,20
18112,5957,147,2,7155,10
18113,5958,119,3,5947,20
18114,5958,117,1,16602,0
18115,5958,16,2,11167,20
18116,5958,62,3,12613,5
18117,5959,32,3,34048,5
18118,5959,88,1,2914,0
18119,5959,15,1,4792,0
18120,5959,19,2,8855,0
18121,5960,69,1,1763,15
18122,5961,6,2,2386,0
18123,5961,9,2,10988,0
18124,5961,137,3,98300,5
18125,5961,36,2,6799,5
18126,5962,70,1,23703,10
18127,5962,125,3,106692,20
18128,5962,119,3,5947,15
18129,5962,45,1,4793,15
18130,5963,4,2,9654,10
18131,5963,21,2,22149,10
18132,5964,87,1,6253,0
18133,5964,32,2,34048,20
18134,5964,28,3,5795,0
18135,5964,125,1,106692,0
18136,5965,30,1,64462,0
18137,5965,29,2,5679,5
18138,5966,25,2,21576,0
18139,5966,36,3,6799,10
18140,5966,112,3,8812,0
18141,5966,21,2,22149,10
18142,5966,92,1,1168,0
18143,5967,16,1,11167,0
18144,5968,30,2,64462,15
18145,5968,129,1,22197,0
18146,5969,130,2,3932,20
18147,5969,25,3,21576,5
18148,5969,53,3,6141,10
18149,5970,146,2,2879,0
18150,5970,17,3,22827,5
18151,5971,134,1,3277,0
18152,5971,28,1,5795,15
18153,5972,145,2,2749,20
18154,5973,43,1,69132,15
18155,5974,46,2,24848,0
18156,5974,26,3,19472,15
18157,5974,70,2,23703,0
18158,5974,93,1,44770,0
18159,5974,83,1,4219,0
18160,5975,52,2,10374,15
18161,5975,39,1,11179,15
18162,5975,74,3,5168,0
18163,5976,8,3,7533,15
18164,5976,148,1,23262,15
18165,5976,73,3,4391,15
18166,5977,57,3,43577,0
18167,5977,108,2,83584,0
18168,5978,58,2,5881,5
18169,5978,77,2,16368,20
18170,5978,57,3,43577,0
18171,5979,115,2,3558,0
18172,5979,26,2,19472,5
18173,5979,121,1,31449,20
18174,5980,26,1,19472,0
18175,5980,87,2,6253,0
18176,5980,24,2,22479,0
18177,5980,62,3,12613,5
18178,5981,62,1,12613,10
18179,5981,105,1,5388,0
18180,5982,127,3,7024,10
18181,5982,143,2,3379,0
18182,5983,125,1,106692,0
18183,5983,100,1,10475,20
18184,5983,93,1,44770,20
18185,5984,62,3,12613,0
18186,5984,45,1,4793,20
18187,5985,75,3,15710,0
18188,5985,29,3,5679,10
18189,5986,21,3,22149,10
18190,5986,28,1,5795,15
18191,5986,13,3,6575,10
18192,5987,60,1,87675,15
18193,5987,91,2,4612,20
18194,5987,107,1,2852,0
18195,5988,106,1,8943,5
18196,5988,3,3,4862,0
18197,5988,109,2,7325,5
18198,5988,145,3,2749,0
18199,5988,42,2,12253,0
18200,5989,147,2,7155,0
18201,5989,121,1,31449,5
18202,5989,108,2,83584,10
18203,5989,62,2,12613,0
18204,5989,32,3,34048,5
18205,5990,93,1,44770,10
18206,5991,80,2,25826,10
18207,5991,30,3,64462,0
18208,5991,118,1,2198,0
18209,5992,139,3,36748,0
18210,5992,18,3,69910,0
18211,5992,109,1,7325,0
18212,5992,66,1,14182,10
18213,5992,37,3,13473,0
18214,5993,27,2,5124,0
18215,5993,104,1,1014,0
18216,5993,39,2,11179,15
18217,5993,115,2,3558,0
18218,5993,143,2,3379,15
18219,5994,126,2,44365,5
18220,5995,13,3,6575,5
18221,5995,43,1,69132,20
18222,5995,142,3,7481,10
18223,5995,121,2,31449,15
18224,5996,12,2,8038,15
18225,5996,147,2,7155,0
18226,5997,5,1,12605,10
18227,5997,12,1,8038,10
18228,5997,67,2,1118,5
18229,5998,5,3,12605,5
18230,5998,139,2,36748,0
18231,5999,94,1,24419,5
18232,5999,110,3,1902,0
18233,6000,120,3,22987,10
18234,6000,41,2,62050,0
18235,6000,121,2,31449,20
18236,6000,66,2,14182,10
18237,6000,47,2,26189,0
